sensor_id,machine_id,value,unit,is_anomaly,threshold_exceeded,recorded_at
SN123,M023,6.6226,A,False,False,2024-08-01T23:19:09
SN030,M030,4.5786,mm/s,False,False,2024-11-22T13:32:27
SN057,M007,4.3929,A,False,False,2024-01-22T08:57:02
SN050,M050,2.5324,mm/s,False,False,2024-12-29T09:01:50
SN072,M022,0.9529,mm/s,False,False,2024-11-25T21:27:38
SN115,M015,10.9169,mm/s,False,False,2024-07-17T18:12:19
SN101,M001,39.3038,°C,False,False,2024-08-22T23:44:02
SN131,M031,43.1512,A,False,False,2024-05-20T05:22:06
SN102,M002,40.5557,A,False,False,2024-05-23T13:12:03
SN099,M049,38.6446,%,False,False,2024-05-16T10:51:58
SN079,M029,2491.7599,RPM,False,False,2024-02-04T00:28:42
SN056,M006,4.7759,bar,False,False,2024-06-10T09:45:49
SN114,M014,72.7716,%,False,False,2024-12-14T15:23:25
SN109,M009,47.1297,%,False,False,2024-11-20T11:31:54
SN023,M023,3.5775,bar,False,False,2024-12-02T21:55:36
SN135,M035,24.0165,°C,False,False,2024-08-17T09:31:34
SN097,M047,19.4494,A,False,False,2024-12-21T02:55:24
SN070,M020,1584.0695,RPM,False,False,2024-10-02T19:58:54
SN146,M046,28.9687,%,False,False,2024-03-13T05:42:19
SN098,M048,23.3028,A,False,False,2024-11-15T13:02:40
SN078,M028,39.9064,%,False,False,2024-08-05T04:52:38
SN119,M019,7.7254,bar,False,False,2024-02-29T19:36:26
SN068,M018,6.4447,bar,False,False,2024-09-04T05:10:37
SN121,M021,1897.8534,RPM,False,False,2024-04-21T17:27:22
SN107,M007,2584.3606,RPM,False,False,2024-09-07T09:50:22
SN063,M013,107.6297,%,True,True,2024-07-10T11:33:40
SN018,M018,17.1836,A,False,False,2024-07-05T14:27:11
SN145,M045,2.9402,mm/s,False,False,2024-09-23T09:10:15
SN122,M022,38.8683,A,False,False,2024-05-24T22:29:48
SN132,M032,50.0035,RPM,False,False,2024-04-10T19:03:42
SN042,M042,28.8778,°C,False,False,2024-06-28T01:14:28
SN035,M035,2.5122,A,False,False,2024-05-20T06:17:14
SN108,M008,10.8888,mm/s,False,False,2024-01-19T22:03:20
SN075,M025,61.851,%,False,False,2024-01-30T20:04:35
SN132,M032,1789.8854,RPM,False,False,2024-10-23T23:25:17
SN025,M025,476.3374,RPM,False,False,2024-05-05T06:54:49
SN081,M031,64.8653,%,False,False,2024-04-26T22:11:50
SN070,M020,1961.7879,RPM,False,False,2024-02-07T05:13:55
SN137,M037,39.1075,A,False,False,2024-01-06T00:12:53
SN036,M036,17.7182,A,False,False,2024-07-07T07:35:11
SN106,M006,8.7417,bar,False,False,2024-02-09T18:36:13
SN056,M006,2.8795,bar,False,False,2024-03-14T04:10:18
SN144,M044,70.5085,°C,False,False,2024-07-23T03:26:21
SN137,M037,33.3576,A,False,False,2024-11-07T16:35:25
SN030,M030,10.4428,mm/s,False,False,2024-02-15T06:28:14
SN034,M034,5.0759,bar,False,False,2024-05-01T00:04:30
SN093,M043,20.9921,A,False,False,2024-08-20T02:29:20
SN134,M034,16.2471,A,False,False,2024-10-02T16:41:59
SN078,M028,108.6617,%,True,True,2024-03-27T08:31:31
SN033,M033,1.6229,mm/s,False,False,2024-03-28T23:49:36
SN079,M029,371.122,RPM,False,False,2024-01-31T12:39:04
SN109,M009,71.3539,%,False,False,2024-01-31T04:32:43
SN005,M005,35.9734,A,False,False,2024-01-17T12:17:11
SN051,M001,71.9451,%,False,False,2024-07-18T09:58:22
SN016,M016,10.3572,mm/s,False,False,2024-01-17T19:24:46
SN017,M017,0.1171,mm/s,False,False,2024-02-07T11:28:43
SN032,M032,32.4781,°C,False,False,2024-12-15T23:33:30
SN052,M002,3.988,bar,False,False,2024-02-05T06:07:28
SN038,M038,44.7376,A,False,False,2024-08-13T03:40:27
SN090,M040,76.0115,%,False,False,2024-10-30T05:36:12
SN062,M012,194.7606,RPM,False,False,2024-11-14T07:05:59
SN149,M049,52.127,°C,False,False,2024-10-04T23:50:52
SN050,M050,1.9582,mm/s,False,False,2024-10-19T19:57:21
SN138,M038,100.8806,°C,True,True,2024-12-24T22:28:03
SN055,M005,8.236,bar,False,False,2024-07-03T08:40:09
SN094,M044,527.6085,RPM,False,False,2024-09-18T13:42:52
SN028,M028,43.2409,%,False,False,2024-05-27T10:16:07
SN109,M009,34.9048,%,False,False,2024-02-13T19:47:45
SN081,M031,27.2257,%,False,False,2024-02-22T18:47:42
SN127,M027,8.0339,mm/s,False,False,2024-08-04T08:50:51
SN011,M011,5.6283,mm/s,False,False,2024-05-29T10:25:11
SN073,M023,34.9683,A,False,False,2024-09-23T19:44:16
SN114,M014,46.677,%,False,False,2024-11-28T04:35:09
SN110,M010,0.7935,mm/s,False,False,2024-11-22T15:13:52
SN122,M022,17.4535,A,False,False,2024-01-05T23:10:21
SN126,M026,1129.6538,RPM,False,False,2024-07-21T23:33:59
SN022,M022,1125.2127,RPM,False,False,2024-09-26T22:12:55
SN027,M027,42.3903,A,False,False,2024-03-06T12:36:51
SN017,M017,2.2696,mm/s,False,False,2024-03-18T18:35:27
SN104,M004,39.8102,A,False,False,2024-10-08T15:21:30
SN128,M028,2033.4574,RPM,False,False,2024-08-13T23:52:28
SN070,M020,2282.8051,RPM,False,False,2024-06-04T10:27:55
SN092,M042,59.5073,%,False,False,2024-06-06T01:41:15
SN125,M025,28.953,°C,False,False,2024-06-25T13:30:10
SN028,M028,52.0519,%,False,False,2024-03-30T15:24:54
SN035,M035,59.4847,A,True,True,2024-11-18T11:04:23
SN018,M018,1.2706,A,False,False,2024-03-10T13:17:34
SN098,M048,15.5304,A,False,False,2024-04-27T13:51:31
SN025,M025,1884.0797,RPM,False,False,2024-07-20T22:16:30
SN127,M027,2.302,mm/s,False,False,2024-09-14T03:09:22
SN128,M028,745.746,RPM,False,False,2024-05-13T10:43:47
SN139,M039,77.8693,°C,False,False,2024-01-13T06:31:10
SN111,M011,27.2374,°C,False,False,2024-06-23T19:22:50
SN081,M031,48.9874,%,False,False,2024-01-14T23:22:06
SN009,M009,1879.3214,RPM,False,False,2024-10-29T16:22:16
SN078,M028,30.7514,%,False,False,2024-06-16T06:14:20
SN035,M035,18.4813,A,False,False,2024-10-23T17:05:59
SN029,M029,52.1313,%,False,False,2024-08-03T01:38:24
SN139,M039,48.9116,°C,False,False,2024-11-27T19:07:58
SN041,M041,43.7766,°C,False,False,2024-07-11T02:51:19
SN097,M047,16.7563,A,False,False,2024-04-20T11:09:00
SN083,M033,6.7313,mm/s,False,False,2024-02-19T18:53:33
SN094,M044,2114.8628,RPM,False,False,2024-01-11T10:43:28
SN088,M038,46.01,°C,False,False,2024-05-18T18:53:35
SN106,M006,6.6205,bar,False,False,2024-04-06T03:55:44
SN061,M011,58.8108,%,False,False,2024-12-19T13:26:26
SN017,M017,1.305,mm/s,False,False,2024-03-06T22:27:26
SN006,M006,106.5262,RPM,False,False,2024-09-12T10:50:24
SN109,M009,79.0423,%,False,False,2024-04-13T13:04:05
SN006,M006,1675.7693,RPM,False,False,2024-05-02T22:07:38
SN097,M047,15.315,A,False,False,2024-02-07T22:52:09
SN126,M026,1924.0672,RPM,False,False,2024-05-10T11:26:37
SN128,M028,2179.9761,RPM,False,False,2024-05-11T20:44:12
SN043,M043,4.142,mm/s,False,False,2024-06-18T07:43:54
SN052,M002,8.2023,bar,False,False,2024-11-01T16:45:58
SN020,M020,25.4521,A,False,False,2024-04-21T14:20:52
SN068,M018,12.4913,bar,True,True,2024-06-05T03:09:59
SN058,M008,9.1425,bar,False,False,2024-10-05T17:30:45
SN149,M049,40.4629,°C,False,False,2024-01-27T02:59:59
SN146,M046,51.1301,%,False,False,2024-03-22T10:54:38
SN089,M039,6.5381,bar,False,False,2024-04-27T05:25:05
SN130,M030,4.9352,mm/s,False,False,2024-07-28T16:40:34
SN081,M031,46.3507,%,False,False,2024-08-30T17:05:07
SN132,M032,2175.8103,RPM,False,False,2024-03-11T03:19:18
SN005,M005,24.5206,A,False,False,2024-03-13T10:40:08
SN148,M048,63.2828,%,False,False,2024-11-15T23:22:44
SN120,M020,7.2724,mm/s,False,False,2024-11-10T03:48:23
SN112,M012,2070.8529,RPM,False,False,2024-01-24T06:08:15
SN134,M034,21.9681,A,False,False,2024-04-03T08:26:51
SN039,M039,66.506,°C,False,False,2024-11-23T19:47:14
SN112,M012,2451.53,RPM,False,False,2024-12-19T20:25:11
SN017,M017,9.644,mm/s,False,False,2024-04-13T16:00:44
SN074,M024,2.9235,mm/s,False,False,2024-08-21T11:53:27
SN061,M011,27.4381,%,False,False,2024-03-15T12:47:12
SN008,M008,2357.6021,RPM,False,False,2024-06-29T06:16:55
SN125,M025,46.4951,°C,False,False,2024-09-08T05:45:01
SN010,M010,37.8626,%,False,False,2024-01-12T07:37:18
SN067,M017,3.3611,bar,False,False,2024-08-01T20:57:10
SN046,M046,120.3623,RPM,False,False,2024-10-07T13:56:44
SN125,M025,23.3611,°C,False,False,2024-12-14T04:02:12
SN022,M022,849.2406,RPM,False,False,2024-01-25T16:37:27
SN105,M005,6.7092,bar,False,False,2024-12-09T23:30:09
SN024,M024,39.891,A,False,False,2024-11-23T07:00:06
SN036,M036,27.1212,A,False,False,2024-07-13T06:39:15
SN031,M031,39.3766,A,False,False,2024-10-28T00:36:12
SN135,M035,73.7373,°C,False,False,2024-04-02T11:02:13
SN032,M032,39.0397,°C,False,False,2024-11-19T05:55:00
SN150,M050,9.1866,mm/s,False,False,2024-10-15T22:12:00
SN061,M011,34.2795,%,False,False,2024-02-11T11:34:43
SN045,M045,3.3337,bar,False,False,2024-06-07T14:20:09
SN066,M016,159.3874,RPM,False,False,2024-07-26T04:18:01
SN096,M046,26.8624,°C,False,False,2024-07-30T22:42:44
SN109,M009,36.1357,%,False,False,2024-04-17T20:39:58
SN038,M038,33.9944,A,False,False,2024-11-14T23:40:48
SN079,M029,3727.0956,RPM,True,True,2024-08-23T06:36:09
SN009,M009,1887.3368,RPM,False,False,2024-12-31T09:20:29
SN014,M014,7.7048,bar,False,False,2024-04-03T01:56:26
SN065,M015,14.6903,A,False,False,2024-09-29T02:13:18
SN093,M043,32.5493,A,False,False,2024-07-26T17:43:44
SN061,M011,45.4449,%,False,False,2024-12-19T07:50:56
SN101,M001,75.764,°C,False,False,2024-04-26T20:28:51
SN024,M024,35.9417,A,False,False,2024-04-25T12:10:56
SN054,M004,2.3619,bar,False,False,2024-06-19T10:20:23
SN082,M032,7.5173,bar,False,False,2024-06-06T18:53:10
SN009,M009,228.2695,RPM,False,False,2024-10-29T17:03:46
SN126,M026,1176.9398,RPM,False,False,2024-11-22T16:12:42
SN086,M036,77.4279,%,False,False,2024-11-14T13:12:11
SN026,M026,33.1779,A,False,False,2024-07-15T15:22:47
SN017,M017,6.8641,mm/s,False,False,2024-11-11T21:41:56
SN141,M041,21.5299,A,False,False,2024-01-11T14:55:43
SN014,M014,2.5618,bar,False,False,2024-06-21T04:50:01
SN035,M035,53.3009,A,True,True,2024-04-28T15:54:34
SN081,M031,27.2592,%,False,False,2024-04-06T22:28:25
SN133,M033,36.4613,A,False,False,2024-09-09T02:48:05
SN034,M034,6.8289,bar,False,False,2024-11-03T19:57:41
SN082,M032,8.4248,bar,False,False,2024-02-21T20:24:05
SN067,M017,6.0407,bar,False,False,2024-05-07T05:16:15
SN073,M023,19.6886,A,False,False,2024-03-11T15:19:50
SN101,M001,77.394,°C,False,False,2024-12-09T10:39:34
SN147,M047,82.1012,%,False,False,2024-12-24T12:01:50
SN143,M043,29.7648,A,False,False,2024-12-18T04:24:21
SN023,M023,2.6853,bar,False,False,2024-09-29T08:13:39
SN044,M044,3486.4228,RPM,True,True,2024-08-21T04:03:57
SN067,M017,9.1433,bar,False,False,2024-03-07T01:39:36
SN146,M046,67.0672,%,False,False,2024-06-17T23:58:24
SN117,M017,5.6333,mm/s,False,False,2024-03-28T04:20:31
SN053,M003,72.3627,°C,False,False,2024-10-30T17:54:17
SN069,M019,5.2004,bar,False,False,2024-02-20T13:32:44
SN111,M011,56.455,°C,False,False,2024-11-16T01:03:54
SN073,M023,8.9948,A,False,False,2024-03-11T01:10:08
SN105,M005,1.2446,bar,False,False,2024-04-11T16:08:52
SN061,M011,79.43,%,False,False,2024-05-23T13:16:24
SN150,M050,5.2231,mm/s,False,False,2024-01-05T00:11:29
SN121,M021,921.251,RPM,False,False,2024-09-26T03:26:51
SN102,M002,33.8835,A,False,False,2024-10-02T03:15:43
SN109,M009,36.7828,%,False,False,2024-02-07T00:04:06
SN143,M043,15.811,A,False,False,2024-04-01T04:52:51
SN121,M021,2840.7074,RPM,False,False,2024-12-30T19:06:54
SN012,M012,3408.134,RPM,True,True,2024-05-27T22:35:47
SN078,M028,63.9677,%,False,False,2024-02-21T08:32:59
SN144,M044,90.2067,°C,True,True,2024-03-06T23:16:13
SN129,M029,42.2161,%,False,False,2024-06-30T18:52:01
SN034,M034,7.0372,bar,False,False,2024-06-17T03:11:48
SN037,M037,14.8803,A,False,False,2024-02-19T15:50:55
SN128,M028,2379.1915,RPM,False,False,2024-10-17T10:13:08
SN093,M043,13.439,A,False,False,2024-12-06T13:38:22
SN068,M018,7.4733,bar,False,False,2024-04-12T10:24:07
SN133,M033,42.4019,A,False,False,2024-05-02T13:04:23
SN126,M026,431.1045,RPM,False,False,2024-11-27T06:50:59
SN113,M013,1.6943,mm/s,False,False,2024-03-30T06:27:20
SN047,M047,12.9582,mm/s,True,True,2024-10-01T04:03:02
SN120,M020,11.3453,mm/s,False,False,2024-12-26T02:11:22
SN127,M027,13.224,mm/s,True,True,2024-10-02T08:37:50
SN144,M044,49.9491,°C,False,False,2024-11-24T11:47:05
SN038,M038,4.4449,A,False,False,2024-12-03T03:57:35
SN073,M023,7.994,A,False,False,2024-07-16T13:46:46
SN070,M020,1889.9424,RPM,False,False,2024-03-23T11:40:32
SN150,M050,0.047,mm/s,False,False,2024-10-24T19:32:16
SN147,M047,80.2871,%,False,False,2024-04-05T14:21:12
SN128,M028,2528.9979,RPM,False,False,2024-01-11T01:59:05
SN073,M023,32.3304,A,False,False,2024-06-02T01:55:43
SN096,M046,77.7866,°C,False,False,2024-11-21T01:11:34
SN083,M033,0.9241,mm/s,False,False,2024-11-18T14:40:40
SN123,M023,45.3721,A,False,False,2024-08-18T18:23:06
SN002,M002,22.872,%,False,False,2024-08-29T16:51:39
SN116,M016,67.9162,%,False,False,2024-10-12T04:21:15
SN146,M046,76.5448,%,False,False,2024-11-07T07:03:42
SN073,M023,2.6379,A,False,False,2024-01-28T11:11:46
SN141,M041,18.1161,A,False,False,2024-06-03T21:37:50
SN066,M016,2750.3905,RPM,False,False,2024-12-02T03:11:21
SN103,M003,2429.1856,RPM,False,False,2024-03-04T06:43:02
SN100,M050,3.2483,mm/s,False,False,2024-10-19T06:21:15
SN040,M040,49.8188,°C,False,False,2024-06-16T21:52:21
SN080,M030,59.5301,%,False,False,2024-05-19T10:32:06
SN025,M025,1461.0617,RPM,False,False,2024-07-09T03:37:02
SN115,M015,5.4314,mm/s,False,False,2024-08-06T16:04:20
SN109,M009,47.6761,%,False,False,2024-05-23T00:12:30
SN048,M048,45.8805,°C,False,False,2024-01-16T16:54:37
SN132,M032,1321.0459,RPM,False,False,2024-03-28T01:58:37
SN040,M040,52.0322,°C,False,False,2024-09-08T08:34:40
SN135,M035,48.4443,°C,False,False,2024-01-31T18:02:24
SN123,M023,46.7488,A,False,False,2024-09-22T18:16:05
SN077,M027,24.8469,A,False,False,2024-04-24T18:05:18
SN146,M046,93.3842,%,True,True,2024-01-18T12:18:53
SN132,M032,1211.0035,RPM,False,False,2024-02-06T16:39:29
SN119,M019,5.8321,bar,False,False,2024-04-08T09:40:33
SN091,M041,24.9675,°C,False,False,2024-07-14T12:26:36
SN005,M005,31.425,A,False,False,2024-03-10T17:32:51
SN047,M047,0.5159,mm/s,False,False,2024-06-10T15:44:44
SN077,M027,34.3945,A,False,False,2024-10-21T03:03:12
SN116,M016,37.3624,%,False,False,2024-12-22T13:25:24
SN048,M048,24.7519,°C,False,False,2024-08-22T14:10:51
SN067,M017,1.9038,bar,False,False,2024-07-26T12:44:43
SN005,M005,52.3418,A,True,True,2024-03-07T16:41:22
SN123,M023,19.2419,A,False,False,2024-09-12T10:22:03
SN125,M025,69.3978,°C,False,False,2024-08-27T12:28:42
SN093,M043,45.7492,A,False,False,2024-09-19T04:24:33
SN102,M002,4.1627,A,False,False,2024-02-22T11:21:11
SN004,M004,69.5701,°C,False,False,2024-09-27T07:29:33
SN049,M049,9.9384,A,False,False,2024-09-08T21:36:23
SN038,M038,20.7,A,False,False,2024-08-31T03:17:39
SN138,M038,38.2808,°C,False,False,2024-06-28T23:26:21
SN038,M038,1.0363,A,False,False,2024-03-05T12:12:55
SN040,M040,47.0499,°C,False,False,2024-07-07T08:57:51
SN121,M021,3370.1662,RPM,True,True,2024-04-04T05:28:20
SN052,M002,8.0503,bar,False,False,2024-06-01T03:13:11
SN014,M014,1.8726,bar,False,False,2024-11-25T04:28:47
SN111,M011,71.5534,°C,False,False,2024-10-13T06:04:04
SN149,M049,53.674,°C,False,False,2024-04-22T22:12:54
SN010,M010,51.8396,%,False,False,2024-08-17T12:53:07
SN125,M025,23.6878,°C,False,False,2024-01-08T09:16:33
SN109,M009,56.2382,%,False,False,2024-04-14T00:31:56
SN107,M007,333.2811,RPM,False,False,2024-08-29T19:57:13
SN089,M039,4.708,bar,False,False,2024-03-03T15:44:11
SN074,M024,5.3493,mm/s,False,False,2024-06-19T03:29:15
SN060,M010,6.6993,mm/s,False,False,2024-09-23T00:25:16
SN087,M037,2432.3433,RPM,False,False,2024-10-04T18:08:21
SN120,M020,3.3447,mm/s,False,False,2024-10-03T06:35:25
SN100,M050,9.4971,mm/s,False,False,2024-09-18T09:48:52
SN093,M043,37.9884,A,False,False,2024-11-23T23:36:07
SN042,M042,37.1593,°C,False,False,2024-10-17T23:33:22
SN023,M023,2.0973,bar,False,False,2024-03-18T11:19:39
SN041,M041,26.1299,°C,False,False,2024-06-10T13:15:18
SN127,M027,2.3875,mm/s,False,False,2024-01-19T06:31:53
SN005,M005,12.3884,A,False,False,2024-09-19T21:25:29
SN041,M041,72.2123,°C,False,False,2024-07-14T12:45:48
SN009,M009,962.5441,RPM,False,False,2024-02-14T06:16:14
SN059,M009,10.6445,A,False,False,2024-04-10T03:04:35
SN088,M038,66.7395,°C,False,False,2024-10-26T01:48:16
SN143,M043,7.181,A,False,False,2024-09-25T00:31:47
SN132,M032,296.8048,RPM,False,False,2024-01-20T13:58:02
SN113,M013,10.9742,mm/s,False,False,2024-10-20T12:14:03
SN029,M029,71.1982,%,False,False,2024-08-24T18:24:15
SN027,M027,1.9935,A,False,False,2024-02-10T22:30:09
SN043,M043,9.9279,mm/s,False,False,2024-12-19T19:00:10
SN093,M043,13.8758,A,False,False,2024-06-20T11:14:42
SN130,M030,9.9236,mm/s,False,False,2024-02-29T22:08:25
SN094,M044,392.6515,RPM,False,False,2024-11-25T13:28:46
SN052,M002,4.5339,bar,False,False,2024-10-25T15:54:31
SN002,M002,72.999,%,False,False,2024-05-12T13:20:01
SN074,M024,0.9717,mm/s,False,False,2024-05-24T15:21:30
SN107,M007,1895.2365,RPM,False,False,2024-02-28T21:07:08
SN136,M036,34.9459,%,False,False,2024-11-07T09:01:32
SN110,M010,4.6661,mm/s,False,False,2024-06-27T03:53:18
SN133,M033,17.1843,A,False,False,2024-01-12T13:24:38
SN114,M014,20.6516,%,False,False,2024-11-09T02:45:55
SN133,M033,4.027,A,False,False,2024-05-02T06:11:28
SN103,M003,468.3253,RPM,False,False,2024-01-24T20:55:34
SN101,M001,60.1057,°C,False,False,2024-09-06T02:53:39
SN039,M039,23.5119,°C,False,False,2024-09-02T07:00:32
SN134,M034,19.917,A,False,False,2024-12-10T00:05:40
SN142,M042,2056.4205,RPM,False,False,2024-05-01T19:51:05
SN089,M039,10.8435,bar,True,True,2024-07-23T23:22:31
SN038,M038,21.194,A,False,False,2024-03-20T15:59:00
SN140,M040,57.5549,°C,False,False,2024-06-20T17:04:44
SN089,M039,7.6433,bar,False,False,2024-06-06T02:15:59
SN051,M001,25.5204,%,False,False,2024-07-27T17:14:35
SN086,M036,67.0867,%,False,False,2024-12-07T17:02:06
SN033,M033,6.165,mm/s,False,False,2024-03-24T00:09:00
SN024,M024,14.832,A,False,False,2024-05-12T07:38:12
SN041,M041,104.1057,°C,True,True,2024-07-28T16:32:13
SN067,M017,7.5803,bar,False,False,2024-10-09T03:33:25
SN109,M009,27.2339,%,False,False,2024-01-24T06:44:05
SN096,M046,50.8306,°C,False,False,2024-02-18T02:01:15
SN013,M013,9.0014,bar,False,False,2024-06-23T06:31:51
SN077,M027,0.2476,A,False,False,2024-05-11T15:31:31
SN061,M011,84.7795,%,False,False,2024-08-07T15:44:53
SN137,M037,11.1073,A,False,False,2024-04-26T04:45:40
SN073,M023,38.7163,A,False,False,2024-08-10T10:33:48
SN036,M036,24.6842,A,False,False,2024-04-06T04:06:35
SN027,M027,27.6625,A,False,False,2024-11-15T13:27:00
SN093,M043,6.9613,A,False,False,2024-06-14T07:44:17
SN106,M006,1.5286,bar,False,False,2024-12-11T01:30:24
SN034,M034,4.7924,bar,False,False,2024-05-23T10:04:17
SN135,M035,53.9573,°C,False,False,2024-10-29T11:10:21
SN102,M002,27.7544,A,False,False,2024-09-04T04:14:52
SN109,M009,65.1307,%,False,False,2024-07-09T02:51:12
SN107,M007,411.3866,RPM,False,False,2024-02-19T08:52:52
SN125,M025,27.8602,°C,False,False,2024-09-30T14:38:45
SN132,M032,336.4657,RPM,False,False,2024-03-23T13:58:19
SN117,M017,8.5101,mm/s,False,False,2024-08-05T02:30:23
SN095,M045,5.6414,A,False,False,2024-11-27T00:10:39
SN105,M005,4.1415,bar,False,False,2024-04-22T11:10:47
SN011,M011,1.3423,mm/s,False,False,2024-04-28T10:06:11
SN096,M046,49.52,°C,False,False,2024-11-03T06:33:10
SN037,M037,28.0072,A,False,False,2024-01-19T21:27:38
SN079,M029,614.4071,RPM,False,False,2024-11-14T02:47:56
SN126,M026,3437.8007,RPM,True,True,2024-01-27T05:44:49
SN012,M012,1633.2184,RPM,False,False,2024-08-07T17:18:08
SN116,M016,71.1784,%,False,False,2024-07-03T13:26:30
SN034,M034,5.2905,bar,False,False,2024-06-28T00:14:11
SN116,M016,29.7584,%,False,False,2024-10-09T16:11:08
SN084,M034,1780.5957,RPM,False,False,2024-08-30T04:16:30
SN105,M005,8.6521,bar,False,False,2024-05-11T15:41:21
SN139,M039,99.8072,°C,True,True,2024-06-21T01:57:21
SN072,M022,9.8719,mm/s,False,False,2024-10-01T15:39:43
SN007,M007,37.8175,A,False,False,2024-10-01T17:26:06
SN080,M030,28.1077,%,False,False,2024-08-05T05:32:46
SN022,M022,1763.3066,RPM,False,False,2024-08-12T00:41:01
SN014,M014,5.4349,bar,False,False,2024-10-18T11:42:46
SN122,M022,0.8865,A,False,False,2024-09-12T15:22:32
SN137,M037,0.9012,A,False,False,2024-11-01T13:06:25
SN053,M003,62.8663,°C,False,False,2024-12-10T17:33:07
SN149,M049,69.0205,°C,False,False,2024-08-23T16:17:48
SN083,M033,0.5128,mm/s,False,False,2024-11-30T18:10:59
SN006,M006,514.4478,RPM,False,False,2024-01-10T08:13:36
SN136,M036,36.8451,%,False,False,2024-02-14T12:33:55
SN026,M026,13.5542,A,False,False,2024-03-11T22:35:52
SN066,M016,439.548,RPM,False,False,2024-06-07T04:05:29
SN044,M044,2739.2015,RPM,False,False,2024-03-11T11:18:34
SN007,M007,14.1562,A,False,False,2024-02-08T08:21:46
SN082,M032,8.5906,bar,False,False,2024-04-10T04:07:18
SN097,M047,42.7263,A,False,False,2024-01-21T03:32:20
SN052,M002,6.0745,bar,False,False,2024-04-01T20:15:25
SN127,M027,5.7504,mm/s,False,False,2024-02-14T16:38:10
SN069,M019,4.951,bar,False,False,2024-06-07T02:13:39
SN017,M017,4.6454,mm/s,False,False,2024-03-31T18:37:08
SN005,M005,45.765,A,False,False,2024-09-19T04:21:50
SN026,M026,26.3486,A,False,False,2024-10-31T22:43:36
SN033,M033,4.6369,mm/s,False,False,2024-02-02T14:04:57
SN129,M029,83.3982,%,False,False,2024-05-24T23:27:24
SN139,M039,67.5079,°C,False,False,2024-07-27T18:11:42
SN109,M009,56.3625,%,False,False,2024-01-17T05:31:49
SN001,M001,78.3877,°C,False,False,2024-08-29T01:37:19
SN075,M025,30.9635,%,False,False,2024-01-24T08:52:18
SN124,M024,11.9172,A,False,False,2024-09-21T02:02:19
SN098,M048,40.0158,A,False,False,2024-03-23T15:00:44
SN150,M050,3.2069,mm/s,False,False,2024-03-03T16:30:32
SN137,M037,14.2803,A,False,False,2024-06-02T12:30:31
SN032,M032,64.0482,°C,False,False,2024-04-18T12:44:24
SN111,M011,50.6678,°C,False,False,2024-11-07T11:42:32
SN082,M032,9.036,bar,False,False,2024-09-03T16:12:44
SN067,M017,7.0159,bar,False,False,2024-04-16T00:40:00
SN063,M013,41.0673,%,False,False,2024-03-22T19:09:25
SN118,M018,3.7444,mm/s,False,False,2024-12-20T23:16:02
SN035,M035,0.0973,A,False,False,2024-07-04T01:34:18
SN002,M002,64.0623,%,False,False,2024-06-09T10:57:30
SN143,M043,33.4067,A,False,False,2024-10-23T02:41:28
SN101,M001,67.8288,°C,False,False,2024-09-09T02:01:30
SN020,M020,42.3972,A,False,False,2024-11-12T22:11:55
SN114,M014,43.1212,%,False,False,2024-11-11T15:40:13
SN097,M047,17.0034,A,False,False,2024-03-09T19:29:56
SN003,M003,1055.8698,RPM,False,False,2024-03-15T22:48:18
SN114,M014,107.1831,%,True,True,2024-10-21T12:59:45
SN072,M022,8.0849,mm/s,False,False,2024-03-15T09:01:05
SN024,M024,29.6987,A,False,False,2024-11-09T22:58:09
SN057,M007,23.4559,A,False,False,2024-05-20T23:23:51
SN010,M010,79.2452,%,False,False,2024-10-01T13:25:09
SN054,M004,12.4638,bar,True,True,2024-09-04T22:39:20
SN102,M002,13.174,A,False,False,2024-07-13T07:22:22
SN127,M027,2.209,mm/s,False,False,2024-10-13T22:15:11
SN145,M045,6.8739,mm/s,False,False,2024-03-09T04:02:50
SN017,M017,8.5041,mm/s,False,False,2024-02-19T11:44:31
SN067,M017,8.2716,bar,False,False,2024-12-08T03:32:38
SN134,M034,13.0306,A,False,False,2024-11-25T04:49:50
SN006,M006,1975.0096,RPM,False,False,2024-07-25T23:22:29
SN065,M015,41.9473,A,False,False,2024-01-01T18:13:17
SN110,M010,10.751,mm/s,False,False,2024-01-21T03:23:46
SN083,M033,11.3442,mm/s,False,False,2024-04-16T10:11:48
SN032,M032,48.3451,°C,False,False,2024-05-20T09:09:42
SN133,M033,41.9806,A,False,False,2024-03-28T04:56:27
SN013,M013,4.5705,bar,False,False,2024-06-23T07:41:32
SN081,M031,95.8284,%,True,True,2024-02-01T18:30:51
SN147,M047,84.8623,%,False,False,2024-03-28T15:00:19
SN109,M009,80.0632,%,False,False,2024-03-17T11:01:29
SN043,M043,0.7164,mm/s,False,False,2024-08-30T20:10:08
SN025,M025,3358.0448,RPM,True,True,2024-01-10T07:54:55
SN086,M036,36.1886,%,False,False,2024-07-02T22:03:11
SN062,M012,2372.6749,RPM,False,False,2024-11-15T02:10:55
SN086,M036,35.5067,%,False,False,2024-01-29T07:34:41
SN113,M013,7.129,mm/s,False,False,2024-08-12T20:03:37
SN032,M032,23.6867,°C,False,False,2024-01-13T22:47:08
SN097,M047,40.2654,A,False,False,2024-01-26T06:06:24
SN033,M033,9.1472,mm/s,False,False,2024-01-22T06:40:08
SN078,M028,48.2855,%,False,False,2024-02-09T13:06:06
SN015,M015,3.5068,bar,False,False,2024-05-28T03:25:22
SN103,M003,2143.0956,RPM,False,False,2024-03-31T12:45:40
SN003,M003,1322.9959,RPM,False,False,2024-06-15T06:14:04
SN026,M026,44.5353,A,False,False,2024-10-31T01:25:42
SN007,M007,15.5892,A,False,False,2024-03-15T18:03:21
SN028,M028,58.984,%,False,False,2024-01-27T05:33:36
SN050,M050,1.4362,mm/s,False,False,2024-07-16T15:16:23
SN066,M016,1371.988,RPM,False,False,2024-08-29T02:44:58
SN114,M014,29.0176,%,False,False,2024-01-18T02:46:10
SN016,M016,6.6636,mm/s,False,False,2024-07-18T06:40:42
SN092,M042,77.982,%,False,False,2024-10-28T04:08:36
SN038,M038,14.662,A,False,False,2024-05-13T04:03:45
SN075,M025,20.5294,%,False,False,2024-08-15T18:00:58
SN038,M038,24.0876,A,False,False,2024-11-20T08:23:40
SN144,M044,45.6402,°C,False,False,2024-03-16T21:19:35
SN052,M002,2.7107,bar,False,False,2024-01-27T13:34:09
SN088,M038,48.9003,°C,False,False,2024-09-25T16:25:31
SN120,M020,3.7751,mm/s,False,False,2024-08-12T15:10:44
SN145,M045,7.0236,mm/s,False,False,2024-06-11T14:31:22
SN085,M035,5.179,mm/s,False,False,2024-11-02T11:47:48
SN011,M011,10.4875,mm/s,False,False,2024-09-05T01:44:25
SN058,M008,4.9656,bar,False,False,2024-03-23T18:35:41
SN062,M012,2189.793,RPM,False,False,2024-11-12T09:06:47
SN085,M035,4.2854,mm/s,False,False,2024-06-04T11:11:00
SN048,M048,20.4086,°C,False,False,2024-01-04T20:12:03
SN019,M019,26.3479,A,False,False,2024-02-25T07:16:57
SN075,M025,61.3524,%,False,False,2024-12-20T11:03:44
SN093,M043,51.3414,A,True,True,2024-03-17T19:51:45
SN073,M023,42.0557,A,False,False,2024-10-06T04:02:36
SN045,M045,5.7133,bar,False,False,2024-03-10T08:07:36
SN051,M001,109.2476,%,True,True,2024-12-19T15:51:48
SN026,M026,58.7907,A,True,True,2024-05-27T03:48:57
SN029,M029,33.7705,%,False,False,2024-06-26T04:07:35
SN062,M012,1061.1982,RPM,False,False,2024-03-07T13:11:20
SN135,M035,80.61,°C,False,False,2024-12-08T09:42:07
SN112,M012,186.3259,RPM,False,False,2024-02-26T02:12:21
SN034,M034,2.6293,bar,False,False,2024-05-26T21:02:16
SN096,M046,46.0946,°C,False,False,2024-09-04T01:16:55
SN063,M013,69.9819,%,False,False,2024-08-16T02:16:26
SN049,M049,13.9737,A,False,False,2024-02-27T16:44:38
SN084,M034,1793.9586,RPM,False,False,2024-04-18T18:28:20
SN033,M033,11.0396,mm/s,False,False,2024-12-10T00:34:26
SN126,M026,232.012,RPM,False,False,2024-07-01T18:56:13
SN017,M017,4.4245,mm/s,False,False,2024-12-08T16:46:11
SN131,M031,24.6474,A,False,False,2024-03-10T12:23:13
SN083,M033,5.9904,mm/s,False,False,2024-07-06T16:39:18
SN127,M027,6.6255,mm/s,False,False,2024-09-04T19:34:30
SN150,M050,2.3621,mm/s,False,False,2024-12-13T12:55:45
SN052,M002,2.9923,bar,False,False,2024-03-25T21:26:28
SN079,M029,1074.6864,RPM,False,False,2024-03-02T01:17:49
SN096,M046,25.1491,°C,False,False,2024-10-18T21:37:54
SN022,M022,1478.6391,RPM,False,False,2024-03-30T09:24:37
SN150,M050,13.6538,mm/s,True,True,2024-05-10T15:13:57
SN110,M010,4.9306,mm/s,False,False,2024-05-22T17:27:34
SN128,M028,1089.7571,RPM,False,False,2024-03-10T17:40:26
SN114,M014,62.2707,%,False,False,2024-05-19T10:59:19
SN022,M022,1430.03,RPM,False,False,2024-07-31T07:09:53
SN021,M021,2640.8269,RPM,False,False,2024-02-08T05:14:21
SN031,M031,1.8184,A,False,False,2024-03-18T18:59:34
SN086,M036,41.5653,%,False,False,2024-04-27T13:30:49
SN071,M021,1721.497,RPM,False,False,2024-02-23T12:59:45
SN140,M040,20.5184,°C,False,False,2024-04-26T07:18:05
SN073,M023,37.1986,A,False,False,2024-06-05T19:47:33
SN104,M004,35.9958,A,False,False,2024-01-05T14:49:46
SN121,M021,2819.4327,RPM,False,False,2024-02-27T23:24:03
SN102,M002,34.3585,A,False,False,2024-03-22T12:10:37
SN122,M022,27.8827,A,False,False,2024-08-02T14:44:50
SN120,M020,5.26,mm/s,False,False,2024-11-03T13:10:54
SN022,M022,535.3627,RPM,False,False,2024-10-26T02:08:30
SN107,M007,1282.42,RPM,False,False,2024-08-04T21:06:05
SN008,M008,1645.8991,RPM,False,False,2024-02-19T20:16:05
SN079,M029,27.5913,RPM,False,False,2024-11-10T17:29:18
SN091,M041,45.4632,°C,False,False,2024-09-23T07:46:21
SN104,M004,32.7996,A,False,False,2024-04-26T08:49:16
SN084,M034,1617.5957,RPM,False,False,2024-01-13T12:12:34
SN036,M036,45.2503,A,False,False,2024-05-08T06:09:28
SN146,M046,59.4967,%,False,False,2024-08-24T01:27:14
SN147,M047,84.2013,%,False,False,2024-03-20T07:19:29
SN101,M001,43.4759,°C,False,False,2024-07-03T09:14:54
SN028,M028,83.0069,%,False,False,2024-09-05T03:56:32
SN078,M028,26.8325,%,False,False,2024-08-02T17:27:52
SN046,M046,3535.4269,RPM,True,True,2024-07-08T18:12:22
SN007,M007,3.3008,A,False,False,2024-05-29T20:47:37
SN073,M023,13.8275,A,False,False,2024-07-22T15:43:19
SN018,M018,17.511,A,False,False,2024-01-05T06:57:58
SN044,M044,2592.9655,RPM,False,False,2024-05-31T21:21:55
SN041,M041,27.8451,°C,False,False,2024-06-11T11:53:37
SN123,M023,18.4772,A,False,False,2024-12-16T22:02:45
SN053,M003,32.4949,°C,False,False,2024-06-16T20:24:08
SN122,M022,27.3168,A,False,False,2024-04-30T12:20:01
SN052,M002,6.8211,bar,False,False,2024-04-16T23:17:45
SN052,M002,10.5282,bar,True,True,2024-01-25T20:14:38
SN103,M003,703.4944,RPM,False,False,2024-05-07T17:29:26
SN146,M046,50.1434,%,False,False,2024-08-11T17:56:47
SN011,M011,3.2822,mm/s,False,False,2024-12-08T03:27:35
SN117,M017,9.6061,mm/s,False,False,2024-11-03T17:12:26
SN077,M027,39.1129,A,False,False,2024-11-26T01:07:09
SN045,M045,2.5264,bar,False,False,2024-08-27T21:43:17
SN111,M011,75.3331,°C,False,False,2024-03-12T05:49:29
SN146,M046,65.7612,%,False,False,2024-01-17T22:58:56
SN062,M012,450.1068,RPM,False,False,2024-12-08T18:00:59
SN138,M038,75.665,°C,False,False,2024-09-28T02:14:29
SN056,M006,4.4959,bar,False,False,2024-10-22T21:03:26
SN142,M042,1050.8864,RPM,False,False,2024-10-20T08:48:32
SN027,M027,37.0268,A,False,False,2024-06-08T06:22:20
SN116,M016,33.5829,%,False,False,2024-01-18T08:01:47
SN119,M019,11.6694,bar,True,True,2024-09-19T09:15:14
SN119,M019,7.3406,bar,False,False,2024-11-28T08:23:01
SN050,M050,0.1224,mm/s,False,False,2024-02-14T12:55:13
SN035,M035,35.5621,A,False,False,2024-07-07T06:17:00
SN119,M019,5.6616,bar,False,False,2024-04-04T02:20:24
SN113,M013,9.3529,mm/s,False,False,2024-11-22T19:55:52
SN042,M042,21.0975,°C,False,False,2024-02-09T00:52:07
SN046,M046,1523.7634,RPM,False,False,2024-05-31T18:58:53
SN044,M044,2176.2288,RPM,False,False,2024-09-20T01:40:06
SN070,M020,1020.5479,RPM,False,False,2024-03-25T03:32:00
SN009,M009,1517.0516,RPM,False,False,2024-06-20T16:16:49
SN013,M013,7.8979,bar,False,False,2024-09-05T22:39:59
SN027,M027,14.6454,A,False,False,2024-01-21T08:32:44
SN002,M002,99.6121,%,True,True,2024-03-19T08:20:05
SN064,M014,2.7194,mm/s,False,False,2024-02-05T11:46:59
SN005,M005,46.9913,A,False,False,2024-05-10T22:09:17
SN050,M050,0.7202,mm/s,False,False,2024-12-08T15:30:07
SN025,M025,2366.7844,RPM,False,False,2024-03-06T04:46:54
SN043,M043,13.6545,mm/s,True,True,2024-11-12T18:10:11
SN084,M034,1786.3413,RPM,False,False,2024-08-30T14:22:39
SN054,M004,4.358,bar,False,False,2024-06-15T04:08:00
SN031,M031,5.0296,A,False,False,2024-05-05T14:00:23
SN045,M045,11.7042,bar,True,True,2024-01-05T15:40:28
SN100,M050,2.5091,mm/s,False,False,2024-09-12T12:38:51
SN072,M022,4.2064,mm/s,False,False,2024-01-27T03:34:22
SN056,M006,7.5241,bar,False,False,2024-07-13T00:23:09
SN027,M027,37.5848,A,False,False,2024-12-24T03:44:59
SN146,M046,82.8168,%,False,False,2024-08-20T23:10:01
SN084,M034,1984.4988,RPM,False,False,2024-09-20T06:29:26
SN035,M035,30.1793,A,False,False,2024-12-09T07:10:11
SN082,M032,6.6642,bar,False,False,2024-01-27T05:16:16
SN086,M036,110.6805,%,True,True,2024-06-23T08:09:32
SN098,M048,35.2362,A,False,False,2024-07-14T12:12:53
SN004,M004,57.4432,°C,False,False,2024-12-14T06:35:24
SN032,M032,64.8282,°C,False,False,2024-10-21T02:02:30
SN063,M013,23.925,%,False,False,2024-05-25T10:48:47
SN128,M028,432.2612,RPM,False,False,2024-03-20T09:00:33
SN010,M010,67.5077,%,False,False,2024-06-21T07:49:40
SN085,M035,3.6199,mm/s,False,False,2024-11-01T15:06:00
SN011,M011,11.1443,mm/s,False,False,2024-09-08T16:13:49
SN074,M024,2.6107,mm/s,False,False,2024-10-11T14:52:21
SN085,M035,2.3463,mm/s,False,False,2024-01-22T00:00:21
SN064,M014,7.9376,mm/s,False,False,2024-03-27T09:19:43
SN098,M048,8.7184,A,False,False,2024-09-01T13:59:54
SN002,M002,52.2026,%,False,False,2024-03-15T17:54:28
SN014,M014,2.203,bar,False,False,2024-03-20T07:28:06
SN033,M033,6.756,mm/s,False,False,2024-11-18T19:32:24
SN053,M003,24.7485,°C,False,False,2024-10-08T13:23:17
SN120,M020,8.2271,mm/s,False,False,2024-04-05T02:51:57
SN109,M009,36.3075,%,False,False,2024-04-20T19:40:54
SN148,M048,61.632,%,False,False,2024-04-15T13:55:34
SN124,M024,46.1964,A,False,False,2024-06-03T15:54:27
SN097,M047,20.9654,A,False,False,2024-07-15T05:40:04
SN111,M011,69.7909,°C,False,False,2024-11-04T04:30:08
SN124,M024,55.3863,A,True,True,2024-11-27T16:15:01
SN022,M022,2626.3676,RPM,False,False,2024-08-19T03:30:39
SN138,M038,64.1439,°C,False,False,2024-04-09T22:07:57
SN098,M048,21.5461,A,False,False,2024-05-25T16:37:20
SN144,M044,24.3703,°C,False,False,2024-02-23T01:43:46
SN121,M021,2610.976,RPM,False,False,2024-01-02T14:57:56
SN004,M004,64.3699,°C,False,False,2024-05-25T08:20:08
SN126,M026,1185.0875,RPM,False,False,2024-06-02T06:24:06
SN096,M046,38.6995,°C,False,False,2024-08-16T11:26:14
SN019,M019,1.8443,A,False,False,2024-12-23T21:57:53
SN032,M032,54.3607,°C,False,False,2024-03-16T10:20:16
SN112,M012,2198.1206,RPM,False,False,2024-10-18T21:12:32
SN090,M040,52.0047,%,False,False,2024-09-24T09:11:10
SN095,M045,30.9181,A,False,False,2024-12-25T19:46:50
SN109,M009,35.8741,%,False,False,2024-01-14T09:38:01
SN093,M043,32.1302,A,False,False,2024-09-27T20:54:17
SN038,M038,21.6349,A,False,False,2024-09-21T11:59:59
SN038,M038,28.6021,A,False,False,2024-09-14T07:55:23
SN042,M042,101.7725,°C,True,True,2024-09-07T06:13:08
SN099,M049,58.3935,%,False,False,2024-12-15T21:53:17
SN021,M021,538.1463,RPM,False,False,2024-06-13T06:07:54
SN043,M043,2.8827,mm/s,False,False,2024-04-27T08:53:25
SN129,M029,63.1308,%,False,False,2024-05-28T15:50:54
SN079,M029,2144.5174,RPM,False,False,2024-12-24T23:17:32
SN023,M023,5.8672,bar,False,False,2024-11-05T17:33:18
SN089,M039,3.2867,bar,False,False,2024-03-22T08:55:10
SN102,M002,0.305,A,False,False,2024-03-06T09:35:22
SN126,M026,3108.1906,RPM,True,True,2024-09-27T10:08:31
SN107,M007,1865.3854,RPM,False,False,2024-10-11T16:26:55
SN111,M011,42.7601,°C,False,False,2024-09-30T10:11:43
SN035,M035,8.6443,A,False,False,2024-02-12T19:29:41
SN116,M016,33.9236,%,False,False,2024-03-19T00:54:16
SN016,M016,9.2246,mm/s,False,False,2024-03-15T12:29:46
SN067,M017,8.4087,bar,False,False,2024-06-20T03:54:19
SN028,M028,30.8813,%,False,False,2024-04-23T20:07:42
SN022,M022,788.7723,RPM,False,False,2024-05-12T21:05:13
SN008,M008,1362.0068,RPM,False,False,2024-09-18T06:59:35
SN026,M026,54.0599,A,True,True,2024-01-03T19:21:26
SN150,M050,0.4772,mm/s,False,False,2024-03-22T23:17:58
SN134,M034,17.8441,A,False,False,2024-07-20T23:26:31
SN069,M019,5.0225,bar,False,False,2024-05-10T21:20:49
SN110,M010,7.7732,mm/s,False,False,2024-05-13T05:42:48
SN081,M031,81.6349,%,False,False,2024-09-15T06:58:44
SN103,M003,163.1384,RPM,False,False,2024-05-18T06:25:58
SN085,M035,0.0352,mm/s,False,False,2024-12-04T02:02:05
SN103,M003,2530.7161,RPM,False,False,2024-02-23T22:17:50
SN007,M007,41.2778,A,False,False,2024-04-18T12:49:34
SN064,M014,7.0492,mm/s,False,False,2024-09-12T21:10:13
SN122,M022,31.3608,A,False,False,2024-01-02T05:09:55
SN083,M033,13.2342,mm/s,True,True,2024-01-18T18:27:38
SN084,M034,665.6422,RPM,False,False,2024-07-07T04:12:15
SN103,M003,2262.7871,RPM,False,False,2024-05-15T06:42:28
SN110,M010,10.7328,mm/s,False,False,2024-07-03T21:46:40
SN026,M026,13.9585,A,False,False,2024-03-16T18:14:56
SN037,M037,41.6211,A,False,False,2024-10-31T19:26:36
SN130,M030,13.6143,mm/s,True,True,2024-02-03T19:44:11
SN078,M028,85.258,%,False,False,2024-12-05T17:35:39
SN120,M020,5.0877,mm/s,False,False,2024-02-14T22:12:11
SN124,M024,11.4428,A,False,False,2024-03-23T04:38:07
SN044,M044,1880.2735,RPM,False,False,2024-02-04T17:33:53
SN028,M028,66.8826,%,False,False,2024-03-03T05:30:03
SN084,M034,2183.9801,RPM,False,False,2024-03-26T14:03:12
SN066,M016,2711.7861,RPM,False,False,2024-09-17T10:27:24
SN032,M032,76.0562,°C,False,False,2024-09-03T01:05:49
SN126,M026,1971.586,RPM,False,False,2024-12-04T15:04:31
SN058,M008,7.5139,bar,False,False,2024-08-21T06:44:16
SN017,M017,4.2979,mm/s,False,False,2024-10-05T15:03:03
SN098,M048,37.2914,A,False,False,2024-11-28T11:48:45
SN112,M012,637.1199,RPM,False,False,2024-02-14T22:18:31
SN075,M025,25.8386,%,False,False,2024-10-14T14:43:02
SN049,M049,5.515,A,False,False,2024-05-22T19:33:27
SN033,M033,10.8764,mm/s,False,False,2024-08-12T01:15:16
SN001,M001,55.8461,°C,False,False,2024-03-14T17:36:06
SN100,M050,3.6439,mm/s,False,False,2024-05-21T18:16:07
SN033,M033,6.8584,mm/s,False,False,2024-03-27T06:30:33
SN028,M028,55.2582,%,False,False,2024-06-27T21:07:44
SN081,M031,81.7593,%,False,False,2024-11-21T03:25:29
SN057,M007,21.6498,A,False,False,2024-08-21T14:03:50
SN073,M023,31.6042,A,False,False,2024-11-07T04:34:49
SN009,M009,880.3406,RPM,False,False,2024-09-24T10:13:01
SN032,M032,71.4959,°C,False,False,2024-08-10T21:48:22
SN123,M023,10.246,A,False,False,2024-04-23T04:55:52
SN097,M047,38.485,A,False,False,2024-02-29T07:17:16
SN054,M004,8.9427,bar,False,False,2024-03-28T09:49:14
SN014,M014,7.5963,bar,False,False,2024-11-28T17:45:25
SN125,M025,38.1704,°C,False,False,2024-11-12T12:27:50
SN041,M041,53.2875,°C,False,False,2024-05-11T00:53:25
SN109,M009,84.8656,%,False,False,2024-10-21T06:24:29
SN101,M001,52.0665,°C,False,False,2024-04-19T22:07:22
SN073,M023,9.2669,A,False,False,2024-11-28T12:50:56
SN141,M041,6.2178,A,False,False,2024-10-19T03:37:54
SN149,M049,23.288,°C,False,False,2024-12-28T22:52:27
SN078,M028,30.722,%,False,False,2024-02-23T10:09:39
SN114,M014,39.0658,%,False,False,2024-02-26T05:50:49
SN054,M004,7.3613,bar,False,False,2024-10-12T13:40:07
SN003,M003,2440.0027,RPM,False,False,2024-02-09T14:13:21
SN038,M038,46.6783,A,False,False,2024-09-20T20:53:19
SN044,M044,273.736,RPM,False,False,2024-07-03T00:50:31
SN046,M046,334.4385,RPM,False,False,2024-07-19T04:12:14
SN087,M037,2763.7219,RPM,False,False,2024-08-31T11:48:27
SN104,M004,5.6431,A,False,False,2024-06-03T00:59:50
SN126,M026,1699.0431,RPM,False,False,2024-03-07T23:41:43
SN097,M047,47.0803,A,False,False,2024-09-17T11:42:41
SN023,M023,8.3516,bar,False,False,2024-09-09T13:20:14
SN098,M048,31.0268,A,False,False,2024-05-22T15:41:56
SN003,M003,235.5154,RPM,False,False,2024-07-08T23:50:46
SN131,M031,27.8754,A,False,False,2024-08-10T09:18:13
SN123,M023,35.4046,A,False,False,2024-11-04T11:49:12
SN047,M047,11.3995,mm/s,False,False,2024-09-29T21:59:00
SN112,M012,356.9238,RPM,False,False,2024-05-06T07:21:13
SN017,M017,9.8292,mm/s,False,False,2024-07-27T17:57:58
SN048,M048,62.5701,°C,False,False,2024-06-01T22:26:59
SN143,M043,37.215,A,False,False,2024-07-24T20:46:30
SN126,M026,2385.8602,RPM,False,False,2024-07-28T07:40:27
SN032,M032,32.6034,°C,False,False,2024-09-12T18:25:57
SN031,M031,28.4574,A,False,False,2024-03-10T21:08:22
SN002,M002,72.4336,%,False,False,2024-02-17T18:51:55
SN011,M011,2.351,mm/s,False,False,2024-03-03T14:35:18
SN023,M023,8.2373,bar,False,False,2024-01-14T14:16:22
SN022,M022,1442.5227,RPM,False,False,2024-05-21T04:37:17
SN140,M040,79.359,°C,False,False,2024-09-12T14:29:23
SN001,M001,22.8046,°C,False,False,2024-07-20T17:33:37
SN076,M026,47.0289,°C,False,False,2024-08-12T02:41:45
SN126,M026,1489.5988,RPM,False,False,2024-05-16T17:58:10
SN138,M038,61.7918,°C,False,False,2024-09-14T08:02:16
SN012,M012,536.0099,RPM,False,False,2024-04-26T09:29:32
SN056,M006,6.1182,bar,False,False,2024-03-24T21:38:18
SN092,M042,67.7563,%,False,False,2024-06-12T21:27:54
SN020,M020,12.382,A,False,False,2024-09-09T08:17:07
SN042,M042,25.0577,°C,False,False,2024-04-08T17:07:25
SN109,M009,29.3825,%,False,False,2024-03-20T03:12:28
SN019,M019,12.7965,A,False,False,2024-09-02T21:06:16
SN050,M050,6.4255,mm/s,False,False,2024-09-08T13:39:51
SN131,M031,19.9351,A,False,False,2024-02-29T14:38:37
SN081,M031,48.4026,%,False,False,2024-01-11T01:29:50
SN064,M014,1.4207,mm/s,False,False,2024-02-12T17:10:56
SN141,M041,15.6445,A,False,False,2024-02-04T13:17:57
SN093,M043,36.9584,A,False,False,2024-02-26T19:53:27
SN058,M008,1.8325,bar,False,False,2024-03-27T07:17:32
SN097,M047,37.1798,A,False,False,2024-02-17T23:08:09
SN045,M045,8.4419,bar,False,False,2024-08-16T16:15:57
SN126,M026,994.3656,RPM,False,False,2024-08-10T04:53:59
SN073,M023,28.8547,A,False,False,2024-12-14T04:38:25
SN013,M013,9.0453,bar,False,False,2024-05-31T06:59:36
SN047,M047,8.4508,mm/s,False,False,2024-11-02T07:39:30
SN137,M037,41.896,A,False,False,2024-06-05T08:58:54
SN123,M023,12.3054,A,False,False,2024-09-23T16:07:10
SN132,M032,1874.0544,RPM,False,False,2024-02-25T09:46:55
SN097,M047,12.7001,A,False,False,2024-12-22T16:29:47
SN095,M045,11.8328,A,False,False,2024-08-24T09:31:23
SN108,M008,2.0874,mm/s,False,False,2024-05-17T11:31:56
SN120,M020,3.1444,mm/s,False,False,2024-06-15T03:03:34
SN134,M034,41.8659,A,False,False,2024-11-12T03:14:47
SN059,M009,40.7513,A,False,False,2024-04-28T16:58:18
SN105,M005,8.1846,bar,False,False,2024-09-03T11:36:55
SN021,M021,684.1047,RPM,False,False,2024-02-06T08:43:42
SN043,M043,0.9643,mm/s,False,False,2024-04-21T00:19:23
SN142,M042,2303.7887,RPM,False,False,2024-01-05T03:40:53
SN109,M009,81.0749,%,False,False,2024-02-22T23:36:16
SN123,M023,32.5433,A,False,False,2024-09-19T19:59:32
SN137,M037,19.2599,A,False,False,2024-08-27T08:12:27
SN049,M049,35.4311,A,False,False,2024-10-04T08:27:15
SN109,M009,69.1033,%,False,False,2024-04-04T20:21:12
SN136,M036,22.7743,%,False,False,2024-06-23T05:44:24
SN044,M044,2513.5021,RPM,False,False,2024-07-22T07:31:35
SN058,M008,4.1199,bar,False,False,2024-02-21T18:37:16
SN132,M032,145.0837,RPM,False,False,2024-07-11T10:28:04
SN098,M048,46.0621,A,False,False,2024-05-11T06:00:08
SN064,M014,9.6989,mm/s,False,False,2024-11-29T03:19:58
SN031,M031,22.9484,A,False,False,2024-04-12T19:39:22
SN055,M005,11.6517,bar,True,True,2024-06-01T20:49:05
SN056,M006,8.8974,bar,False,False,2024-09-06T16:56:55
SN132,M032,100.973,RPM,False,False,2024-06-28T20:00:13
SN125,M025,20.3579,°C,False,False,2024-06-27T18:48:32
SN085,M035,1.2217,mm/s,False,False,2024-05-15T19:38:32
SN048,M048,20.5385,°C,False,False,2024-06-16T07:22:57
SN126,M026,1507.9252,RPM,False,False,2024-12-14T22:43:11
SN040,M040,75.4714,°C,False,False,2024-01-03T16:24:36
SN040,M040,35.1957,°C,False,False,2024-07-01T19:13:46
SN102,M002,17.3135,A,False,False,2024-12-12T11:50:42
SN047,M047,3.0721,mm/s,False,False,2024-06-19T07:47:16
SN113,M013,4.0326,mm/s,False,False,2024-06-17T12:48:06
SN002,M002,77.0187,%,False,False,2024-03-18T01:49:27
SN029,M029,22.6368,%,False,False,2024-06-02T05:26:07
SN108,M008,10.2714,mm/s,False,False,2024-03-03T06:13:14
SN051,M001,82.8603,%,False,False,2024-04-13T05:25:55
SN031,M031,26.1309,A,False,False,2024-11-06T14:51:48
SN033,M033,8.7141,mm/s,False,False,2024-12-08T10:39:35
SN103,M003,2632.1496,RPM,False,False,2024-11-23T09:54:57
SN100,M050,10.9175,mm/s,False,False,2024-11-03T20:37:13
SN006,M006,980.7436,RPM,False,False,2024-01-06T07:13:02
SN061,M011,74.3542,%,False,False,2024-06-15T20:46:06
SN003,M003,824.9799,RPM,False,False,2024-07-07T17:11:19
SN022,M022,706.0798,RPM,False,False,2024-02-29T05:21:47
SN131,M031,13.3541,A,False,False,2024-02-14T16:03:50
SN068,M018,3.1025,bar,False,False,2024-11-14T16:38:02
SN110,M010,8.0537,mm/s,False,False,2024-11-10T13:18:15
SN027,M027,23.8609,A,False,False,2024-03-11T08:47:48
SN049,M049,28.0818,A,False,False,2024-09-03T09:45:21
SN039,M039,28.037,°C,False,False,2024-01-15T21:36:03
SN071,M021,2647.9302,RPM,False,False,2024-06-14T13:25:54
SN005,M005,4.3194,A,False,False,2024-01-20T18:56:18
SN098,M048,14.5562,A,False,False,2024-09-02T22:52:36
SN060,M010,4.8573,mm/s,False,False,2024-01-24T19:49:15
SN131,M031,2.4536,A,False,False,2024-02-12T17:47:11
SN069,M019,9.0155,bar,False,False,2024-10-03T08:27:30
SN108,M008,10.2042,mm/s,False,False,2024-03-11T14:02:52
SN011,M011,14.0628,mm/s,True,True,2024-05-04T21:53:54
SN055,M005,3.3814,bar,False,False,2024-08-23T13:11:35
SN026,M026,11.9825,A,False,False,2024-07-09T19:07:14
SN094,M044,317.8565,RPM,False,False,2024-09-16T19:02:34
SN004,M004,66.8057,°C,False,False,2024-02-20T14:33:33
SN085,M035,9.2344,mm/s,False,False,2024-10-15T12:37:41
SN136,M036,35.6055,%,False,False,2024-04-17T04:00:43
SN054,M004,1.7415,bar,False,False,2024-02-11T07:23:54
SN034,M034,6.1156,bar,False,False,2024-01-16T22:30:38
SN049,M049,21.1741,A,False,False,2024-02-08T07:22:02
SN020,M020,29.403,A,False,False,2024-04-27T01:57:49
SN122,M022,9.595,A,False,False,2024-10-06T22:03:30
SN040,M040,90.4479,°C,True,True,2024-08-01T18:59:29
SN065,M015,36.0694,A,False,False,2024-11-24T14:06:43
SN144,M044,74.366,°C,False,False,2024-06-23T04:09:26
SN031,M031,3.2162,A,False,False,2024-06-11T17:24:06
SN135,M035,50.6101,°C,False,False,2024-01-09T11:53:19
SN043,M043,7.9425,mm/s,False,False,2024-02-20T01:45:15
SN075,M025,103.5198,%,True,True,2024-11-04T12:15:17
SN049,M049,18.881,A,False,False,2024-09-22T21:48:47
SN137,M037,46.1481,A,False,False,2024-03-05T06:44:29
SN113,M013,4.3793,mm/s,False,False,2024-10-29T16:16:30
SN100,M050,3.095,mm/s,False,False,2024-03-12T11:37:21
SN001,M001,33.2318,°C,False,False,2024-09-27T13:55:02
SN003,M003,2253.3436,RPM,False,False,2024-06-25T21:01:03
SN129,M029,54.3923,%,False,False,2024-04-27T19:59:15
SN057,M007,12.7544,A,False,False,2024-02-16T06:07:26
SN044,M044,1520.6625,RPM,False,False,2024-04-23T08:10:36
SN011,M011,10.7393,mm/s,False,False,2024-04-17T20:52:41
SN035,M035,37.5545,A,False,False,2024-09-06T11:43:27
SN064,M014,2.3937,mm/s,False,False,2024-02-15T02:55:16
SN001,M001,58.4355,°C,False,False,2024-05-23T08:21:21
SN084,M034,2010.5659,RPM,False,False,2024-08-01T07:36:53
SN068,M018,4.4709,bar,False,False,2024-08-25T11:25:32
SN076,M026,23.4788,°C,False,False,2024-11-12T20:56:44
SN003,M003,624.9468,RPM,False,False,2024-04-18T14:53:52
SN046,M046,44.5697,RPM,False,False,2024-09-12T06:38:38
SN150,M050,8.5018,mm/s,False,False,2024-05-28T08:19:14
SN066,M016,1807.7708,RPM,False,False,2024-08-01T22:33:11
SN053,M003,33.4038,°C,False,False,2024-04-14T09:20:13
SN053,M003,69.0698,°C,False,False,2024-10-19T09:30:54
SN102,M002,11.0068,A,False,False,2024-10-09T01:28:38
SN112,M012,2571.1792,RPM,False,False,2024-02-06T09:15:50
SN127,M027,2.1093,mm/s,False,False,2024-11-30T21:42:17
SN046,M046,1397.9774,RPM,False,False,2024-10-10T07:14:46
SN047,M047,0.2399,mm/s,False,False,2024-03-04T06:30:42
SN046,M046,1958.9955,RPM,False,False,2024-03-13T22:52:13
SN018,M018,20.2538,A,False,False,2024-06-25T17:07:57
SN104,M004,25.022,A,False,False,2024-10-09T05:56:14
SN004,M004,42.9559,°C,False,False,2024-01-09T01:05:10
SN029,M029,70.0057,%,False,False,2024-09-07T07:00:31
SN012,M012,2194.8352,RPM,False,False,2024-04-13T22:44:21
SN037,M037,28.4828,A,False,False,2024-11-03T17:42:26
SN003,M003,303.066,RPM,False,False,2024-10-12T21:14:34
SN087,M037,242.1508,RPM,False,False,2024-02-24T01:43:06
SN123,M023,42.3885,A,False,False,2024-11-12T16:41:02
SN042,M042,49.0937,°C,False,False,2024-04-04T16:27:47
SN015,M015,3.2734,bar,False,False,2024-07-30T02:50:22
SN032,M032,87.5705,°C,True,True,2024-07-30T12:25:56
SN076,M026,73.8523,°C,False,False,2024-06-10T06:44:01
SN037,M037,53.5796,A,True,True,2024-03-29T00:45:55
SN110,M010,4.0277,mm/s,False,False,2024-04-21T09:36:01
SN058,M008,6.8175,bar,False,False,2024-09-23T17:07:32
SN029,M029,84.8953,%,False,False,2024-03-28T04:42:03
SN027,M027,13.3862,A,False,False,2024-01-30T15:04:25
SN086,M036,80.4774,%,False,False,2024-12-23T05:50:36
SN022,M022,1722.8432,RPM,False,False,2024-03-10T03:42:43
SN110,M010,6.8356,mm/s,False,False,2024-09-20T20:46:38
SN109,M009,63.7064,%,False,False,2024-04-27T02:46:40
SN074,M024,1.1847,mm/s,False,False,2024-12-21T19:55:23
SN128,M028,2658.7132,RPM,False,False,2024-11-10T20:27:09
SN020,M020,40.9314,A,False,False,2024-02-27T17:27:09
SN038,M038,18.5535,A,False,False,2024-10-07T03:24:30
SN123,M023,5.3753,A,False,False,2024-06-15T00:09:07
SN072,M022,3.6828,mm/s,False,False,2024-02-19T12:43:09
SN047,M047,4.0197,mm/s,False,False,2024-07-10T22:20:17
SN109,M009,83.7216,%,False,False,2024-08-21T16:39:08
SN086,M036,81.834,%,False,False,2024-12-23T21:58:49
SN063,M013,55.9817,%,False,False,2024-07-28T05:29:17
SN137,M037,25.4701,A,False,False,2024-03-30T08:49:21
SN099,M049,66.8273,%,False,False,2024-07-23T15:29:31
SN148,M048,73.1396,%,False,False,2024-03-26T04:20:27
SN023,M023,1.0244,bar,False,False,2024-11-26T08:07:15
SN005,M005,22.5115,A,False,False,2024-02-21T21:10:26
SN029,M029,42.8823,%,False,False,2024-11-25T14:56:14
SN036,M036,6.8467,A,False,False,2024-11-27T09:26:46
SN142,M042,2601.9186,RPM,False,False,2024-04-04T04:14:22
SN054,M004,1.4749,bar,False,False,2024-02-23T12:24:04
SN031,M031,33.4382,A,False,False,2024-05-26T14:11:22
SN007,M007,20.1737,A,False,False,2024-01-22T00:05:35
SN028,M028,24.832,%,False,False,2024-11-21T05:28:49
SN041,M041,93.8405,°C,True,True,2024-01-31T16:16:15
SN063,M013,57.2815,%,False,False,2024-11-12T00:20:19
SN107,M007,519.9099,RPM,False,False,2024-10-15T18:27:44
SN036,M036,33.1818,A,False,False,2024-04-26T07:36:50
SN121,M021,961.4104,RPM,False,False,2024-10-30T11:08:49
SN004,M004,29.4702,°C,False,False,2024-12-08T04:58:47
SN009,M009,494.7036,RPM,False,False,2024-03-03T06:33:32
SN003,M003,1207.3192,RPM,False,False,2024-12-06T04:41:34
SN117,M017,9.4565,mm/s,False,False,2024-12-22T23:06:03
SN147,M047,66.4626,%,False,False,2024-06-13T12:53:34
SN041,M041,25.5851,°C,False,False,2024-05-26T15:07:00
SN033,M033,4.5646,mm/s,False,False,2024-01-22T17:55:41
SN057,M007,39.069,A,False,False,2024-08-05T05:00:02
SN020,M020,22.2507,A,False,False,2024-05-01T15:08:21
SN104,M004,7.8292,A,False,False,2024-11-07T23:39:52
SN096,M046,31.8299,°C,False,False,2024-02-12T02:22:10
SN027,M027,28.6515,A,False,False,2024-11-24T18:58:13
SN086,M036,97.6417,%,True,True,2024-07-29T07:46:43
SN028,M028,59.1108,%,False,False,2024-10-20T19:17:27
SN080,M030,33.213,%,False,False,2024-12-26T20:47:22
SN009,M009,242.3622,RPM,False,False,2024-08-09T09:55:45
SN145,M045,14.9627,mm/s,True,True,2024-07-06T21:24:28
SN012,M012,3124.3155,RPM,True,True,2024-04-29T20:24:20
SN003,M003,2142.2864,RPM,False,False,2024-06-03T14:54:00
SN129,M029,69.2457,%,False,False,2024-10-08T19:54:12
SN092,M042,66.024,%,False,False,2024-02-07T19:38:45
SN085,M035,8.4525,mm/s,False,False,2024-02-09T05:24:54
SN129,M029,29.8372,%,False,False,2024-08-16T00:52:20
SN098,M048,41.2686,A,False,False,2024-01-15T12:40:13
SN075,M025,64.6955,%,False,False,2024-01-31T14:01:47
SN024,M024,10.9996,A,False,False,2024-03-24T17:58:39
SN037,M037,7.6497,A,False,False,2024-07-13T19:26:11
SN133,M033,28.9151,A,False,False,2024-07-22T05:23:20
SN088,M038,27.9703,°C,False,False,2024-04-22T22:50:24
SN093,M043,44.6567,A,False,False,2024-01-16T12:56:50
SN100,M050,11.3659,mm/s,False,False,2024-08-23T16:30:14
SN020,M020,26.9278,A,False,False,2024-07-12T05:14:55
SN025,M025,406.4742,RPM,False,False,2024-12-04T01:15:06
SN080,M030,83.466,%,False,False,2024-10-30T11:36:00
SN023,M023,4.8659,bar,False,False,2024-03-06T21:52:58
SN076,M026,37.0171,°C,False,False,2024-05-21T02:27:53
SN091,M041,30.8856,°C,False,False,2024-10-26T19:00:25
SN118,M018,5.3952,mm/s,False,False,2024-04-09T10:20:17
SN114,M014,29.1993,%,False,False,2024-02-18T03:26:56
SN146,M046,43.8074,%,False,False,2024-04-21T07:32:21
SN103,M003,1766.098,RPM,False,False,2024-09-21T07:30:35
SN034,M034,5.3561,bar,False,False,2024-08-30T13:59:28
SN081,M031,64.6842,%,False,False,2024-07-15T11:43:30
SN116,M016,77.3476,%,False,False,2024-09-22T01:52:45
SN011,M011,7.3401,mm/s,False,False,2024-10-14T19:01:02
SN063,M013,56.7324,%,False,False,2024-03-01T00:37:27
SN027,M027,7.5148,A,False,False,2024-06-04T01:33:47
SN019,M019,41.5225,A,False,False,2024-09-16T20:56:07
SN024,M024,22.2532,A,False,False,2024-07-26T19:38:25
SN120,M020,2.0551,mm/s,False,False,2024-02-12T01:52:46
SN102,M002,9.4749,A,False,False,2024-05-07T15:53:54
SN017,M017,11.3594,mm/s,False,False,2024-07-07T20:35:53
SN055,M005,5.0479,bar,False,False,2024-04-18T02:38:37
SN117,M017,12.6698,mm/s,True,True,2024-07-01T12:24:54
SN038,M038,15.2089,A,False,False,2024-01-13T03:57:13
SN098,M048,38.4053,A,False,False,2024-11-02T15:13:28
SN111,M011,32.9653,°C,False,False,2024-03-23T03:15:23
SN006,M006,1948.4636,RPM,False,False,2024-04-14T19:10:00
SN065,M015,3.9706,A,False,False,2024-01-27T21:32:28
SN071,M021,850.2599,RPM,False,False,2024-10-03T14:14:51
SN116,M016,54.373,%,False,False,2024-09-17T01:32:17
SN067,M017,1.4568,bar,False,False,2024-12-13T13:35:59
SN110,M010,8.5862,mm/s,False,False,2024-03-04T21:33:40
SN051,M001,47.4511,%,False,False,2024-07-03T15:58:32
SN138,M038,29.7619,°C,False,False,2024-09-27T13:37:20
SN112,M012,1974.7691,RPM,False,False,2024-05-31T03:01:43
SN003,M003,2547.271,RPM,False,False,2024-03-18T02:42:47
SN020,M020,27.4782,A,False,False,2024-02-26T03:55:49
SN083,M033,9.3879,mm/s,False,False,2024-10-12T04:41:58
SN082,M032,12.262,bar,True,True,2024-12-28T15:49:39
SN038,M038,15.0294,A,False,False,2024-11-03T14:07:54
SN105,M005,7.1394,bar,False,False,2024-06-23T23:30:50
SN033,M033,7.2836,mm/s,False,False,2024-08-12T14:51:52
SN025,M025,3574.5382,RPM,True,True,2024-03-13T21:05:22
SN108,M008,8.828,mm/s,False,False,2024-08-21T09:11:53
SN097,M047,9.9637,A,False,False,2024-03-15T05:43:51
SN148,M048,44.2518,%,False,False,2024-05-21T06:48:36
SN005,M005,14.5809,A,False,False,2024-11-14T02:06:48
SN032,M032,59.4214,°C,False,False,2024-06-26T02:12:16
SN106,M006,3.9938,bar,False,False,2024-07-29T16:09:32
SN110,M010,8.7219,mm/s,False,False,2024-02-14T00:46:41
SN046,M046,1063.3962,RPM,False,False,2024-08-02T16:02:12
SN042,M042,43.18,°C,False,False,2024-11-24T04:49:28
SN112,M012,2000.964,RPM,False,False,2024-12-30T05:52:33
SN026,M026,38.2821,A,False,False,2024-02-10T07:35:54
SN023,M023,6.2382,bar,False,False,2024-06-08T17:24:15
SN027,M027,35.707,A,False,False,2024-12-26T02:23:59
SN140,M040,46.9793,°C,False,False,2024-08-13T17:29:22
SN009,M009,2427.36,RPM,False,False,2024-03-23T06:46:55
SN058,M008,5.6885,bar,False,False,2024-02-14T11:13:39
SN051,M001,82.2611,%,False,False,2024-05-16T03:57:22
SN119,M019,7.9736,bar,False,False,2024-09-30T08:13:02
SN102,M002,55.3084,A,True,True,2024-03-27T23:14:25
SN130,M030,10.0275,mm/s,False,False,2024-04-12T17:18:36
SN079,M029,2266.1439,RPM,False,False,2024-06-10T01:26:17
SN062,M012,3687.2507,RPM,True,True,2024-01-13T16:32:58
SN004,M004,102.1545,°C,True,True,2024-11-22T12:32:27
SN133,M033,28.4974,A,False,False,2024-05-10T03:15:52
SN044,M044,2829.563,RPM,False,False,2024-04-03T22:01:45
SN143,M043,9.1514,A,False,False,2024-09-07T06:33:48
SN101,M001,68.6809,°C,False,False,2024-08-12T09:59:09
SN110,M010,7.2535,mm/s,False,False,2024-10-09T18:30:08
SN045,M045,3.7041,bar,False,False,2024-03-02T12:48:06
SN112,M012,2023.5709,RPM,False,False,2024-02-19T01:29:00
SN130,M030,6.577,mm/s,False,False,2024-06-01T05:49:05
SN067,M017,2.352,bar,False,False,2024-05-05T05:01:44
SN053,M003,21.5576,°C,False,False,2024-01-05T11:32:35
SN040,M040,100.5331,°C,True,True,2024-12-23T12:33:41
SN021,M021,72.0761,RPM,False,False,2024-10-12T02:57:09
SN034,M034,6.3929,bar,False,False,2024-10-28T23:39:42
SN092,M042,62.7402,%,False,False,2024-03-27T02:54:30
SN077,M027,39.9217,A,False,False,2024-10-09T01:43:27
SN097,M047,31.3147,A,False,False,2024-04-16T18:51:28
SN022,M022,1788.1983,RPM,False,False,2024-09-04T22:11:38
SN149,M049,26.7391,°C,False,False,2024-12-26T02:07:16
SN032,M032,37.1596,°C,False,False,2024-12-13T10:19:15
SN047,M047,5.6344,mm/s,False,False,2024-05-20T08:28:01
SN054,M004,5.1738,bar,False,False,2024-01-09T12:39:13
SN106,M006,9.1533,bar,False,False,2024-01-30T15:17:08
SN054,M004,4.1897,bar,False,False,2024-05-01T18:49:24
SN116,M016,31.7773,%,False,False,2024-01-04T22:30:51
SN046,M046,1798.9582,RPM,False,False,2024-11-27T23:23:48
SN009,M009,977.0098,RPM,False,False,2024-05-14T16:15:30
SN124,M024,28.4997,A,False,False,2024-01-02T22:44:20
SN041,M041,35.4609,°C,False,False,2024-02-17T05:20:04
SN050,M050,6.1099,mm/s,False,False,2024-07-20T04:03:45
SN132,M032,616.4736,RPM,False,False,2024-05-21T17:01:38
SN030,M030,0.3363,mm/s,False,False,2024-02-23T19:31:10
SN057,M007,32.8511,A,False,False,2024-02-19T03:48:48
SN069,M019,2.6935,bar,False,False,2024-02-05T17:13:15
SN090,M040,62.7011,%,False,False,2024-06-30T09:09:47
SN127,M027,10.7883,mm/s,False,False,2024-12-24T04:54:26
SN050,M050,2.2558,mm/s,False,False,2024-11-24T13:37:29
SN072,M022,1.173,mm/s,False,False,2024-11-04T00:43:26
SN080,M030,33.482,%,False,False,2024-10-07T10:05:24
SN125,M025,47.1041,°C,False,False,2024-08-19T14:11:47
SN070,M020,1775.2962,RPM,False,False,2024-08-23T20:24:20
SN099,M049,57.1478,%,False,False,2024-05-25T05:33:51
SN017,M017,10.1397,mm/s,False,False,2024-07-17T14:11:27
SN065,M015,13.94,A,False,False,2024-11-17T01:16:33
SN136,M036,21.9611,%,False,False,2024-03-10T20:49:44
SN083,M033,2.1194,mm/s,False,False,2024-04-05T06:31:51
SN019,M019,17.6539,A,False,False,2024-02-26T07:52:03
SN081,M031,40.8676,%,False,False,2024-01-05T05:36:17
SN085,M035,6.4691,mm/s,False,False,2024-05-04T21:10:04
SN060,M010,4.3957,mm/s,False,False,2024-08-21T17:12:01
SN055,M005,1.8748,bar,False,False,2024-04-17T23:35:58
SN020,M020,30.6978,A,False,False,2024-09-21T21:55:49
SN112,M012,912.346,RPM,False,False,2024-03-17T13:19:18
SN013,M013,5.2385,bar,False,False,2024-04-16T13:44:14
SN108,M008,5.1618,mm/s,False,False,2024-08-21T13:44:24
SN084,M034,673.8025,RPM,False,False,2024-01-09T06:14:19
SN073,M023,60.008,A,True,True,2024-08-11T14:27:37
SN002,M002,38.626,%,False,False,2024-11-22T20:40:48
SN104,M004,57.1349,A,True,True,2024-07-23T20:47:02
SN011,M011,0.1855,mm/s,False,False,2024-07-01T11:43:24
SN025,M025,1182.9748,RPM,False,False,2024-04-26T21:30:26
SN071,M021,985.5997,RPM,False,False,2024-01-31T23:29:03
SN143,M043,23.4564,A,False,False,2024-01-19T06:45:00
SN101,M001,79.776,°C,False,False,2024-07-10T14:13:50
SN032,M032,76.9655,°C,False,False,2024-02-09T21:38:23
SN008,M008,2352.5511,RPM,False,False,2024-02-23T21:05:54
SN027,M027,40.916,A,False,False,2024-10-08T06:31:50
SN112,M012,250.8477,RPM,False,False,2024-10-08T05:10:29
SN095,M045,25.534,A,False,False,2024-01-02T22:03:24
SN014,M014,7.672,bar,False,False,2024-02-13T00:45:51
SN013,M013,1.6379,bar,False,False,2024-05-07T21:34:06
SN098,M048,8.0911,A,False,False,2024-02-23T12:02:50
SN150,M050,1.4397,mm/s,False,False,2024-11-30T17:26:33
SN038,M038,42.1704,A,False,False,2024-12-13T18:27:04
SN106,M006,6.68,bar,False,False,2024-07-21T15:11:24
SN136,M036,51.3042,%,False,False,2024-07-09T08:05:55
SN072,M022,8.3319,mm/s,False,False,2024-03-28T16:53:34
SN024,M024,14.0711,A,False,False,2024-02-02T03:41:54
SN091,M041,73.027,°C,False,False,2024-09-13T02:48:22
SN053,M003,24.565,°C,False,False,2024-07-11T02:03:35
SN016,M016,7.6437,mm/s,False,False,2024-06-30T19:28:40
SN099,M049,26.847,%,False,False,2024-03-22T00:51:56
SN136,M036,40.525,%,False,False,2024-05-01T02:25:25
SN117,M017,9.665,mm/s,False,False,2024-02-11T00:49:37
SN034,M034,4.091,bar,False,False,2024-06-24T16:58:15
SN132,M032,1140.584,RPM,False,False,2024-01-27T15:45:53
SN072,M022,7.8234,mm/s,False,False,2024-12-03T19:24:57
SN148,M048,29.6475,%,False,False,2024-12-06T06:44:27
SN028,M028,35.7568,%,False,False,2024-12-13T05:35:52
SN118,M018,0.3259,mm/s,False,False,2024-09-14T01:13:12
SN136,M036,37.3954,%,False,False,2024-12-25T23:35:33
SN141,M041,20.495,A,False,False,2024-02-28T11:52:50
SN102,M002,24.1265,A,False,False,2024-01-21T15:27:35
SN113,M013,1.1151,mm/s,False,False,2024-09-08T21:35:34
SN098,M048,20.0729,A,False,False,2024-04-24T04:20:00
SN049,M049,28.2173,A,False,False,2024-07-24T15:52:57
SN127,M027,1.2447,mm/s,False,False,2024-01-20T08:50:08
SN064,M014,2.5032,mm/s,False,False,2024-01-21T15:16:47
SN010,M010,35.6392,%,False,False,2024-07-25T15:49:37
SN026,M026,41.9235,A,False,False,2024-09-28T15:55:37
SN104,M004,4.812,A,False,False,2024-10-12T00:40:15
SN069,M019,2.4537,bar,False,False,2024-03-20T01:27:39
SN089,M039,6.9998,bar,False,False,2024-04-21T20:09:19
SN001,M001,50.5718,°C,False,False,2024-09-29T00:51:54
SN123,M023,40.4968,A,False,False,2024-09-24T04:01:39
SN062,M012,1942.1111,RPM,False,False,2024-03-05T17:14:53
SN048,M048,47.6544,°C,False,False,2024-01-05T22:41:49
SN122,M022,0.9893,A,False,False,2024-04-12T11:05:39
SN020,M020,36.1124,A,False,False,2024-01-04T18:43:34
SN091,M041,55.4269,°C,False,False,2024-07-08T15:21:15
SN064,M014,0.515,mm/s,False,False,2024-01-07T18:05:39
SN146,M046,39.0381,%,False,False,2024-03-29T15:47:43
SN135,M035,65.8658,°C,False,False,2024-10-28T01:54:53
SN025,M025,2291.094,RPM,False,False,2024-05-10T08:44:22
SN116,M016,42.9762,%,False,False,2024-07-30T22:25:59
SN066,M016,722.58,RPM,False,False,2024-06-27T03:52:01
SN004,M004,38.2939,°C,False,False,2024-05-09T14:40:18
SN133,M033,40.7054,A,False,False,2024-12-16T08:48:15
SN124,M024,32.5747,A,False,False,2024-10-09T19:27:38
SN006,M006,1169.409,RPM,False,False,2024-03-26T12:55:51
SN037,M037,1.468,A,False,False,2024-08-12T07:28:29
SN111,M011,65.2202,°C,False,False,2024-03-16T06:44:21
SN097,M047,45.859,A,False,False,2024-12-06T15:34:29
SN140,M040,47.2931,°C,False,False,2024-12-06T05:46:37
SN135,M035,75.3024,°C,False,False,2024-05-15T11:28:17
SN085,M035,4.7572,mm/s,False,False,2024-04-17T06:48:35
SN080,M030,57.9584,%,False,False,2024-09-29T13:34:56
SN088,M038,27.4699,°C,False,False,2024-11-04T21:02:23
SN117,M017,9.0348,mm/s,False,False,2024-05-14T18:15:14
SN074,M024,0.095,mm/s,False,False,2024-12-26T02:26:17
SN038,M038,7.1358,A,False,False,2024-04-22T12:57:42
SN143,M043,14.4232,A,False,False,2024-04-21T22:46:39
SN017,M017,0.1778,mm/s,False,False,2024-01-16T21:42:37
SN056,M006,6.0411,bar,False,False,2024-01-21T15:47:50
SN126,M026,1226.4201,RPM,False,False,2024-09-13T10:00:24
SN001,M001,89.3924,°C,True,True,2024-12-07T06:17:00
SN073,M023,23.8447,A,False,False,2024-10-25T14:31:52
SN144,M044,25.2247,°C,False,False,2024-04-15T02:49:01
SN037,M037,9.3446,A,False,False,2024-08-15T06:41:26
SN021,M021,91.5896,RPM,False,False,2024-12-28T07:34:56
SN091,M041,61.2189,°C,False,False,2024-05-30T00:01:31
SN109,M009,79.2227,%,False,False,2024-12-12T19:40:36
SN067,M017,6.0748,bar,False,False,2024-03-08T07:17:29
SN145,M045,9.9856,mm/s,False,False,2024-11-08T09:22:02
SN149,M049,66.6354,°C,False,False,2024-04-07T02:21:34
SN035,M035,9.4774,A,False,False,2024-04-28T10:46:10
SN022,M022,2642.2881,RPM,False,False,2024-06-28T02:16:13
SN140,M040,67.5311,°C,False,False,2024-11-19T20:04:01
SN112,M012,1500.7285,RPM,False,False,2024-09-26T13:47:31
SN081,M031,64.8782,%,False,False,2024-05-18T20:41:28
SN120,M020,5.3187,mm/s,False,False,2024-06-08T07:53:15
SN119,M019,11.4855,bar,True,True,2024-10-24T18:48:41
SN108,M008,1.6027,mm/s,False,False,2024-12-18T04:26:35
SN078,M028,58.0111,%,False,False,2024-05-24T21:38:52
SN033,M033,10.259,mm/s,False,False,2024-12-06T21:44:16
SN076,M026,71.3403,°C,False,False,2024-02-18T21:48:25
SN104,M004,21.9834,A,False,False,2024-10-23T07:38:01
SN133,M033,2.5814,A,False,False,2024-01-22T05:46:24
SN070,M020,1852.1578,RPM,False,False,2024-05-09T12:17:27
SN025,M025,1611.5137,RPM,False,False,2024-09-25T04:47:32
SN085,M035,1.3844,mm/s,False,False,2024-08-15T01:01:47
SN131,M031,2.5185,A,False,False,2024-03-20T15:20:21
SN133,M033,35.1701,A,False,False,2024-07-11T08:34:26
SN035,M035,32.0948,A,False,False,2024-11-26T23:35:55
SN040,M040,38.8866,°C,False,False,2024-12-29T17:06:12
SN002,M002,60.85,%,False,False,2024-03-18T22:39:30
SN030,M030,1.7445,mm/s,False,False,2024-12-07T17:15:13
SN031,M031,11.7423,A,False,False,2024-02-10T05:41:14
SN122,M022,56.8168,A,True,True,2024-05-31T17:43:02
SN015,M015,3.5494,bar,False,False,2024-07-06T20:35:33
SN048,M048,71.1345,°C,False,False,2024-07-31T07:47:33
SN067,M017,6.7912,bar,False,False,2024-11-29T17:23:09
SN032,M032,58.649,°C,False,False,2024-03-12T18:32:02
SN037,M037,31.2296,A,False,False,2024-03-07T07:44:34
SN131,M031,25.9673,A,False,False,2024-07-03T22:07:04
SN123,M023,31.7079,A,False,False,2024-08-16T15:40:34
SN127,M027,3.1371,mm/s,False,False,2024-05-29T20:06:37
SN028,M028,73.2838,%,False,False,2024-02-27T13:00:43
SN008,M008,342.3605,RPM,False,False,2024-05-31T05:44:42
SN003,M003,97.1381,RPM,False,False,2024-09-09T14:22:31
SN114,M014,110.5761,%,True,True,2024-02-24T02:24:10
SN120,M020,5.2252,mm/s,False,False,2024-01-04T13:00:18
SN041,M041,71.9923,°C,False,False,2024-07-14T10:12:58
SN054,M004,7.0029,bar,False,False,2024-05-31T16:52:57
SN132,M032,1869.3699,RPM,False,False,2024-05-16T15:38:17
SN145,M045,8.1531,mm/s,False,False,2024-11-01T12:32:46
SN036,M036,36.2239,A,False,False,2024-04-27T15:30:40
SN101,M001,70.989,°C,False,False,2024-07-06T20:49:37
SN097,M047,28.7775,A,False,False,2024-03-11T01:12:45
SN148,M048,53.2072,%,False,False,2024-09-12T21:26:26
SN135,M035,62.3894,°C,False,False,2024-08-16T16:29:57
SN149,M049,57.5116,°C,False,False,2024-06-05T19:26:42
SN018,M018,60.7984,A,True,True,2024-03-02T19:39:43
SN060,M010,1.2109,mm/s,False,False,2024-12-28T19:41:28
SN122,M022,10.9979,A,False,False,2024-10-26T17:10:08
SN061,M011,77.6895,%,False,False,2024-10-09T18:58:21
SN099,M049,47.5137,%,False,False,2024-01-25T23:58:15
SN016,M016,1.305,mm/s,False,False,2024-11-24T20:45:55
SN019,M019,17.7803,A,False,False,2024-09-02T04:05:13
SN008,M008,915.3038,RPM,False,False,2024-09-28T08:35:44
SN116,M016,84.771,%,False,False,2024-08-10T20:00:50
SN143,M043,11.9935,A,False,False,2024-06-18T21:56:02
SN074,M024,8.4606,mm/s,False,False,2024-06-17T13:45:37
SN136,M036,32.5954,%,False,False,2024-08-14T01:38:21
SN007,M007,31.7613,A,False,False,2024-03-20T01:07:36
SN009,M009,2545.8794,RPM,False,False,2024-05-19T15:21:05
SN105,M005,8.3482,bar,False,False,2024-05-12T07:39:34
SN048,M048,78.1829,°C,False,False,2024-10-09T20:05:39
SN136,M036,74.5224,%,False,False,2024-08-09T12:14:03
SN122,M022,16.933,A,False,False,2024-12-15T10:19:53
SN144,M044,68.697,°C,False,False,2024-06-19T10:38:24
SN110,M010,9.9633,mm/s,False,False,2024-08-09T00:53:06
SN021,M021,1474.1536,RPM,False,False,2024-02-09T04:34:38
SN031,M031,2.4453,A,False,False,2024-07-28T22:10:46
SN085,M035,14.5069,mm/s,True,True,2024-04-22T14:01:51
SN065,M015,17.0005,A,False,False,2024-12-04T19:45:13
SN041,M041,24.5427,°C,False,False,2024-08-11T10:42:19
SN062,M012,2655.6558,RPM,False,False,2024-07-13T04:46:33
SN080,M030,23.7105,%,False,False,2024-09-27T21:20:17
SN029,M029,81.3687,%,False,False,2024-04-12T03:49:56
SN008,M008,3350.7699,RPM,True,True,2024-03-18T20:54:01
SN086,M036,23.8902,%,False,False,2024-03-20T07:35:32
SN141,M041,15.6564,A,False,False,2024-10-21T02:57:53
SN016,M016,0.8312,mm/s,False,False,2024-08-06T23:31:14
SN010,M010,24.635,%,False,False,2024-06-10T15:38:22
SN021,M021,1364.4987,RPM,False,False,2024-02-20T06:41:50
SN070,M020,296.5745,RPM,False,False,2024-07-11T20:37:00
SN130,M030,3.9929,mm/s,False,False,2024-07-04T11:29:08
SN078,M028,77.4075,%,False,False,2024-03-29T10:49:54
SN006,M006,75.1084,RPM,False,False,2024-10-30T15:06:51
SN051,M001,76.3493,%,False,False,2024-09-21T20:09:10
SN005,M005,2.4767,A,False,False,2024-10-24T08:40:08
SN097,M047,20.4116,A,False,False,2024-06-14T18:22:38
SN141,M041,20.8028,A,False,False,2024-12-14T10:00:48
SN095,M045,16.2985,A,False,False,2024-12-22T13:01:10
SN015,M015,1.7819,bar,False,False,2024-01-04T21:40:10
SN059,M009,35.747,A,False,False,2024-11-09T16:38:10
SN138,M038,80.1995,°C,False,False,2024-01-06T18:51:52
SN064,M014,0.8734,mm/s,False,False,2024-02-19T05:04:39
SN113,M013,0.4984,mm/s,False,False,2024-05-15T19:08:13
SN063,M013,28.4964,%,False,False,2024-06-03T11:56:18
SN123,M023,31.188,A,False,False,2024-01-30T15:53:36
SN065,M015,9.7784,A,False,False,2024-09-30T21:27:17
SN092,M042,76.2488,%,False,False,2024-06-21T06:06:34
SN078,M028,71.1037,%,False,False,2024-04-23T16:00:25
SN063,M013,37.5236,%,False,False,2024-09-27T23:42:12
SN139,M039,23.2804,°C,False,False,2024-12-15T16:34:22
SN106,M006,6.2859,bar,False,False,2024-04-18T15:46:28
SN021,M021,390.8247,RPM,False,False,2024-07-21T08:01:29
SN060,M010,6.3038,mm/s,False,False,2024-02-17T16:05:41
SN096,M046,67.8674,°C,False,False,2024-01-14T22:18:39
SN061,M011,62.569,%,False,False,2024-06-25T05:22:39
SN030,M030,14.5483,mm/s,True,True,2024-04-14T23:21:55
SN072,M022,3.4247,mm/s,False,False,2024-02-02T19:32:04
SN016,M016,6.9511,mm/s,False,False,2024-07-11T09:03:59
SN005,M005,18.2715,A,False,False,2024-01-18T05:58:58
SN058,M008,2.5676,bar,False,False,2024-06-16T10:00:11
SN137,M037,14.4945,A,False,False,2024-07-29T07:36:14
SN090,M040,79.6085,%,False,False,2024-10-20T00:14:43
SN087,M037,2586.2313,RPM,False,False,2024-11-10T16:01:06
SN056,M006,3.898,bar,False,False,2024-11-18T01:04:18
SN112,M012,2230.4461,RPM,False,False,2024-12-26T14:52:00
SN015,M015,5.703,bar,False,False,2024-10-07T02:58:31
SN074,M024,10.6929,mm/s,False,False,2024-06-29T00:09:24
SN109,M009,57.2239,%,False,False,2024-07-20T12:37:06
SN067,M017,4.241,bar,False,False,2024-10-16T13:48:40
SN061,M011,20.9945,%,False,False,2024-11-06T12:42:32
SN071,M021,712.308,RPM,False,False,2024-07-29T19:18:18
SN076,M026,43.972,°C,False,False,2024-08-27T01:18:58
SN071,M021,1878.8053,RPM,False,False,2024-10-30T20:44:29
SN004,M004,54.5328,°C,False,False,2024-05-04T15:50:16
SN068,M018,4.7724,bar,False,False,2024-01-07T16:56:13
SN113,M013,12.3421,mm/s,True,True,2024-05-19T07:32:48
SN123,M023,26.4389,A,False,False,2024-06-07T16:31:46
SN015,M015,1.6761,bar,False,False,2024-12-14T09:03:31
SN142,M042,182.5239,RPM,False,False,2024-03-10T19:53:38
SN067,M017,3.3472,bar,False,False,2024-12-03T12:10:59
SN127,M027,7.1859,mm/s,False,False,2024-02-27T01:13:25
SN013,M013,6.5641,bar,False,False,2024-03-12T13:23:08
SN130,M030,6.6108,mm/s,False,False,2024-01-17T07:03:15
SN142,M042,173.3167,RPM,False,False,2024-10-04T12:05:04
SN067,M017,1.137,bar,False,False,2024-11-24T03:19:36
SN091,M041,22.7175,°C,False,False,2024-04-01T03:31:59
SN090,M040,53.2044,%,False,False,2024-02-13T22:56:16
SN131,M031,9.692,A,False,False,2024-08-09T12:11:43
SN096,M046,61.3717,°C,False,False,2024-01-28T17:25:57
SN110,M010,1.6311,mm/s,False,False,2024-05-06T19:34:42
SN093,M043,19.3865,A,False,False,2024-09-10T04:52:38
SN096,M046,79.1402,°C,False,False,2024-08-29T12:40:50
SN008,M008,127.1401,RPM,False,False,2024-12-27T07:06:13
SN039,M039,21.5513,°C,False,False,2024-08-24T12:38:49
SN055,M005,5.3418,bar,False,False,2024-10-30T06:16:15
SN131,M031,33.8599,A,False,False,2024-12-31T00:52:27
SN056,M006,5.9528,bar,False,False,2024-09-12T04:14:12
SN039,M039,80.6176,°C,False,False,2024-01-31T11:09:36
SN020,M020,47.1352,A,False,False,2024-08-07T13:55:55
SN129,M029,61.2862,%,False,False,2024-10-12T00:55:17
SN108,M008,1.3822,mm/s,False,False,2024-12-07T04:01:24
SN136,M036,59.7652,%,False,False,2024-09-13T00:10:06
SN135,M035,39.2541,°C,False,False,2024-03-16T17:45:05
SN148,M048,35.9839,%,False,False,2024-04-04T09:36:27
SN093,M043,14.9538,A,False,False,2024-02-14T19:45:49
SN062,M012,2729.1843,RPM,False,False,2024-06-08T04:47:07
SN093,M043,26.6217,A,False,False,2024-01-30T16:30:27
SN093,M043,28.7479,A,False,False,2024-06-23T08:41:06
SN108,M008,9.4372,mm/s,False,False,2024-02-18T15:42:21
SN138,M038,75.2379,°C,False,False,2024-09-18T19:06:54
SN150,M050,6.9032,mm/s,False,False,2024-11-05T01:54:54
SN074,M024,1.3448,mm/s,False,False,2024-06-07T15:31:19
SN108,M008,1.6917,mm/s,False,False,2024-07-10T22:16:48
SN051,M001,77.4046,%,False,False,2024-01-07T00:35:04
SN043,M043,3.0025,mm/s,False,False,2024-08-03T09:02:55
SN121,M021,360.2342,RPM,False,False,2024-01-14T05:36:29
SN111,M011,89.9636,°C,True,True,2024-01-29T08:32:47
SN034,M034,5.4991,bar,False,False,2024-05-30T17:29:09
SN109,M009,46.3518,%,False,False,2024-08-04T07:03:51
SN062,M012,339.2345,RPM,False,False,2024-12-14T12:37:10
SN087,M037,1757.3943,RPM,False,False,2024-10-07T11:12:05
SN012,M012,2624.0626,RPM,False,False,2024-06-23T08:00:28
SN105,M005,7.2959,bar,False,False,2024-06-18T04:55:35
SN075,M025,65.8574,%,False,False,2024-10-11T20:11:07
SN047,M047,6.721,mm/s,False,False,2024-11-14T11:56:33
SN131,M031,42.541,A,False,False,2024-08-18T12:19:03
SN095,M045,21.5425,A,False,False,2024-05-04T10:41:17
SN113,M013,8.2369,mm/s,False,False,2024-04-18T11:15:38
SN025,M025,1405.8864,RPM,False,False,2024-01-19T18:04:34
SN145,M045,5.9872,mm/s,False,False,2024-07-16T09:01:38
SN110,M010,4.3784,mm/s,False,False,2024-10-21T02:32:58
SN046,M046,119.5131,RPM,False,False,2024-10-12T07:12:29
SN054,M004,3.3652,bar,False,False,2024-12-07T14:18:52
SN081,M031,38.6538,%,False,False,2024-02-16T00:58:34
SN074,M024,5.0037,mm/s,False,False,2024-12-09T20:03:08
SN044,M044,2615.4252,RPM,False,False,2024-08-23T09:54:56
SN028,M028,63.6514,%,False,False,2024-02-24T18:14:39
SN025,M025,2390.5515,RPM,False,False,2024-10-20T03:50:57
SN044,M044,3682.7535,RPM,True,True,2024-12-11T21:24:28
SN139,M039,31.8543,°C,False,False,2024-07-08T15:54:00
SN007,M007,13.3873,A,False,False,2024-08-09T19:38:42
SN110,M010,5.9382,mm/s,False,False,2024-11-18T17:50:01
SN117,M017,1.2496,mm/s,False,False,2024-10-01T07:24:00
SN031,M031,20.5326,A,False,False,2024-04-12T03:51:52
SN023,M023,9.4412,bar,False,False,2024-10-11T03:19:14
SN030,M030,9.1615,mm/s,False,False,2024-10-16T01:10:09
SN057,M007,15.538,A,False,False,2024-07-15T22:08:36
SN086,M036,61.3059,%,False,False,2024-07-18T04:03:12
SN019,M019,14.9535,A,False,False,2024-12-25T03:06:29
SN010,M010,81.0701,%,False,False,2024-11-04T10:27:22
SN134,M034,39.968,A,False,False,2024-09-13T18:10:55
SN010,M010,61.0872,%,False,False,2024-04-05T12:04:55
SN036,M036,41.4255,A,False,False,2024-03-26T12:30:06
SN051,M001,29.9189,%,False,False,2024-11-12T01:48:27
SN048,M048,37.1679,°C,False,False,2024-03-18T02:50:03
SN023,M023,8.2858,bar,False,False,2024-10-18T01:20:34
SN055,M005,10.3547,bar,True,True,2024-08-04T14:29:13
SN054,M004,1.3299,bar,False,False,2024-09-24T04:27:13
SN068,M018,6.3637,bar,False,False,2024-04-01T03:42:34
SN090,M040,63.0296,%,False,False,2024-03-10T22:19:16
SN077,M027,41.5644,A,False,False,2024-09-16T09:59:08
SN125,M025,58.2742,°C,False,False,2024-08-20T04:17:32
SN092,M042,39.3498,%,False,False,2024-03-26T00:34:49
SN029,M029,78.7416,%,False,False,2024-10-23T16:24:19
SN074,M024,5.0978,mm/s,False,False,2024-04-06T01:54:00
SN109,M009,50.4402,%,False,False,2024-05-03T20:25:08
SN030,M030,4.5382,mm/s,False,False,2024-02-19T17:35:08
SN124,M024,41.0404,A,False,False,2024-08-21T10:16:26
SN106,M006,1.2462,bar,False,False,2024-04-14T01:13:53
SN130,M030,9.7013,mm/s,False,False,2024-06-07T20:12:38
SN016,M016,3.6844,mm/s,False,False,2024-09-19T03:21:14
SN082,M032,7.8768,bar,False,False,2024-06-14T03:08:40
SN103,M003,155.7051,RPM,False,False,2024-07-07T13:14:17
SN057,M007,38.8799,A,False,False,2024-04-29T19:31:39
SN115,M015,6.5266,mm/s,False,False,2024-03-05T16:13:12
SN138,M038,57.9862,°C,False,False,2024-08-26T04:24:26
SN085,M035,6.1533,mm/s,False,False,2024-10-07T11:39:34
SN006,M006,257.2202,RPM,False,False,2024-09-30T16:33:52
SN086,M036,70.2282,%,False,False,2024-08-02T17:20:50
SN017,M017,5.9126,mm/s,False,False,2024-05-20T14:59:44
SN138,M038,29.5373,°C,False,False,2024-07-27T01:04:29
SN102,M002,10.8934,A,False,False,2024-11-07T04:31:16
SN042,M042,40.1388,°C,False,False,2024-03-24T17:40:42
SN142,M042,2679.0393,RPM,False,False,2024-01-15T00:14:35
SN006,M006,1500.6828,RPM,False,False,2024-07-13T18:18:44
SN102,M002,2.0085,A,False,False,2024-04-19T22:35:14
SN078,M028,104.8732,%,True,True,2024-09-24T05:16:39
SN064,M014,14.3098,mm/s,True,True,2024-11-11T17:40:13
SN097,M047,6.2317,A,False,False,2024-10-14T14:12:00
SN070,M020,218.1022,RPM,False,False,2024-07-14T22:22:15
SN107,M007,3572.4299,RPM,True,True,2024-07-29T08:59:27
SN039,M039,55.7329,°C,False,False,2024-05-31T21:32:20
SN050,M050,9.7961,mm/s,False,False,2024-10-31T18:36:10
SN083,M033,8.4757,mm/s,False,False,2024-04-27T08:16:45
SN071,M021,284.0858,RPM,False,False,2024-09-11T18:50:08
SN148,M048,39.0761,%,False,False,2024-02-06T03:24:15
SN057,M007,26.6473,A,False,False,2024-07-06T17:08:38
SN073,M023,25.3272,A,False,False,2024-04-04T23:58:05
SN098,M048,56.7159,A,True,True,2024-06-01T21:02:20
SN096,M046,63.4107,°C,False,False,2024-06-24T15:27:54
SN058,M008,1.2116,bar,False,False,2024-10-26T12:09:32
SN060,M010,5.4356,mm/s,False,False,2024-02-12T07:28:23
SN080,M030,73.0341,%,False,False,2024-02-02T11:31:49
SN025,M025,591.8932,RPM,False,False,2024-12-31T20:56:44
SN126,M026,239.083,RPM,False,False,2024-06-05T14:03:01
SN122,M022,39.8834,A,False,False,2024-10-22T09:08:03
SN060,M010,5.625,mm/s,False,False,2024-06-08T22:48:00
SN080,M030,74.6482,%,False,False,2024-01-15T04:17:42
SN083,M033,6.8255,mm/s,False,False,2024-12-04T10:17:48
SN002,M002,33.7042,%,False,False,2024-08-06T10:02:11
SN126,M026,892.0961,RPM,False,False,2024-09-10T05:09:39
SN061,M011,66.4309,%,False,False,2024-07-18T18:50:43
SN143,M043,47.1559,A,False,False,2024-02-01T15:01:21
SN027,M027,3.6815,A,False,False,2024-02-19T10:21:31
SN004,M004,65.45,°C,False,False,2024-03-05T13:04:05
SN051,M001,83.6605,%,False,False,2024-01-16T04:05:01
SN109,M009,61.0138,%,False,False,2024-07-22T17:31:29
SN125,M025,73.1086,°C,False,False,2024-06-11T09:24:56
SN103,M003,3141.1325,RPM,True,True,2024-04-24T06:21:47
SN070,M020,1753.0364,RPM,False,False,2024-05-24T07:51:34
SN145,M045,1.6133,mm/s,False,False,2024-07-22T05:03:18
SN053,M003,77.8337,°C,False,False,2024-05-24T04:19:53
SN133,M033,22.4252,A,False,False,2024-03-22T19:05:38
SN085,M035,8.2095,mm/s,False,False,2024-11-27T00:54:29
SN035,M035,33.9664,A,False,False,2024-07-03T00:47:32
SN003,M003,510.7935,RPM,False,False,2024-07-01T17:19:00
SN018,M018,0.2661,A,False,False,2024-09-29T10:07:27
SN049,M049,4.4578,A,False,False,2024-06-27T02:24:07
SN085,M035,7.1247,mm/s,False,False,2024-08-18T20:43:01
SN041,M041,58.6579,°C,False,False,2024-12-09T01:21:18
SN058,M008,1.1201,bar,False,False,2024-03-15T19:32:28
SN071,M021,2597.8056,RPM,False,False,2024-06-14T12:09:06
SN150,M050,4.1869,mm/s,False,False,2024-10-24T20:51:14
SN104,M004,26.6528,A,False,False,2024-09-06T04:08:21
SN052,M002,2.2956,bar,False,False,2024-10-10T18:13:36
SN056,M006,3.235,bar,False,False,2024-02-09T17:42:40
SN033,M033,6.6954,mm/s,False,False,2024-10-24T12:08:38
SN099,M049,70.5646,%,False,False,2024-08-17T23:25:27
SN071,M021,2101.2067,RPM,False,False,2024-08-27T04:29:04
SN122,M022,0.1269,A,False,False,2024-03-31T00:49:18
SN056,M006,7.8285,bar,False,False,2024-02-26T21:24:04
SN037,M037,41.5442,A,False,False,2024-05-05T13:43:38
SN020,M020,2.479,A,False,False,2024-07-17T17:26:19
SN113,M013,5.3773,mm/s,False,False,2024-04-27T12:02:52
SN129,M029,35.7706,%,False,False,2024-06-01T17:19:28
SN097,M047,33.5466,A,False,False,2024-05-17T20:45:42
SN080,M030,40.7617,%,False,False,2024-01-31T08:52:25
SN055,M005,9.0367,bar,False,False,2024-11-19T17:45:40
SN072,M022,9.5746,mm/s,False,False,2024-08-05T16:06:24
SN114,M014,71.6772,%,False,False,2024-09-23T04:05:20
SN031,M031,20.6821,A,False,False,2024-05-15T05:16:38
SN046,M046,3312.3242,RPM,True,True,2024-06-30T00:08:31
SN089,M039,2.8171,bar,False,False,2024-08-05T09:39:30
SN049,M049,8.5028,A,False,False,2024-10-17T08:24:09
SN003,M003,1028.8254,RPM,False,False,2024-03-16T16:29:36
SN002,M002,41.5136,%,False,False,2024-12-19T19:30:55
SN095,M045,23.8827,A,False,False,2024-01-06T01:07:03
SN070,M020,3249.7165,RPM,True,True,2024-07-04T22:07:56
SN102,M002,58.9982,A,True,True,2024-04-08T06:29:04
SN071,M021,2767.751,RPM,False,False,2024-11-15T17:57:06
SN008,M008,2643.5883,RPM,False,False,2024-08-23T22:44:29
SN117,M017,5.3973,mm/s,False,False,2024-12-05T19:00:08
SN140,M040,22.3203,°C,False,False,2024-01-12T04:46:48
SN040,M040,30.7471,°C,False,False,2024-11-26T11:21:52
SN034,M034,8.0895,bar,False,False,2024-02-16T09:08:17
SN015,M015,7.04,bar,False,False,2024-05-02T00:53:49
SN025,M025,790.8128,RPM,False,False,2024-11-27T02:34:59
SN050,M050,8.407,mm/s,False,False,2024-05-09T04:39:44
SN082,M032,2.4383,bar,False,False,2024-08-15T21:48:54
SN094,M044,2680.5537,RPM,False,False,2024-06-05T13:50:43
SN107,M007,1908.4773,RPM,False,False,2024-01-26T05:25:24
SN050,M050,5.7174,mm/s,False,False,2024-10-10T02:22:20
SN069,M019,4.7689,bar,False,False,2024-04-17T00:05:00
SN051,M001,46.806,%,False,False,2024-09-03T17:25:20
SN001,M001,54.054,°C,False,False,2024-02-15T17:10:45
SN088,M038,70.7934,°C,False,False,2024-02-03T10:27:56
SN145,M045,1.005,mm/s,False,False,2024-12-22T12:29:00
SN024,M024,4.1048,A,False,False,2024-05-03T07:19:35
SN006,M006,2247.8995,RPM,False,False,2024-03-25T11:29:16
SN096,M046,73.2898,°C,False,False,2024-04-05T19:42:36
SN079,M029,1830.6046,RPM,False,False,2024-12-16T02:23:42
SN049,M049,35.0602,A,False,False,2024-04-30T13:56:57
SN014,M014,3.4402,bar,False,False,2024-04-18T08:07:38
SN036,M036,19.6642,A,False,False,2024-11-20T09:19:47
SN049,M049,9.4632,A,False,False,2024-04-24T12:58:07
SN067,M017,3.2486,bar,False,False,2024-07-09T06:03:55
SN091,M041,41.1932,°C,False,False,2024-09-06T06:15:03
SN134,M034,29.9738,A,False,False,2024-11-19T00:17:22
SN044,M044,3635.9597,RPM,True,True,2024-05-29T18:48:16
SN040,M040,32.7978,°C,False,False,2024-09-29T16:51:41
SN112,M012,2311.0887,RPM,False,False,2024-11-05T05:47:14
SN074,M024,7.9761,mm/s,False,False,2024-07-14T15:25:56
SN142,M042,2263.7408,RPM,False,False,2024-02-05T05:55:16
SN132,M032,735.9095,RPM,False,False,2024-06-30T15:10:11
SN067,M017,10.4652,bar,True,True,2024-09-12T16:06:02
SN048,M048,48.3852,°C,False,False,2024-05-05T10:29:38
SN096,M046,59.992,°C,False,False,2024-12-16T00:29:27
SN009,M009,298.147,RPM,False,False,2024-05-19T09:02:33
SN003,M003,1355.1634,RPM,False,False,2024-05-10T18:00:32
SN026,M026,17.0052,A,False,False,2024-03-04T04:53:57
SN120,M020,8.5733,mm/s,False,False,2024-06-19T11:51:27
SN117,M017,7.9173,mm/s,False,False,2024-10-10T20:59:35
SN103,M003,694.2279,RPM,False,False,2024-10-07T22:19:11
SN096,M046,49.3154,°C,False,False,2024-06-04T19:01:04
SN077,M027,61.6834,A,True,True,2024-03-31T23:51:45
SN130,M030,4.8552,mm/s,False,False,2024-04-14T14:37:34
SN148,M048,21.8704,%,False,False,2024-07-17T22:05:26
SN043,M043,10.1072,mm/s,False,False,2024-09-27T22:23:48
SN135,M035,79.075,°C,False,False,2024-10-18T23:45:02
SN036,M036,15.8245,A,False,False,2024-01-21T21:27:11
SN024,M024,36.3766,A,False,False,2024-11-07T06:25:29
SN089,M039,2.4054,bar,False,False,2024-01-01T07:51:33
SN038,M038,8.1733,A,False,False,2024-04-29T10:21:25
SN021,M021,2444.6223,RPM,False,False,2024-06-18T12:55:49
SN024,M024,7.3216,A,False,False,2024-08-03T16:13:14
SN096,M046,89.8149,°C,True,True,2024-02-08T19:15:39
SN121,M021,1123.0348,RPM,False,False,2024-03-23T12:34:04
SN121,M021,2369.3389,RPM,False,False,2024-10-01T06:29:08
SN063,M013,26.2765,%,False,False,2024-02-19T21:43:44
SN082,M032,2.135,bar,False,False,2024-10-27T07:18:34
SN084,M034,2336.4046,RPM,False,False,2024-10-10T15:33:41
SN109,M009,54.9845,%,False,False,2024-05-14T17:02:11
SN126,M026,2765.1431,RPM,False,False,2024-01-11T10:41:29
SN057,M007,8.4626,A,False,False,2024-04-01T07:49:39
SN095,M045,23.8192,A,False,False,2024-01-01T14:50:03
SN102,M002,30.6649,A,False,False,2024-02-23T14:59:52
SN128,M028,602.0122,RPM,False,False,2024-06-18T02:13:40
SN024,M024,31.0671,A,False,False,2024-06-14T07:55:01
SN039,M039,43.499,°C,False,False,2024-11-14T22:50:16
SN124,M024,62.0229,A,True,True,2024-06-12T18:52:21
SN046,M046,1944.6684,RPM,False,False,2024-11-19T23:36:37
SN028,M028,25.413,%,False,False,2024-09-23T10:35:42
SN026,M026,19.2125,A,False,False,2024-11-09T08:59:55
SN004,M004,27.8209,°C,False,False,2024-07-15T21:18:24
SN099,M049,20.7591,%,False,False,2024-09-10T22:01:05
SN103,M003,155.3572,RPM,False,False,2024-06-14T01:06:42
SN067,M017,1.9856,bar,False,False,2024-11-09T10:57:03
SN116,M016,71.1557,%,False,False,2024-10-03T12:32:23
SN086,M036,83.651,%,False,False,2024-02-13T08:51:35
SN046,M046,1515.3781,RPM,False,False,2024-05-28T22:12:59
SN021,M021,960.7797,RPM,False,False,2024-12-28T19:09:41
SN067,M017,7.9091,bar,False,False,2024-10-09T13:59:29
SN117,M017,5.2983,mm/s,False,False,2024-01-16T11:22:37
SN032,M032,47.9602,°C,False,False,2024-01-20T10:43:08
SN095,M045,16.0294,A,False,False,2024-04-25T00:15:58
SN007,M007,8.4896,A,False,False,2024-05-18T14:24:45
SN107,M007,3283.9965,RPM,True,True,2024-09-03T23:47:18
SN010,M010,43.3995,%,False,False,2024-01-15T05:15:06
SN137,M037,11.8098,A,False,False,2024-02-02T15:22:24
SN137,M037,34.5224,A,False,False,2024-09-02T19:14:31
SN127,M027,3.1315,mm/s,False,False,2024-06-26T21:09:25
SN063,M013,79.1845,%,False,False,2024-12-28T01:21:06
SN135,M035,22.4689,°C,False,False,2024-05-06T20:01:30
SN096,M046,98.6129,°C,True,True,2024-10-08T02:24:00
SN026,M026,46.5627,A,False,False,2024-01-31T14:08:30
SN087,M037,2135.4109,RPM,False,False,2024-06-13T02:15:51
SN103,M003,3715.7476,RPM,True,True,2024-04-09T18:05:24
SN021,M021,1235.2906,RPM,False,False,2024-02-15T05:09:49
SN050,M050,11.3421,mm/s,False,False,2024-08-27T01:38:06
SN132,M032,2262.1119,RPM,False,False,2024-09-26T14:56:43
SN013,M013,5.0198,bar,False,False,2024-10-22T10:24:55
SN112,M012,1963.2604,RPM,False,False,2024-03-13T02:58:30
SN071,M021,130.3652,RPM,False,False,2024-06-03T19:52:46
SN047,M047,3.1085,mm/s,False,False,2024-06-07T03:13:07
SN054,M004,11.1529,bar,True,True,2024-02-20T09:30:56
SN071,M021,1707.3764,RPM,False,False,2024-09-03T13:17:34
SN082,M032,2.911,bar,False,False,2024-10-02T08:26:17
SN084,M034,1742.4509,RPM,False,False,2024-10-09T18:58:48
SN118,M018,7.2364,mm/s,False,False,2024-05-07T16:11:27
SN139,M039,76.4898,°C,False,False,2024-01-05T21:08:06
SN088,M038,41.0418,°C,False,False,2024-06-21T13:57:01
SN039,M039,65.1112,°C,False,False,2024-03-22T19:16:58
SN137,M037,31.9668,A,False,False,2024-04-09T07:13:39
SN104,M004,60.8014,A,True,True,2024-01-31T12:41:04
SN125,M025,40.9769,°C,False,False,2024-03-21T14:31:02
SN136,M036,39.1144,%,False,False,2024-05-02T11:09:50
SN116,M016,21.9365,%,False,False,2024-08-30T16:08:32
SN150,M050,4.0085,mm/s,False,False,2024-06-16T14:09:30
SN107,M007,66.7138,RPM,False,False,2024-04-20T06:01:29
SN143,M043,47.0098,A,False,False,2024-05-25T17:54:12
SN138,M038,56.8826,°C,False,False,2024-11-25T23:28:53
SN032,M032,33.2621,°C,False,False,2024-02-12T23:10:19
SN147,M047,76.6505,%,False,False,2024-10-24T19:47:22
SN103,M003,1003.2702,RPM,False,False,2024-03-25T13:36:04
SN108,M008,3.1792,mm/s,False,False,2024-10-26T05:34:38
SN093,M043,31.5511,A,False,False,2024-09-23T17:50:56
SN082,M032,5.5263,bar,False,False,2024-03-28T10:04:36
SN104,M004,22.0359,A,False,False,2024-11-16T20:10:05
SN116,M016,77.2039,%,False,False,2024-06-04T08:46:36
SN074,M024,14.5304,mm/s,True,True,2024-10-23T07:04:07
SN119,M019,6.8085,bar,False,False,2024-02-08T04:26:15
SN099,M049,47.3855,%,False,False,2024-06-11T10:33:18
SN106,M006,1.2468,bar,False,False,2024-03-28T01:37:35
SN036,M036,23.9097,A,False,False,2024-02-01T06:22:06
SN147,M047,81.9295,%,False,False,2024-05-06T05:24:31
SN064,M014,7.1306,mm/s,False,False,2024-09-22T18:43:33
SN024,M024,1.0792,A,False,False,2024-08-21T12:55:08
SN100,M050,9.8432,mm/s,False,False,2024-11-26T05:27:15
SN042,M042,63.9259,°C,False,False,2024-04-02T22:34:49
SN045,M045,7.0587,bar,False,False,2024-03-18T14:08:02
SN083,M033,0.7389,mm/s,False,False,2024-01-12T23:54:48
SN053,M003,47.896,°C,False,False,2024-09-22T12:16:35
SN114,M014,72.1874,%,False,False,2024-06-28T04:37:03
SN129,M029,72.6415,%,False,False,2024-11-21T09:33:54
SN085,M035,10.3612,mm/s,False,False,2024-04-05T02:17:34
SN119,M019,1.5937,bar,False,False,2024-10-17T17:32:15
SN009,M009,1158.0881,RPM,False,False,2024-07-20T20:35:03
SN121,M021,200.542,RPM,False,False,2024-06-10T23:33:24
SN067,M017,5.5674,bar,False,False,2024-10-04T23:41:29
SN137,M037,20.8298,A,False,False,2024-11-17T11:13:29
SN016,M016,4.5417,mm/s,False,False,2024-11-15T08:32:18
SN011,M011,8.1695,mm/s,False,False,2024-07-17T16:04:55
SN113,M013,1.4142,mm/s,False,False,2024-02-26T16:40:01
SN068,M018,5.9284,bar,False,False,2024-11-03T10:25:10
SN029,M029,44.0034,%,False,False,2024-09-11T23:22:06
SN087,M037,692.7457,RPM,False,False,2024-07-06T10:04:27
SN054,M004,3.8052,bar,False,False,2024-09-26T09:54:08
SN019,M019,33.6814,A,False,False,2024-10-19T05:49:53
SN063,M013,42.43,%,False,False,2024-09-24T15:45:17
SN114,M014,49.4996,%,False,False,2024-04-10T04:00:18
SN146,M046,22.3413,%,False,False,2024-02-24T09:05:24
SN038,M038,1.2322,A,False,False,2024-12-07T19:47:04
SN095,M045,33.9056,A,False,False,2024-04-29T02:18:13
SN041,M041,38.513,°C,False,False,2024-10-03T22:22:35
SN113,M013,1.7606,mm/s,False,False,2024-11-08T16:59:43
SN033,M033,3.3326,mm/s,False,False,2024-05-29T05:15:07
SN066,M016,79.8134,RPM,False,False,2024-03-23T04:49:59
SN150,M050,6.6603,mm/s,False,False,2024-04-10T17:58:50
SN094,M044,2124.5531,RPM,False,False,2024-07-19T17:05:33
SN104,M004,42.7502,A,False,False,2024-05-13T16:18:09
SN040,M040,50.4415,°C,False,False,2024-07-22T05:51:29
SN096,M046,76.2595,°C,False,False,2024-09-08T19:18:25
SN044,M044,1373.8496,RPM,False,False,2024-07-06T23:11:32
SN098,M048,61.8899,A,True,True,2024-05-12T23:05:30
SN058,M008,2.9066,bar,False,False,2024-04-18T02:05:20
SN031,M031,16.9338,A,False,False,2024-06-27T09:11:19
SN146,M046,79.3628,%,False,False,2024-11-22T05:09:15
SN135,M035,65.0387,°C,False,False,2024-05-21T04:37:40
SN009,M009,281.6941,RPM,False,False,2024-05-07T23:18:11
SN130,M030,6.3074,mm/s,False,False,2024-07-26T16:16:02
SN138,M038,78.9541,°C,False,False,2024-01-22T17:43:22
SN115,M015,2.8269,mm/s,False,False,2024-04-09T10:45:52
SN047,M047,7.4192,mm/s,False,False,2024-04-05T04:22:36
SN059,M009,21.6631,A,False,False,2024-01-16T14:59:48
SN069,M019,1.7766,bar,False,False,2024-03-14T19:03:37
SN017,M017,1.5111,mm/s,False,False,2024-04-27T13:56:08
SN016,M016,2.7809,mm/s,False,False,2024-10-22T19:22:36
SN149,M049,25.9699,°C,False,False,2024-12-08T09:29:13
SN014,M014,6.3882,bar,False,False,2024-03-17T06:49:17
SN123,M023,3.9608,A,False,False,2024-03-17T15:51:58
SN026,M026,10.2122,A,False,False,2024-07-08T05:19:08
SN077,M027,27.6314,A,False,False,2024-11-30T10:23:53
SN029,M029,48.993,%,False,False,2024-09-06T13:43:15
SN050,M050,7.2382,mm/s,False,False,2024-10-20T10:10:17
SN117,M017,2.8699,mm/s,False,False,2024-06-07T03:05:20
SN070,M020,503.1158,RPM,False,False,2024-07-16T00:18:47
SN124,M024,45.1932,A,False,False,2024-04-26T08:49:18
SN068,M018,3.1167,bar,False,False,2024-04-16T21:52:24
SN144,M044,58.0247,°C,False,False,2024-02-13T06:58:34
SN047,M047,3.639,mm/s,False,False,2024-07-16T21:19:51
SN121,M021,509.5662,RPM,False,False,2024-10-22T07:47:38
SN111,M011,25.745,°C,False,False,2024-11-30T18:42:03
SN114,M014,64.9958,%,False,False,2024-11-15T10:47:35
SN047,M047,1.2393,mm/s,False,False,2024-03-31T00:33:31
SN055,M005,3.5958,bar,False,False,2024-10-24T15:33:25
SN136,M036,64.8509,%,False,False,2024-12-26T05:24:23
SN054,M004,2.3141,bar,False,False,2024-03-01T17:38:21
SN050,M050,8.9582,mm/s,False,False,2024-11-27T00:32:44
SN041,M041,29.5458,°C,False,False,2024-07-19T13:48:53
SN122,M022,37.4656,A,False,False,2024-10-29T19:50:33
SN069,M019,3.2343,bar,False,False,2024-12-28T20:35:11
SN078,M028,40.0582,%,False,False,2024-10-09T05:25:29
SN091,M041,39.1573,°C,False,False,2024-04-29T14:55:31
SN109,M009,69.9565,%,False,False,2024-01-03T04:52:18
SN104,M004,19.4174,A,False,False,2024-09-07T19:13:27
SN036,M036,36.4348,A,False,False,2024-01-08T13:33:47
SN052,M002,7.0917,bar,False,False,2024-04-24T11:42:22
SN096,M046,95.0576,°C,True,True,2024-05-28T12:17:07
SN084,M034,2106.1983,RPM,False,False,2024-11-05T17:00:07
SN056,M006,4.7409,bar,False,False,2024-04-16T09:31:13
SN028,M028,30.5074,%,False,False,2024-10-07T17:26:32
SN123,M023,28.1647,A,False,False,2024-01-18T20:45:02
SN100,M050,10.3613,mm/s,False,False,2024-07-08T03:33:15
SN064,M014,6.9164,mm/s,False,False,2024-05-25T15:25:48
SN016,M016,7.2918,mm/s,False,False,2024-04-17T04:56:14
SN138,M038,76.1091,°C,False,False,2024-02-13T02:52:55
SN121,M021,2137.0047,RPM,False,False,2024-05-06T00:59:00
SN106,M006,8.4286,bar,False,False,2024-08-17T01:24:43
SN077,M027,26.6872,A,False,False,2024-06-19T04:53:25
SN063,M013,55.8013,%,False,False,2024-09-13T14:05:04
SN067,M017,7.9471,bar,False,False,2024-09-24T19:15:34
SN006,M006,2194.2318,RPM,False,False,2024-12-04T03:44:53
SN081,M031,43.6605,%,False,False,2024-10-27T02:06:49
SN115,M015,2.4489,mm/s,False,False,2024-05-04T18:25:36
SN120,M020,4.1291,mm/s,False,False,2024-03-18T06:40:34
SN067,M017,7.355,bar,False,False,2024-01-09T23:39:52
SN036,M036,19.512,A,False,False,2024-06-02T21:51:29
SN125,M025,70.5242,°C,False,False,2024-01-24T09:54:34
SN132,M032,1612.2866,RPM,False,False,2024-01-13T11:02:40
SN130,M030,3.7286,mm/s,False,False,2024-07-28T06:04:03
SN126,M026,951.1948,RPM,False,False,2024-01-27T01:30:20
SN020,M020,46.2758,A,False,False,2024-10-30T03:36:34
SN029,M029,72.3077,%,False,False,2024-11-24T16:04:53
SN023,M023,4.9818,bar,False,False,2024-09-09T12:03:39
SN049,M049,36.438,A,False,False,2024-06-16T08:42:52
SN071,M021,2534.664,RPM,False,False,2024-10-13T23:23:17
SN039,M039,24.4363,°C,False,False,2024-09-08T14:18:18
SN148,M048,54.5653,%,False,False,2024-09-25T23:22:15
SN111,M011,44.3891,°C,False,False,2024-04-24T02:32:34
SN002,M002,45.5416,%,False,False,2024-01-04T07:34:44
SN058,M008,2.2792,bar,False,False,2024-11-28T06:32:00
SN058,M008,7.5261,bar,False,False,2024-07-25T17:59:40
SN118,M018,2.2838,mm/s,False,False,2024-11-15T01:09:56
SN148,M048,78.5075,%,False,False,2024-10-04T15:23:33
SN148,M048,70.631,%,False,False,2024-03-21T01:24:10
SN079,M029,74.7398,RPM,False,False,2024-08-21T18:18:52
SN011,M011,6.1569,mm/s,False,False,2024-01-27T21:36:50
SN084,M034,2646.1267,RPM,False,False,2024-09-12T14:33:41
SN054,M004,2.388,bar,False,False,2024-04-15T06:37:46
SN060,M010,2.4765,mm/s,False,False,2024-05-18T00:03:11
SN007,M007,42.6968,A,False,False,2024-06-19T17:45:02
SN032,M032,42.7882,°C,False,False,2024-06-21T09:56:12
SN054,M004,4.7979,bar,False,False,2024-06-04T00:36:37
SN051,M001,44.9231,%,False,False,2024-11-12T07:41:05
SN032,M032,30.6371,°C,False,False,2024-12-20T16:24:59
SN149,M049,27.3935,°C,False,False,2024-10-20T20:04:56
SN054,M004,5.1574,bar,False,False,2024-08-22T21:35:44
SN092,M042,40.7556,%,False,False,2024-03-15T04:04:23
SN054,M004,7.7982,bar,False,False,2024-05-19T18:07:26
SN123,M023,5.3196,A,False,False,2024-06-26T11:07:03
SN005,M005,60.2392,A,True,True,2024-06-04T11:08:39
SN026,M026,44.9223,A,False,False,2024-11-20T21:04:04
SN017,M017,9.665,mm/s,False,False,2024-04-26T18:40:31
SN059,M009,4.0114,A,False,False,2024-09-06T22:37:06
SN100,M050,0.1807,mm/s,False,False,2024-04-16T16:32:23
SN083,M033,14.5789,mm/s,True,True,2024-03-09T21:05:59
SN145,M045,13.6714,mm/s,True,True,2024-02-24T10:56:54
SN121,M021,174.3672,RPM,False,False,2024-11-07T14:43:34
SN054,M004,6.6181,bar,False,False,2024-05-24T08:31:57
SN107,M007,1194.8316,RPM,False,False,2024-03-08T19:44:21
SN133,M033,35.2434,A,False,False,2024-11-10T16:43:36
SN047,M047,10.5445,mm/s,False,False,2024-11-01T11:14:26
SN042,M042,90.6897,°C,True,True,2024-06-05T18:19:50
SN096,M046,36.1098,°C,False,False,2024-05-04T16:36:53
SN008,M008,945.0088,RPM,False,False,2024-12-11T04:24:25
SN121,M021,3661.6995,RPM,True,True,2024-12-20T19:09:15
SN105,M005,11.0672,bar,True,True,2024-08-20T10:29:38
SN135,M035,26.082,°C,False,False,2024-05-15T09:48:23
SN058,M008,9.3996,bar,False,False,2024-02-13T15:44:33
SN122,M022,19.7162,A,False,False,2024-12-14T19:18:11
SN138,M038,72.0576,°C,False,False,2024-11-10T08:23:20
SN001,M001,48.5213,°C,False,False,2024-12-16T15:28:44
SN066,M016,1870.6667,RPM,False,False,2024-05-21T23:28:40
SN025,M025,2133.8489,RPM,False,False,2024-11-26T20:55:18
SN147,M047,34.3649,%,False,False,2024-02-20T09:53:40
SN037,M037,3.904,A,False,False,2024-02-06T19:29:57
SN104,M004,29.2132,A,False,False,2024-04-07T00:06:25
SN058,M008,7.2053,bar,False,False,2024-04-26T22:31:52
SN085,M035,5.2685,mm/s,False,False,2024-08-17T10:30:43
SN134,M034,46.913,A,False,False,2024-04-13T14:03:55
SN034,M034,4.1856,bar,False,False,2024-02-26T09:33:28
SN149,M049,71.683,°C,False,False,2024-10-17T11:16:05
SN099,M049,72.0198,%,False,False,2024-03-11T17:58:13
SN004,M004,22.0724,°C,False,False,2024-11-04T15:48:50
SN061,M011,41.1259,%,False,False,2024-08-10T04:14:05
SN124,M024,16.3353,A,False,False,2024-09-01T04:01:44
SN148,M048,85.0218,%,False,False,2024-06-25T00:04:13
SN068,M018,2.0015,bar,False,False,2024-04-18T11:18:47
SN132,M032,961.1756,RPM,False,False,2024-12-12T14:57:11
SN048,M048,69.0246,°C,False,False,2024-07-08T06:28:45
SN141,M041,4.5839,A,False,False,2024-11-28T12:29:47
SN088,M038,35.9689,°C,False,False,2024-10-30T16:20:31
SN094,M044,72.4299,RPM,False,False,2024-07-30T00:05:53
SN033,M033,11.116,mm/s,False,False,2024-11-18T08:53:14
SN029,M029,66.6815,%,False,False,2024-02-19T01:11:39
SN089,M039,4.7074,bar,False,False,2024-12-30T21:13:40
SN022,M022,2769.2873,RPM,False,False,2024-03-11T22:04:14
SN102,M002,42.0672,A,False,False,2024-07-17T09:58:34
SN050,M050,7.7585,mm/s,False,False,2024-10-28T08:01:05
SN005,M005,35.3683,A,False,False,2024-07-23T02:42:40
SN039,M039,52.2316,°C,False,False,2024-01-19T06:01:37
SN137,M037,10.9451,A,False,False,2024-07-25T04:04:03
SN043,M043,1.1416,mm/s,False,False,2024-03-05T07:50:05
SN058,M008,7.3844,bar,False,False,2024-02-29T01:13:07
SN139,M039,57.0372,°C,False,False,2024-11-29T07:53:27
SN052,M002,9.152,bar,False,False,2024-06-04T16:24:20
SN076,M026,51.6962,°C,False,False,2024-06-12T14:27:58
SN122,M022,6.4657,A,False,False,2024-12-30T08:07:46
SN077,M027,53.8903,A,True,True,2024-08-03T20:02:03
SN080,M030,68.0417,%,False,False,2024-08-18T16:20:26
SN018,M018,19.4928,A,False,False,2024-02-25T20:14:04
SN124,M024,36.3182,A,False,False,2024-11-09T09:40:33
SN063,M013,30.4435,%,False,False,2024-06-11T17:26:58
SN101,M001,35.1008,°C,False,False,2024-05-16T02:01:59
SN019,M019,45.0799,A,False,False,2024-02-24T12:59:55
SN103,M003,2108.0167,RPM,False,False,2024-09-18T02:27:05
SN039,M039,28.6513,°C,False,False,2024-04-16T23:34:09
SN084,M034,3140.9315,RPM,True,True,2024-04-30T20:13:36
SN135,M035,58.1842,°C,False,False,2024-07-01T23:03:26
SN060,M010,3.4066,mm/s,False,False,2024-02-18T11:49:17
SN139,M039,47.6028,°C,False,False,2024-01-28T08:12:03
SN088,M038,77.6814,°C,False,False,2024-01-16T21:52:59
SN098,M048,12.134,A,False,False,2024-08-31T11:06:57
SN120,M020,1.9204,mm/s,False,False,2024-10-02T15:26:56
SN125,M025,33.6465,°C,False,False,2024-02-10T00:29:49
SN023,M023,6.1282,bar,False,False,2024-08-20T15:31:21
SN093,M043,40.3734,A,False,False,2024-07-11T01:22:13
SN111,M011,58.7621,°C,False,False,2024-12-01T23:56:35
SN072,M022,8.3498,mm/s,False,False,2024-12-17T08:42:26
SN065,M015,15.6194,A,False,False,2024-09-16T00:41:24
SN065,M015,3.9469,A,False,False,2024-02-09T06:36:32
SN125,M025,50.0698,°C,False,False,2024-08-17T13:18:22
SN112,M012,296.3015,RPM,False,False,2024-10-30T06:43:11
SN125,M025,70.8728,°C,False,False,2024-05-25T22:55:05
SN133,M033,31.709,A,False,False,2024-01-17T08:24:42
SN028,M028,71.9808,%,False,False,2024-02-08T06:48:06
SN148,M048,83.3208,%,False,False,2024-04-02T16:02:47
SN093,M043,33.692,A,False,False,2024-08-22T11:52:39
SN108,M008,8.1885,mm/s,False,False,2024-01-16T11:34:04
SN089,M039,4.7421,bar,False,False,2024-06-27T22:26:08
SN147,M047,22.4416,%,False,False,2024-06-03T20:05:08
SN111,M011,21.5577,°C,False,False,2024-08-08T04:10:14
SN047,M047,14.8508,mm/s,True,True,2024-02-08T08:55:18
SN075,M025,72.5241,%,False,False,2024-10-10T03:18:25
SN117,M017,2.8901,mm/s,False,False,2024-11-13T19:44:47
SN089,M039,9.2075,bar,False,False,2024-04-17T10:24:05
SN115,M015,3.6994,mm/s,False,False,2024-09-28T12:07:31
SN068,M018,2.365,bar,False,False,2024-08-04T21:23:24
SN141,M041,35.1835,A,False,False,2024-10-19T13:26:36
SN090,M040,31.2698,%,False,False,2024-07-13T02:48:46
SN023,M023,6.2394,bar,False,False,2024-10-14T07:59:19
SN059,M009,14.5272,A,False,False,2024-12-21T00:41:39
SN024,M024,14.8639,A,False,False,2024-07-12T02:10:18
SN048,M048,32.2806,°C,False,False,2024-11-28T10:16:28
SN125,M025,68.9583,°C,False,False,2024-12-13T21:16:36
SN093,M043,45.5671,A,False,False,2024-05-05T08:20:21
SN005,M005,27.6377,A,False,False,2024-12-18T22:54:45
SN130,M030,6.3895,mm/s,False,False,2024-10-20T21:36:46
SN144,M044,44.1768,°C,False,False,2024-09-27T03:47:53
SN020,M020,4.3008,A,False,False,2024-08-20T05:28:42
SN104,M004,6.9239,A,False,False,2024-05-12T02:33:28
SN137,M037,6.319,A,False,False,2024-05-29T14:41:54
SN027,M027,34.9734,A,False,False,2024-12-06T09:14:26
SN076,M026,78.9728,°C,False,False,2024-05-05T18:22:22
SN058,M008,1.3466,bar,False,False,2024-07-31T19:36:39
SN040,M040,36.6326,°C,False,False,2024-07-11T01:00:29
SN058,M008,9.3577,bar,False,False,2024-04-05T06:50:38
SN058,M008,7.898,bar,False,False,2024-02-26T11:00:32
SN004,M004,78.5989,°C,False,False,2024-11-29T00:46:17
SN124,M024,19.69,A,False,False,2024-08-02T01:48:00
SN146,M046,32.1868,%,False,False,2024-07-20T09:26:08
SN149,M049,54.959,°C,False,False,2024-12-16T10:26:36
SN100,M050,8.0569,mm/s,False,False,2024-05-21T08:26:10
SN068,M018,4.0984,bar,False,False,2024-12-25T10:20:22
SN061,M011,43.3884,%,False,False,2024-09-26T05:05:00
SN035,M035,39.3038,A,False,False,2024-09-29T19:10:01
SN064,M014,6.6001,mm/s,False,False,2024-02-07T12:34:36
SN130,M030,6.1031,mm/s,False,False,2024-02-10T16:52:40
SN059,M009,34.0843,A,False,False,2024-09-07T11:31:06
SN142,M042,638.2968,RPM,False,False,2024-04-14T12:30:19
SN148,M048,50.1456,%,False,False,2024-06-19T01:15:11
SN128,M028,184.2746,RPM,False,False,2024-03-07T13:00:56
SN006,M006,1593.1387,RPM,False,False,2024-01-23T08:21:55
SN089,M039,7.0036,bar,False,False,2024-01-25T18:26:35
SN091,M041,63.6713,°C,False,False,2024-08-09T06:29:19
SN065,M015,34.5686,A,False,False,2024-10-04T03:20:51
SN126,M026,2178.4408,RPM,False,False,2024-02-21T18:58:31
SN102,M002,21.4753,A,False,False,2024-07-28T02:12:41
SN078,M028,57.3257,%,False,False,2024-12-06T04:37:12
SN131,M031,6.8511,A,False,False,2024-07-28T13:33:14
SN081,M031,83.5932,%,False,False,2024-01-21T13:43:29
SN092,M042,70.7377,%,False,False,2024-01-28T13:53:34
SN017,M017,8.3263,mm/s,False,False,2024-10-11T11:55:11
SN050,M050,6.8574,mm/s,False,False,2024-10-21T16:43:27
SN046,M046,84.0395,RPM,False,False,2024-12-26T17:17:14
SN127,M027,3.7824,mm/s,False,False,2024-02-06T13:38:53
SN104,M004,45.0789,A,False,False,2024-05-30T11:18:22
SN105,M005,5.0325,bar,False,False,2024-11-25T01:05:14
SN088,M038,38.9051,°C,False,False,2024-03-09T21:35:23
SN111,M011,50.3557,°C,False,False,2024-03-12T16:17:00
SN067,M017,2.9264,bar,False,False,2024-09-08T08:34:36
SN021,M021,2142.6739,RPM,False,False,2024-07-22T10:47:48
SN066,M016,3478.25,RPM,True,True,2024-08-04T08:48:46
SN016,M016,1.0886,mm/s,False,False,2024-01-01T16:06:52
SN136,M036,98.566,%,True,True,2024-04-28T22:35:10
SN008,M008,1619.0242,RPM,False,False,2024-05-25T13:43:29
SN018,M018,8.9529,A,False,False,2024-08-29T02:57:00
SN128,M028,622.3655,RPM,False,False,2024-05-14T01:56:39
SN025,M025,2600.9517,RPM,False,False,2024-08-20T21:46:47
SN096,M046,74.1548,°C,False,False,2024-10-01T07:49:22
SN046,M046,2320.9302,RPM,False,False,2024-06-21T20:41:34
SN008,M008,2665.5852,RPM,False,False,2024-12-10T22:56:11
SN031,M031,14.8041,A,False,False,2024-04-23T04:19:59
SN028,M028,31.8173,%,False,False,2024-07-20T08:39:58
SN043,M043,5.6732,mm/s,False,False,2024-08-22T09:03:32
SN040,M040,75.8899,°C,False,False,2024-12-30T05:05:59
SN117,M017,6.247,mm/s,False,False,2024-05-31T00:18:21
SN115,M015,7.6232,mm/s,False,False,2024-01-26T10:09:53
SN087,M037,402.9369,RPM,False,False,2024-11-13T12:26:57
SN126,M026,1152.2114,RPM,False,False,2024-05-19T03:47:51
SN016,M016,10.5008,mm/s,False,False,2024-11-10T22:12:15
SN026,M026,4.3203,A,False,False,2024-09-11T07:13:00
SN083,M033,6.4182,mm/s,False,False,2024-09-29T17:02:00
SN137,M037,35.9539,A,False,False,2024-09-06T19:02:40
SN052,M002,2.1515,bar,False,False,2024-10-23T12:32:47
SN051,M001,61.0252,%,False,False,2024-06-05T23:46:19
SN112,M012,1397.8262,RPM,False,False,2024-07-09T18:40:59
SN027,M027,22.995,A,False,False,2024-05-30T23:57:33
SN079,M029,2241.1259,RPM,False,False,2024-04-21T12:50:29
SN015,M015,1.3539,bar,False,False,2024-02-04T15:17:15
SN079,M029,2131.3764,RPM,False,False,2024-08-09T20:40:05
SN139,M039,39.0545,°C,False,False,2024-01-19T14:58:57
SN137,M037,62.1178,A,True,True,2024-05-29T11:32:27
SN049,M049,25.5438,A,False,False,2024-11-15T21:52:13
SN112,M012,1493.3556,RPM,False,False,2024-03-10T05:47:03
SN131,M031,33.2112,A,False,False,2024-12-19T15:59:09
SN055,M005,9.0747,bar,False,False,2024-12-12T13:21:41
SN057,M007,3.4658,A,False,False,2024-03-20T01:45:58
SN127,M027,7.3008,mm/s,False,False,2024-01-07T01:20:04
SN012,M012,587.185,RPM,False,False,2024-09-24T17:34:33
SN030,M030,0.054,mm/s,False,False,2024-04-03T08:34:22
SN085,M035,11.2528,mm/s,False,False,2024-11-17T00:12:41
SN059,M009,39.7949,A,False,False,2024-01-18T09:09:48
SN040,M040,34.955,°C,False,False,2024-09-16T15:10:38
SN067,M017,4.5941,bar,False,False,2024-08-09T13:48:56
SN080,M030,77.5536,%,False,False,2024-10-13T01:55:20
SN070,M020,29.1481,RPM,False,False,2024-11-15T20:05:17
SN106,M006,8.1624,bar,False,False,2024-03-14T14:14:07
SN125,M025,20.6336,°C,False,False,2024-09-25T22:47:00
SN102,M002,59.822,A,True,True,2024-02-20T01:19:31
SN058,M008,1.9722,bar,False,False,2024-03-02T17:16:38
SN126,M026,1530.2782,RPM,False,False,2024-03-05T23:58:15
SN066,M016,2037.8166,RPM,False,False,2024-09-26T22:02:55
SN102,M002,13.6059,A,False,False,2024-11-28T05:54:48
SN146,M046,69.8448,%,False,False,2024-06-02T08:47:34
SN052,M002,5.7154,bar,False,False,2024-07-12T09:23:27
SN052,M002,9.4622,bar,False,False,2024-07-01T02:59:45
SN123,M023,10.8606,A,False,False,2024-11-19T13:00:20
SN100,M050,8.693,mm/s,False,False,2024-11-09T04:16:39
SN018,M018,29.2277,A,False,False,2024-06-19T03:28:03
SN037,M037,36.5335,A,False,False,2024-09-14T10:27:33
SN129,M029,32.3775,%,False,False,2024-03-22T17:21:44
SN082,M032,10.2327,bar,True,True,2024-02-29T07:21:55
SN088,M038,35.2362,°C,False,False,2024-03-09T04:02:56
SN090,M040,79.0524,%,False,False,2024-01-22T21:56:54
SN101,M001,77.5194,°C,False,False,2024-07-15T08:28:59
SN017,M017,7.1502,mm/s,False,False,2024-05-10T10:42:32
SN113,M013,13.4559,mm/s,True,True,2024-11-23T13:15:56
SN063,M013,38.8513,%,False,False,2024-03-03T13:32:31
SN037,M037,15.0838,A,False,False,2024-02-13T06:00:16
SN017,M017,6.0907,mm/s,False,False,2024-08-28T05:38:29
SN044,M044,916.7203,RPM,False,False,2024-01-15T22:11:37
SN037,M037,32.505,A,False,False,2024-01-03T07:00:25
SN098,M048,51.6718,A,True,True,2024-05-30T12:00:57
SN146,M046,34.7059,%,False,False,2024-09-01T00:03:19
SN010,M010,24.842,%,False,False,2024-09-08T23:50:16
SN122,M022,30.6275,A,False,False,2024-04-19T16:47:48
SN100,M050,8.528,mm/s,False,False,2024-09-22T04:54:49
SN126,M026,983.6668,RPM,False,False,2024-09-04T06:27:05
SN117,M017,10.2438,mm/s,False,False,2024-06-25T09:40:01
SN138,M038,33.5983,°C,False,False,2024-04-21T09:45:42
SN045,M045,4.3018,bar,False,False,2024-04-09T21:22:47
SN042,M042,21.2719,°C,False,False,2024-11-08T19:20:33
SN077,M027,21.8468,A,False,False,2024-10-03T00:04:19
SN139,M039,79.99,°C,False,False,2024-02-18T13:18:36
SN091,M041,44.6519,°C,False,False,2024-12-09T03:57:07
SN107,M007,1289.0887,RPM,False,False,2024-05-30T20:32:59
SN119,M019,3.7711,bar,False,False,2024-06-03T21:51:34
SN035,M035,9.781,A,False,False,2024-03-25T06:12:26
SN049,M049,45.0302,A,False,False,2024-10-10T05:37:55
SN094,M044,1562.3857,RPM,False,False,2024-10-23T16:46:40
SN105,M005,3.6086,bar,False,False,2024-06-01T13:26:12
SN037,M037,25.7844,A,False,False,2024-06-24T15:55:34
SN077,M027,45.3973,A,False,False,2024-12-03T22:01:17
SN106,M006,2.846,bar,False,False,2024-08-02T06:09:07
SN041,M041,76.9302,°C,False,False,2024-06-16T16:31:00
SN047,M047,0.2717,mm/s,False,False,2024-03-21T04:17:02
SN099,M049,31.2883,%,False,False,2024-10-16T16:57:36
SN145,M045,7.3101,mm/s,False,False,2024-08-11T08:01:58
SN051,M001,40.7301,%,False,False,2024-04-05T10:04:32
SN034,M034,5.1368,bar,False,False,2024-08-25T00:56:57
SN136,M036,77.3725,%,False,False,2024-09-19T14:32:31
SN025,M025,244.3877,RPM,False,False,2024-01-04T08:47:52
SN014,M014,1.7645,bar,False,False,2024-12-27T18:47:35
SN092,M042,29.8645,%,False,False,2024-03-23T17:24:51
SN079,M029,1034.3792,RPM,False,False,2024-12-19T02:46:59
SN081,M031,74.2507,%,False,False,2024-07-03T12:08:05
SN087,M037,825.762,RPM,False,False,2024-02-09T10:02:37
SN144,M044,73.4941,°C,False,False,2024-03-04T09:39:47
SN107,M007,2594.1597,RPM,False,False,2024-06-08T02:29:36
SN041,M041,58.1925,°C,False,False,2024-09-28T19:11:32
SN072,M022,10.3016,mm/s,False,False,2024-02-14T00:35:45
SN038,M038,4.6108,A,False,False,2024-01-16T07:01:58
SN035,M035,22.4586,A,False,False,2024-07-04T04:50:39
SN044,M044,1670.5998,RPM,False,False,2024-11-13T15:51:44
SN093,M043,27.7823,A,False,False,2024-03-11T14:48:45
SN115,M015,11.0614,mm/s,False,False,2024-09-17T21:16:23
SN146,M046,42.2554,%,False,False,2024-02-03T00:21:19
SN095,M045,6.4098,A,False,False,2024-04-26T13:10:37
SN101,M001,26.7415,°C,False,False,2024-12-29T03:06:02
SN051,M001,41.0058,%,False,False,2024-10-03T06:48:17
SN022,M022,2803.1771,RPM,False,False,2024-07-11T03:24:11
SN005,M005,28.0403,A,False,False,2024-03-06T15:45:17
SN094,M044,547.266,RPM,False,False,2024-04-18T20:04:49
SN134,M034,1.1136,A,False,False,2024-05-03T17:15:53
SN043,M043,2.7224,mm/s,False,False,2024-04-29T02:03:20
SN068,M018,4.6801,bar,False,False,2024-01-16T17:04:29
SN070,M020,2165.3304,RPM,False,False,2024-06-26T21:41:06
SN021,M021,89.4154,RPM,False,False,2024-12-04T16:00:07
SN003,M003,54.7547,RPM,False,False,2024-05-27T20:06:43
SN052,M002,4.2301,bar,False,False,2024-01-14T23:23:14
SN070,M020,956.5595,RPM,False,False,2024-11-07T21:51:48
SN132,M032,2234.743,RPM,False,False,2024-06-07T03:19:58
SN088,M038,41.034,°C,False,False,2024-04-11T14:10:34
SN142,M042,802.6772,RPM,False,False,2024-02-02T08:28:09
SN116,M016,25.5541,%,False,False,2024-09-15T17:38:40
SN082,M032,8.6145,bar,False,False,2024-01-09T22:26:42
SN033,M033,1.2204,mm/s,False,False,2024-01-29T21:35:40
SN046,M046,438.9175,RPM,False,False,2024-11-07T06:07:16
SN061,M011,76.5717,%,False,False,2024-01-04T17:54:00
SN004,M004,40.7239,°C,False,False,2024-12-18T23:40:06
SN019,M019,29.741,A,False,False,2024-12-04T09:33:53
SN118,M018,3.7723,mm/s,False,False,2024-09-15T05:40:19
SN028,M028,23.6789,%,False,False,2024-02-23T20:55:01
SN052,M002,8.8758,bar,False,False,2024-03-13T01:40:57
SN024,M024,4.3503,A,False,False,2024-06-17T03:34:01
SN060,M010,8.1736,mm/s,False,False,2024-05-30T06:10:41
SN083,M033,2.1961,mm/s,False,False,2024-11-13T12:07:37
SN051,M001,52.4422,%,False,False,2024-10-01T06:57:02
SN048,M048,64.4426,°C,False,False,2024-08-17T20:05:17
SN016,M016,5.7865,mm/s,False,False,2024-01-31T21:32:13
SN046,M046,750.2955,RPM,False,False,2024-12-07T01:11:58
SN139,M039,31.5027,°C,False,False,2024-02-18T03:51:35
SN020,M020,40.3093,A,False,False,2024-10-20T17:05:55
SN059,M009,30.1766,A,False,False,2024-08-18T00:42:45
SN076,M026,50.7793,°C,False,False,2024-04-20T20:08:56
SN056,M006,8.008,bar,False,False,2024-10-12T14:49:37
SN062,M012,1866.3002,RPM,False,False,2024-09-22T10:58:15
SN065,M015,7.66,A,False,False,2024-01-24T22:20:09
SN017,M017,10.2907,mm/s,False,False,2024-01-24T11:00:21
SN111,M011,66.4394,°C,False,False,2024-10-05T02:37:34
SN115,M015,14.2942,mm/s,True,True,2024-02-04T06:22:44
SN082,M032,8.7888,bar,False,False,2024-05-20T09:14:08
SN017,M017,8.2895,mm/s,False,False,2024-05-03T21:53:30
SN116,M016,73.1182,%,False,False,2024-05-23T20:46:57
SN128,M028,1393.8993,RPM,False,False,2024-07-31T00:18:51
SN049,M049,8.1013,A,False,False,2024-09-25T07:19:29
SN091,M041,73.4585,°C,False,False,2024-05-05T23:19:36
SN104,M004,42.7068,A,False,False,2024-06-24T14:35:22
SN040,M040,65.596,°C,False,False,2024-06-11T22:55:44
SN007,M007,37.4426,A,False,False,2024-05-28T03:26:24
SN039,M039,20.8475,°C,False,False,2024-11-03T08:09:02
SN045,M045,9.0414,bar,False,False,2024-03-25T06:31:43
SN025,M025,3385.8789,RPM,True,True,2024-04-15T04:52:42
SN087,M037,1417.3689,RPM,False,False,2024-03-02T11:36:54
SN078,M028,75.9249,%,False,False,2024-04-17T20:04:05
SN059,M009,28.8242,A,False,False,2024-07-12T20:17:34
SN111,M011,71.7345,°C,False,False,2024-07-08T06:21:28
SN016,M016,1.2085,mm/s,False,False,2024-05-05T13:12:40
SN123,M023,6.7202,A,False,False,2024-07-20T11:13:07
SN127,M027,4.7463,mm/s,False,False,2024-01-06T00:52:00
SN079,M029,964.9544,RPM,False,False,2024-04-30T15:06:46
SN110,M010,6.8299,mm/s,False,False,2024-07-24T16:34:19
SN073,M023,17.7343,A,False,False,2024-09-24T09:25:12
SN033,M033,11.0629,mm/s,False,False,2024-01-25T12:22:03
SN005,M005,19.8075,A,False,False,2024-03-22T08:16:16
SN084,M034,2593.9165,RPM,False,False,2024-12-16T12:24:49
SN081,M031,79.0705,%,False,False,2024-07-03T22:23:27
SN072,M022,6.5803,mm/s,False,False,2024-05-08T13:42:34
SN050,M050,11.0064,mm/s,False,False,2024-10-30T12:59:40
SN147,M047,34.9947,%,False,False,2024-08-18T05:37:14
SN061,M011,36.316,%,False,False,2024-08-06T18:19:05
SN121,M021,893.3611,RPM,False,False,2024-12-08T00:58:53
SN025,M025,422.8131,RPM,False,False,2024-05-04T22:02:28
SN021,M021,1318.6644,RPM,False,False,2024-12-15T16:37:15
SN069,M019,4.3114,bar,False,False,2024-03-16T00:35:02
SN071,M021,1036.78,RPM,False,False,2024-10-29T01:14:30
SN016,M016,2.546,mm/s,False,False,2024-01-02T04:27:29
SN084,M034,1768.8597,RPM,False,False,2024-08-06T05:04:53
SN038,M038,45.4417,A,False,False,2024-07-07T05:42:36
SN081,M031,55.1283,%,False,False,2024-11-16T01:30:30
SN049,M049,28.3854,A,False,False,2024-02-16T17:51:32
SN076,M026,64.6813,°C,False,False,2024-03-16T17:00:04
SN135,M035,37.1592,°C,False,False,2024-11-03T01:56:41
SN097,M047,38.8829,A,False,False,2024-01-05T05:43:33
SN077,M027,6.8428,A,False,False,2024-01-10T19:39:40
SN008,M008,2172.7648,RPM,False,False,2024-01-31T13:37:38
SN095,M045,43.2158,A,False,False,2024-02-27T07:52:08
SN115,M015,6.33,mm/s,False,False,2024-08-18T15:02:13
SN114,M014,27.0573,%,False,False,2024-04-16T05:41:23
SN117,M017,8.0518,mm/s,False,False,2024-06-25T01:22:27
SN073,M023,6.1054,A,False,False,2024-01-07T14:02:36
SN032,M032,39.8372,°C,False,False,2024-07-04T06:54:30
SN095,M045,39.5107,A,False,False,2024-05-25T15:31:26
SN141,M041,55.994,A,True,True,2024-05-05T18:49:11
SN102,M002,29.1214,A,False,False,2024-10-22T08:40:02
SN009,M009,923.4404,RPM,False,False,2024-10-20T19:00:38
SN146,M046,102.3924,%,True,True,2024-10-07T16:46:00
SN034,M034,8.8791,bar,False,False,2024-02-24T08:04:08
SN039,M039,29.9254,°C,False,False,2024-10-04T05:35:58
SN061,M011,43.6008,%,False,False,2024-05-18T16:14:11
SN087,M037,979.1833,RPM,False,False,2024-01-28T00:30:00
SN127,M027,0.7085,mm/s,False,False,2024-06-10T16:41:25
SN102,M002,26.0346,A,False,False,2024-02-04T17:57:19
SN054,M004,1.9796,bar,False,False,2024-12-19T23:05:27
SN067,M017,1.4804,bar,False,False,2024-09-22T10:53:10
SN143,M043,58.3934,A,True,True,2024-09-27T19:11:35
SN058,M008,1.3585,bar,False,False,2024-10-21T13:59:27
SN060,M010,10.8804,mm/s,False,False,2024-02-23T11:12:23
SN129,M029,45.3829,%,False,False,2024-09-03T08:23:22
SN102,M002,59.8037,A,True,True,2024-07-10T03:53:26
SN007,M007,33.1134,A,False,False,2024-08-01T14:39:40
SN018,M018,57.7812,A,True,True,2024-03-22T02:29:53
SN059,M009,0.3397,A,False,False,2024-09-29T13:28:32
SN021,M021,1049.137,RPM,False,False,2024-12-14T23:21:46
SN043,M043,1.7357,mm/s,False,False,2024-01-03T20:30:23
SN073,M023,17.7793,A,False,False,2024-05-30T20:20:05
SN041,M041,65.8159,°C,False,False,2024-04-09T12:41:10
SN086,M036,78.8143,%,False,False,2024-06-01T11:35:58
SN031,M031,21.4534,A,False,False,2024-06-22T00:45:57
SN132,M032,583.0817,RPM,False,False,2024-02-13T18:22:46
SN011,M011,1.2167,mm/s,False,False,2024-12-28T08:58:08
SN053,M003,54.6401,°C,False,False,2024-10-17T05:05:22
SN077,M027,32.0248,A,False,False,2024-12-10T08:11:49
SN078,M028,23.5611,%,False,False,2024-08-31T03:50:21
SN059,M009,42.0081,A,False,False,2024-04-07T23:54:36
SN056,M006,3.6342,bar,False,False,2024-03-25T01:12:49
SN047,M047,2.3524,mm/s,False,False,2024-10-06T14:20:48
SN100,M050,5.2199,mm/s,False,False,2024-05-31T18:05:41
SN043,M043,5.474,mm/s,False,False,2024-08-19T18:01:24
SN074,M024,7.6041,mm/s,False,False,2024-12-30T05:09:51
SN064,M014,1.2228,mm/s,False,False,2024-01-01T02:31:24
SN008,M008,2442.923,RPM,False,False,2024-04-16T12:01:16
SN001,M001,43.1713,°C,False,False,2024-08-08T15:10:38
SN041,M041,42.359,°C,False,False,2024-09-07T19:01:56
SN049,M049,35.2377,A,False,False,2024-05-24T18:56:35
SN020,M020,31.0472,A,False,False,2024-04-25T12:37:14
SN009,M009,860.8428,RPM,False,False,2024-04-12T00:46:50
SN117,M017,10.1159,mm/s,False,False,2024-11-06T21:43:46
SN053,M003,58.6801,°C,False,False,2024-09-21T19:06:11
SN008,M008,2656.3231,RPM,False,False,2024-03-08T19:12:56
SN004,M004,64.0321,°C,False,False,2024-06-25T19:11:13
SN149,M049,36.5929,°C,False,False,2024-01-09T18:15:52
SN145,M045,8.3383,mm/s,False,False,2024-02-29T12:48:41
SN056,M006,6.7632,bar,False,False,2024-01-12T14:40:14
SN010,M010,74.3946,%,False,False,2024-06-09T04:04:21
SN045,M045,5.9025,bar,False,False,2024-01-18T02:25:26
SN017,M017,9.9907,mm/s,False,False,2024-10-02T16:45:49
SN073,M023,9.6282,A,False,False,2024-04-13T19:16:17
SN007,M007,45.7515,A,False,False,2024-03-14T00:56:15
SN061,M011,73.0782,%,False,False,2024-09-09T12:08:15
SN012,M012,2380.8686,RPM,False,False,2024-06-18T01:42:17
SN144,M044,49.6781,°C,False,False,2024-03-30T21:55:51
SN013,M013,1.7515,bar,False,False,2024-05-22T15:27:27
SN117,M017,6.2083,mm/s,False,False,2024-05-24T23:06:17
SN096,M046,52.8516,°C,False,False,2024-05-04T13:14:43
SN089,M039,5.9318,bar,False,False,2024-05-24T12:18:56
SN120,M020,8.7474,mm/s,False,False,2024-02-27T08:02:27
SN127,M027,4.6492,mm/s,False,False,2024-06-16T15:50:28
SN023,M023,8.5206,bar,False,False,2024-05-09T05:57:31
SN092,M042,49.5254,%,False,False,2024-07-28T09:49:05
SN043,M043,3.9154,mm/s,False,False,2024-12-22T15:09:50
SN038,M038,25.66,A,False,False,2024-11-19T02:55:26
SN041,M041,54.8518,°C,False,False,2024-11-13T00:04:40
SN053,M003,44.0783,°C,False,False,2024-11-15T19:02:54
SN108,M008,11.2917,mm/s,False,False,2024-07-30T06:25:01
SN011,M011,6.5603,mm/s,False,False,2024-04-08T22:08:09
SN141,M041,7.8233,A,False,False,2024-03-29T01:45:52
SN086,M036,41.3194,%,False,False,2024-11-20T20:27:14
SN096,M046,43.9939,°C,False,False,2024-09-12T02:40:34
SN101,M001,41.3314,°C,False,False,2024-06-07T10:49:16
SN028,M028,62.1756,%,False,False,2024-03-01T11:14:24
SN049,M049,42.4262,A,False,False,2024-07-14T22:23:02
SN028,M028,79.9878,%,False,False,2024-09-26T21:17:09
SN079,M029,1157.4416,RPM,False,False,2024-11-16T11:43:09
SN054,M004,1.821,bar,False,False,2024-11-12T07:38:15
SN049,M049,51.3576,A,True,True,2024-02-17T00:30:20
SN054,M004,7.5966,bar,False,False,2024-01-28T16:54:04
SN018,M018,45.1731,A,False,False,2024-06-12T20:33:22
SN092,M042,20.6922,%,False,False,2024-08-20T01:40:15
SN077,M027,17.8085,A,False,False,2024-04-27T23:29:47
SN110,M010,10.4829,mm/s,False,False,2024-09-03T16:40:32
SN011,M011,11.138,mm/s,False,False,2024-07-13T04:17:23
SN082,M032,3.1741,bar,False,False,2024-07-02T22:14:54
SN099,M049,70.4211,%,False,False,2024-06-13T03:51:54
SN090,M040,64.8576,%,False,False,2024-01-11T14:42:59
SN098,M048,56.6057,A,True,True,2024-12-17T19:22:15
SN023,M023,5.6217,bar,False,False,2024-02-02T05:17:12
SN063,M013,66.8724,%,False,False,2024-12-24T04:33:38
SN025,M025,2134.7988,RPM,False,False,2024-04-03T17:48:43
SN121,M021,3273.7714,RPM,True,True,2024-10-28T19:41:28
SN116,M016,46.8948,%,False,False,2024-01-04T23:56:47
SN033,M033,7.6978,mm/s,False,False,2024-01-11T23:10:34
SN130,M030,5.7236,mm/s,False,False,2024-06-28T21:09:01
SN071,M021,1106.3076,RPM,False,False,2024-12-25T05:26:34
SN138,M038,22.9594,°C,False,False,2024-08-15T10:45:24
SN031,M031,23.3272,A,False,False,2024-12-16T09:41:20
SN116,M016,30.6599,%,False,False,2024-04-22T17:40:03
SN085,M035,7.8296,mm/s,False,False,2024-11-21T04:53:43
SN020,M020,23.0968,A,False,False,2024-01-03T05:03:28
SN100,M050,9.1976,mm/s,False,False,2024-12-17T15:01:57
SN046,M046,125.0428,RPM,False,False,2024-03-11T22:40:49
SN058,M008,6.8058,bar,False,False,2024-11-24T08:59:21
SN127,M027,5.0692,mm/s,False,False,2024-09-29T03:44:35
SN030,M030,1.5869,mm/s,False,False,2024-10-14T12:37:18
SN145,M045,13.6094,mm/s,True,True,2024-11-04T11:45:38
SN111,M011,96.9672,°C,True,True,2024-09-26T10:47:50
SN095,M045,5.0506,A,False,False,2024-07-02T22:48:45
SN009,M009,1588.2524,RPM,False,False,2024-06-12T23:42:14
SN018,M018,12.4818,A,False,False,2024-09-15T03:28:28
SN092,M042,53.2159,%,False,False,2024-04-04T11:05:10
SN036,M036,7.6948,A,False,False,2024-08-09T12:42:20
SN048,M048,47.1007,°C,False,False,2024-07-31T00:19:58
SN096,M046,49.0312,°C,False,False,2024-11-02T19:18:59
SN048,M048,27.0379,°C,False,False,2024-01-16T10:33:02
SN060,M010,3.4239,mm/s,False,False,2024-10-16T23:12:33
SN101,M001,87.8729,°C,True,True,2024-11-02T01:30:14
SN004,M004,60.4541,°C,False,False,2024-08-15T09:56:04
SN136,M036,110.024,%,True,True,2024-02-23T05:30:30
SN082,M032,8.315,bar,False,False,2024-11-07T03:57:39
SN055,M005,5.0355,bar,False,False,2024-07-04T22:07:39
SN055,M005,4.2968,bar,False,False,2024-09-02T23:41:01
SN139,M039,24.3083,°C,False,False,2024-09-16T01:39:29
SN033,M033,1.6576,mm/s,False,False,2024-10-22T08:32:30
SN018,M018,47.0187,A,False,False,2024-01-29T04:35:19
SN145,M045,7.1471,mm/s,False,False,2024-06-09T14:10:46
SN093,M043,39.3288,A,False,False,2024-06-06T19:50:34
SN016,M016,0.4892,mm/s,False,False,2024-05-04T11:09:38
SN102,M002,58.724,A,True,True,2024-12-27T11:29:53
SN096,M046,56.841,°C,False,False,2024-12-02T16:25:25
SN058,M008,2.0823,bar,False,False,2024-08-26T19:14:38
SN131,M031,30.6869,A,False,False,2024-10-20T09:07:10
SN041,M041,51.6665,°C,False,False,2024-07-12T01:37:11
SN020,M020,1.4684,A,False,False,2024-01-26T18:16:38
SN144,M044,74.1678,°C,False,False,2024-02-26T12:45:10
SN011,M011,4.4832,mm/s,False,False,2024-06-29T09:31:11
SN088,M038,52.5189,°C,False,False,2024-05-07T00:40:44
SN079,M029,1339.2489,RPM,False,False,2024-07-08T10:30:32
SN099,M049,74.9878,%,False,False,2024-08-16T23:06:27
SN144,M044,56.7662,°C,False,False,2024-09-13T17:02:55
SN147,M047,42.0784,%,False,False,2024-09-25T12:32:22
SN126,M026,1518.3065,RPM,False,False,2024-08-27T08:57:13
SN017,M017,3.0576,mm/s,False,False,2024-04-15T08:14:39
SN074,M024,2.5974,mm/s,False,False,2024-12-25T22:35:13
SN083,M033,6.4526,mm/s,False,False,2024-05-15T08:22:42
SN079,M029,954.7457,RPM,False,False,2024-09-19T13:42:35
SN106,M006,6.081,bar,False,False,2024-09-17T01:54:47
SN049,M049,42.3011,A,False,False,2024-02-24T02:09:43
SN076,M026,61.6733,°C,False,False,2024-10-03T18:06:34
SN139,M039,32.4212,°C,False,False,2024-06-28T16:35:14
SN149,M049,27.1206,°C,False,False,2024-10-07T16:26:55
SN075,M025,33.4756,%,False,False,2024-11-02T18:49:16
SN087,M037,1845.3104,RPM,False,False,2024-07-11T23:57:45
SN096,M046,49.4239,°C,False,False,2024-04-15T03:29:03
SN146,M046,42.3617,%,False,False,2024-04-08T22:12:56
SN019,M019,45.9094,A,False,False,2024-11-11T18:46:36
SN141,M041,0.1552,A,False,False,2024-03-14T08:56:14
SN066,M016,1296.0676,RPM,False,False,2024-08-01T20:22:32
SN150,M050,5.8267,mm/s,False,False,2024-06-12T07:16:50
SN051,M001,84.2933,%,False,False,2024-08-31T22:26:05
SN126,M026,1357.6492,RPM,False,False,2024-05-30T06:01:36
SN081,M031,31.8624,%,False,False,2024-05-20T07:53:08
SN014,M014,10.3616,bar,True,True,2024-02-11T17:36:53
SN141,M041,6.0526,A,False,False,2024-02-07T05:45:55
SN109,M009,78.3809,%,False,False,2024-08-08T00:47:25
SN016,M016,13.1718,mm/s,True,True,2024-08-30T11:27:25
SN071,M021,685.9388,RPM,False,False,2024-03-26T14:37:38
SN147,M047,80.7743,%,False,False,2024-05-17T07:20:17
SN061,M011,56.268,%,False,False,2024-05-03T00:01:25
SN057,M007,45.904,A,False,False,2024-05-28T20:21:14
SN053,M003,21.0595,°C,False,False,2024-03-03T06:59:49
SN024,M024,29.1713,A,False,False,2024-04-14T18:03:28
SN125,M025,34.9562,°C,False,False,2024-06-06T19:56:35
SN057,M007,28.9563,A,False,False,2024-12-12T08:58:20
SN045,M045,3.3755,bar,False,False,2024-01-02T05:31:52
SN062,M012,1240.3009,RPM,False,False,2024-11-30T08:07:31
SN099,M049,35.2078,%,False,False,2024-11-25T01:14:33
SN021,M021,1265.7792,RPM,False,False,2024-02-28T09:41:41
SN099,M049,69.1705,%,False,False,2024-01-09T22:37:24
SN139,M039,32.4616,°C,False,False,2024-09-18T11:42:53
SN126,M026,2494.1681,RPM,False,False,2024-05-12T22:21:44
SN083,M033,13.6409,mm/s,True,True,2024-05-30T15:29:46
SN114,M014,44.4289,%,False,False,2024-09-30T04:41:19
SN020,M020,33.1991,A,False,False,2024-05-26T16:05:10
SN044,M044,590.3231,RPM,False,False,2024-05-02T00:39:57
SN091,M041,35.1125,°C,False,False,2024-04-22T21:19:22
SN060,M010,10.0061,mm/s,False,False,2024-01-10T10:16:06
SN145,M045,7.9524,mm/s,False,False,2024-06-24T15:14:11
SN006,M006,983.7748,RPM,False,False,2024-05-27T22:54:23
SN006,M006,2063.9087,RPM,False,False,2024-12-19T02:14:48
SN109,M009,36.6976,%,False,False,2024-03-29T18:18:14
SN069,M019,9.4753,bar,False,False,2024-07-04T20:13:47
SN041,M041,71.8591,°C,False,False,2024-09-07T11:55:08
SN133,M033,38.4818,A,False,False,2024-11-24T12:22:59
SN010,M010,43.8795,%,False,False,2024-10-22T10:20:00
SN059,M009,43.5029,A,False,False,2024-02-05T21:00:50
SN142,M042,225.8778,RPM,False,False,2024-12-27T22:57:49
SN066,M016,835.4855,RPM,False,False,2024-11-29T09:48:08
SN112,M012,2610.4942,RPM,False,False,2024-03-29T23:15:40
SN105,M005,5.4243,bar,False,False,2024-03-31T00:40:41
SN024,M024,27.1989,A,False,False,2024-10-31T03:01:40
SN046,M046,1340.2078,RPM,False,False,2024-06-13T09:06:23
SN043,M043,9.2081,mm/s,False,False,2024-03-16T21:07:12
SN020,M020,4.8217,A,False,False,2024-11-13T09:41:33
SN046,M046,2220.3191,RPM,False,False,2024-08-02T22:25:19
SN095,M045,7.2541,A,False,False,2024-12-28T00:16:07
SN048,M048,20.5313,°C,False,False,2024-11-28T04:58:27
SN044,M044,1462.7508,RPM,False,False,2024-01-09T01:06:19
SN129,M029,23.7237,%,False,False,2024-02-22T09:49:00
SN043,M043,12.6703,mm/s,True,True,2024-02-21T09:02:28
SN062,M012,2377.6978,RPM,False,False,2024-08-10T20:48:17
SN072,M022,5.1864,mm/s,False,False,2024-10-02T19:37:45
SN029,M029,30.6167,%,False,False,2024-08-23T08:25:46
SN011,M011,4.3026,mm/s,False,False,2024-01-01T05:20:39
SN074,M024,9.1068,mm/s,False,False,2024-09-20T02:59:40
SN102,M002,34.4962,A,False,False,2024-12-11T04:08:54
SN135,M035,59.3267,°C,False,False,2024-07-20T19:32:46
SN091,M041,55.0814,°C,False,False,2024-11-21T07:15:22
SN104,M004,24.8648,A,False,False,2024-06-07T07:50:13
SN043,M043,5.6969,mm/s,False,False,2024-11-08T13:38:26
SN010,M010,59.2868,%,False,False,2024-05-22T17:21:36
SN077,M027,42.9478,A,False,False,2024-05-28T13:49:55
SN097,M047,1.1341,A,False,False,2024-07-08T05:14:03
SN051,M001,34.1199,%,False,False,2024-10-28T00:11:42
SN038,M038,28.0454,A,False,False,2024-10-21T16:07:13
SN036,M036,14.3437,A,False,False,2024-04-04T22:49:42
SN037,M037,53.6113,A,True,True,2024-06-19T12:01:09
SN065,M015,22.1516,A,False,False,2024-06-29T16:01:19
SN096,M046,48.1454,°C,False,False,2024-06-10T11:32:13
SN014,M014,2.2371,bar,False,False,2024-09-05T13:26:43
SN026,M026,2.5232,A,False,False,2024-06-29T14:56:51
SN099,M049,77.1234,%,False,False,2024-01-31T08:09:48
SN076,M026,51.1381,°C,False,False,2024-07-04T06:58:11
SN011,M011,9.9024,mm/s,False,False,2024-07-05T04:52:38
SN018,M018,9.1903,A,False,False,2024-12-24T01:31:32
SN130,M030,11.3099,mm/s,False,False,2024-02-26T16:15:01
SN144,M044,21.4995,°C,False,False,2024-03-25T22:22:26
SN134,M034,21.297,A,False,False,2024-05-09T17:29:13
SN118,M018,3.7226,mm/s,False,False,2024-05-22T21:42:21
SN014,M014,5.9778,bar,False,False,2024-12-09T03:07:29
SN113,M013,4.9409,mm/s,False,False,2024-07-18T14:33:46
SN010,M010,55.8933,%,False,False,2024-10-17T20:36:06
SN145,M045,11.3845,mm/s,False,False,2024-02-29T13:08:21
SN097,M047,33.9279,A,False,False,2024-10-11T01:36:23
SN069,M019,7.4779,bar,False,False,2024-03-17T05:58:04
SN024,M024,13.0986,A,False,False,2024-03-26T12:45:45
SN011,M011,12.2734,mm/s,True,True,2024-02-21T15:06:34
SN050,M050,2.2078,mm/s,False,False,2024-11-06T11:36:57
SN039,M039,54.5173,°C,False,False,2024-12-21T18:24:10
SN054,M004,10.3523,bar,True,True,2024-11-29T12:58:30
SN010,M010,51.6145,%,False,False,2024-01-26T15:59:41
SN057,M007,46.6069,A,False,False,2024-12-25T03:57:49
SN127,M027,7.6314,mm/s,False,False,2024-11-11T05:29:49
SN088,M038,79.5021,°C,False,False,2024-11-26T08:06:32
SN121,M021,735.5376,RPM,False,False,2024-08-04T22:14:11
SN141,M041,38.6831,A,False,False,2024-05-08T09:24:50
SN084,M034,1903.0928,RPM,False,False,2024-11-20T10:06:25
SN134,M034,38.294,A,False,False,2024-10-29T06:14:43
SN063,M013,21.4558,%,False,False,2024-07-06T17:34:37
SN070,M020,1450.1798,RPM,False,False,2024-07-12T17:50:46
SN104,M004,28.1054,A,False,False,2024-11-07T08:08:28
SN066,M016,421.7201,RPM,False,False,2024-03-27T20:20:16
SN057,M007,11.8151,A,False,False,2024-12-17T12:50:21
SN040,M040,62.3659,°C,False,False,2024-07-15T10:48:16
SN093,M043,18.9929,A,False,False,2024-08-08T00:50:30
SN085,M035,2.7644,mm/s,False,False,2024-08-29T23:19:22
SN124,M024,31.4869,A,False,False,2024-10-27T23:12:25
SN081,M031,23.7271,%,False,False,2024-06-06T15:29:32
SN111,M011,48.7453,°C,False,False,2024-01-12T21:10:15
SN086,M036,27.7438,%,False,False,2024-04-01T12:43:06
SN125,M025,49.8805,°C,False,False,2024-06-02T22:12:00
SN055,M005,8.2203,bar,False,False,2024-04-21T06:04:17
SN063,M013,30.8006,%,False,False,2024-03-02T19:46:37
SN084,M034,2431.616,RPM,False,False,2024-02-09T02:13:03
SN022,M022,2101.6761,RPM,False,False,2024-02-28T06:31:56
SN139,M039,74.4673,°C,False,False,2024-12-28T20:59:57
SN039,M039,20.1268,°C,False,False,2024-03-09T23:06:03
SN009,M009,2803.548,RPM,False,False,2024-05-22T10:30:57
SN092,M042,25.7326,%,False,False,2024-03-05T03:58:35
SN080,M030,22.5507,%,False,False,2024-08-14T08:40:53
SN022,M022,1750.9355,RPM,False,False,2024-11-15T00:16:49
SN050,M050,10.2264,mm/s,False,False,2024-11-16T02:00:58
SN126,M026,1691.1049,RPM,False,False,2024-08-27T00:16:14
SN135,M035,57.2238,°C,False,False,2024-02-23T19:59:41
SN017,M017,9.7173,mm/s,False,False,2024-03-02T03:01:07
SN132,M032,1728.4782,RPM,False,False,2024-09-24T14:14:38
SN073,M023,60.7998,A,True,True,2024-09-15T06:19:45
SN042,M042,69.224,°C,False,False,2024-05-19T07:48:36
SN131,M031,31.0407,A,False,False,2024-11-12T08:58:36
SN103,M003,2651.9167,RPM,False,False,2024-11-04T11:00:59
SN080,M030,33.7908,%,False,False,2024-06-28T03:30:15
SN039,M039,22.2355,°C,False,False,2024-01-23T19:34:18
SN031,M031,47.4157,A,False,False,2024-02-18T23:25:40
SN039,M039,37.1604,°C,False,False,2024-05-09T05:15:06
SN082,M032,7.1084,bar,False,False,2024-06-18T01:36:53
SN105,M005,6.4766,bar,False,False,2024-09-17T20:08:41
SN142,M042,862.2561,RPM,False,False,2024-10-02T09:23:29
SN054,M004,6.5775,bar,False,False,2024-05-21T10:40:37
SN041,M041,40.964,°C,False,False,2024-01-19T23:53:40
SN009,M009,2290.338,RPM,False,False,2024-05-31T06:57:13
SN048,M048,48.1579,°C,False,False,2024-06-03T08:52:18
SN083,M033,9.2999,mm/s,False,False,2024-10-16T10:31:29
SN109,M009,82.7533,%,False,False,2024-10-18T20:37:09
SN146,M046,32.0495,%,False,False,2024-12-03T13:17:25
SN043,M043,4.7401,mm/s,False,False,2024-07-08T02:10:58
SN086,M036,77.9164,%,False,False,2024-04-03T05:10:48
SN132,M032,2727.6284,RPM,False,False,2024-12-18T08:42:47
SN052,M002,4.5519,bar,False,False,2024-10-26T08:56:07
SN003,M003,2027.3909,RPM,False,False,2024-11-06T18:29:05
SN096,M046,26.3543,°C,False,False,2024-10-26T15:32:06
SN129,M029,29.6813,%,False,False,2024-09-21T05:22:29
SN130,M030,4.4539,mm/s,False,False,2024-07-24T08:10:07
SN051,M001,82.213,%,False,False,2024-11-06T19:08:42
SN011,M011,8.1978,mm/s,False,False,2024-07-31T11:33:27
SN075,M025,69.5032,%,False,False,2024-01-18T06:53:50
SN073,M023,19.3485,A,False,False,2024-08-31T12:27:42
SN017,M017,10.0119,mm/s,False,False,2024-12-26T19:21:31
SN119,M019,6.1745,bar,False,False,2024-03-30T16:33:56
SN081,M031,34.5999,%,False,False,2024-04-12T19:11:15
SN077,M027,40.4778,A,False,False,2024-11-13T04:32:01
SN059,M009,27.5293,A,False,False,2024-06-02T07:55:11
SN068,M018,10.7272,bar,True,True,2024-03-27T03:20:04
SN116,M016,20.1474,%,False,False,2024-01-19T13:11:25
SN020,M020,12.9976,A,False,False,2024-11-12T06:59:17
SN140,M040,20.9929,°C,False,False,2024-12-03T07:26:05
SN079,M029,1890.4455,RPM,False,False,2024-07-11T20:58:45
SN149,M049,60.1733,°C,False,False,2024-04-21T16:13:36
SN030,M030,10.5522,mm/s,False,False,2024-05-31T01:59:23
SN144,M044,30.7671,°C,False,False,2024-09-11T19:19:07
SN052,M002,11.1879,bar,True,True,2024-05-07T16:24:12
SN063,M013,21.3553,%,False,False,2024-02-20T10:32:44
SN067,M017,3.4847,bar,False,False,2024-04-09T20:16:32
SN107,M007,1215.3808,RPM,False,False,2024-10-10T04:16:49
SN042,M042,66.4794,°C,False,False,2024-04-22T03:36:38
SN080,M030,65.297,%,False,False,2024-09-05T04:07:20
SN018,M018,7.3895,A,False,False,2024-02-17T03:54:39
SN001,M001,24.0084,°C,False,False,2024-10-26T04:05:02
SN070,M020,323.1067,RPM,False,False,2024-06-24T06:20:33
SN087,M037,2183.0994,RPM,False,False,2024-10-29T17:48:58
SN137,M037,5.7996,A,False,False,2024-09-16T10:11:46
SN072,M022,4.0614,mm/s,False,False,2024-02-05T17:46:57
SN091,M041,69.0011,°C,False,False,2024-07-30T18:36:21
SN065,M015,43.2687,A,False,False,2024-08-28T22:00:22
SN023,M023,2.3795,bar,False,False,2024-05-12T20:36:51
SN042,M042,61.8889,°C,False,False,2024-03-16T09:47:58
SN123,M023,35.9724,A,False,False,2024-05-16T11:07:23
SN008,M008,1109.4429,RPM,False,False,2024-10-20T21:28:48
SN111,M011,51.1295,°C,False,False,2024-11-11T06:36:44
SN104,M004,9.0318,A,False,False,2024-09-04T13:49:49
SN124,M024,35.5174,A,False,False,2024-01-26T23:33:30
SN059,M009,44.3553,A,False,False,2024-10-30T05:15:43
SN127,M027,5.2195,mm/s,False,False,2024-05-05T03:15:07
SN095,M045,1.9933,A,False,False,2024-06-24T21:25:18
SN049,M049,55.0873,A,True,True,2024-09-15T02:20:12
SN096,M046,45.2437,°C,False,False,2024-11-21T06:14:38
SN002,M002,76.4614,%,False,False,2024-02-03T02:21:25
SN035,M035,28.2458,A,False,False,2024-08-06T00:44:30
SN030,M030,5.3971,mm/s,False,False,2024-08-02T23:47:12
SN142,M042,971.0045,RPM,False,False,2024-08-30T16:55:26
SN009,M009,1818.5288,RPM,False,False,2024-04-05T13:14:11
SN080,M030,47.8795,%,False,False,2024-01-16T02:56:08
SN028,M028,39.6634,%,False,False,2024-02-23T04:10:55
SN067,M017,9.4939,bar,False,False,2024-04-19T00:00:58
SN088,M038,79.6146,°C,False,False,2024-07-25T04:55:39
SN094,M044,878.8976,RPM,False,False,2024-04-26T10:31:34
SN105,M005,12.4569,bar,True,True,2024-05-07T06:53:14
SN048,M048,72.8224,°C,False,False,2024-12-27T17:22:24
SN135,M035,71.7329,°C,False,False,2024-05-20T19:02:40
SN030,M030,3.0119,mm/s,False,False,2024-05-09T15:06:11
SN082,M032,2.5523,bar,False,False,2024-03-23T10:52:37
SN150,M050,2.6393,mm/s,False,False,2024-04-17T09:18:20
SN080,M030,56.0386,%,False,False,2024-07-29T05:20:26
SN021,M021,1564.469,RPM,False,False,2024-08-12T05:24:09
SN140,M040,53.5563,°C,False,False,2024-04-25T13:19:49
SN026,M026,35.7343,A,False,False,2024-01-16T19:42:01
SN080,M030,47.5212,%,False,False,2024-09-12T12:02:57
SN086,M036,23.4095,%,False,False,2024-01-27T16:46:25
SN025,M025,1676.6671,RPM,False,False,2024-02-11T11:42:56
SN123,M023,60.3093,A,True,True,2024-06-06T16:05:19
SN139,M039,29.6475,°C,False,False,2024-12-30T22:14:22
SN144,M044,35.0402,°C,False,False,2024-05-09T17:41:28
SN044,M044,2616.765,RPM,False,False,2024-09-29T02:58:25
SN027,M027,0.8002,A,False,False,2024-03-25T19:48:07
SN033,M033,10.9131,mm/s,False,False,2024-12-01T11:26:07
SN131,M031,19.3757,A,False,False,2024-09-21T15:12:45
SN134,M034,27.3928,A,False,False,2024-10-10T10:42:24
SN049,M049,11.3008,A,False,False,2024-06-15T21:18:35
SN055,M005,4.3017,bar,False,False,2024-11-16T09:47:37
SN136,M036,28.9218,%,False,False,2024-08-17T10:22:36
SN106,M006,3.4451,bar,False,False,2024-04-06T17:08:02
SN032,M032,35.4912,°C,False,False,2024-08-23T01:23:38
SN128,M028,3139.0814,RPM,True,True,2024-08-17T10:04:16
SN049,M049,32.8367,A,False,False,2024-08-11T22:27:02
SN048,M048,55.2474,°C,False,False,2024-09-17T14:23:41
SN064,M014,0.4584,mm/s,False,False,2024-04-07T02:07:52
SN012,M012,1949.5943,RPM,False,False,2024-02-21T15:17:46
SN056,M006,1.9572,bar,False,False,2024-01-02T02:15:45
SN054,M004,8.0548,bar,False,False,2024-01-06T08:15:06
SN106,M006,2.7538,bar,False,False,2024-02-26T01:45:13
SN038,M038,37.3159,A,False,False,2024-12-03T09:48:48
SN095,M045,19.5285,A,False,False,2024-09-13T03:10:26
SN133,M033,21.0621,A,False,False,2024-03-19T06:34:20
SN038,M038,16.776,A,False,False,2024-12-03T20:31:54
SN063,M013,82.1689,%,False,False,2024-06-18T21:20:13
SN013,M013,4.683,bar,False,False,2024-03-02T14:18:24
SN016,M016,9.5041,mm/s,False,False,2024-10-17T14:53:17
SN118,M018,2.3238,mm/s,False,False,2024-02-12T21:09:22
SN074,M024,3.1843,mm/s,False,False,2024-06-14T12:01:37
SN004,M004,66.33,°C,False,False,2024-01-26T08:35:37
SN117,M017,7.3445,mm/s,False,False,2024-06-23T12:10:51
SN052,M002,3.3427,bar,False,False,2024-07-04T04:25:34
SN100,M050,5.476,mm/s,False,False,2024-06-19T03:39:39
SN035,M035,53.6958,A,True,True,2024-07-07T16:56:24
SN099,M049,82.1278,%,False,False,2024-07-16T22:43:37
SN038,M038,34.259,A,False,False,2024-07-21T17:39:20
SN066,M016,774.6645,RPM,False,False,2024-09-12T15:44:35
SN133,M033,35.4541,A,False,False,2024-01-08T21:12:20
SN017,M017,10.0868,mm/s,False,False,2024-04-03T16:23:13
SN073,M023,11.604,A,False,False,2024-09-16T14:22:36
SN143,M043,27.2846,A,False,False,2024-12-25T00:19:06
SN136,M036,61.1025,%,False,False,2024-07-24T04:22:19
SN001,M001,21.1889,°C,False,False,2024-10-25T10:52:30
SN142,M042,972.6943,RPM,False,False,2024-07-05T19:25:27
SN050,M050,8.3519,mm/s,False,False,2024-10-06T23:05:44
SN109,M009,72.7009,%,False,False,2024-08-15T15:42:31
SN052,M002,6.6936,bar,False,False,2024-08-21T15:03:37
SN145,M045,1.0954,mm/s,False,False,2024-07-02T06:00:08
SN051,M001,41.2688,%,False,False,2024-11-29T03:14:32
SN087,M037,2162.9406,RPM,False,False,2024-07-25T19:07:44
SN086,M036,48.2189,%,False,False,2024-08-06T10:16:36
SN005,M005,4.9016,A,False,False,2024-12-13T22:37:44
SN036,M036,41.1612,A,False,False,2024-03-20T14:21:34
SN120,M020,11.3539,mm/s,False,False,2024-01-29T04:43:04
SN027,M027,46.3565,A,False,False,2024-06-20T09:02:19
SN035,M035,10.1904,A,False,False,2024-05-24T00:49:26
SN025,M025,3068.0715,RPM,True,True,2024-08-16T03:53:36
SN105,M005,3.3835,bar,False,False,2024-08-16T14:23:38
SN116,M016,26.1231,%,False,False,2024-12-24T16:16:11
SN061,M011,26.1249,%,False,False,2024-04-07T05:07:13
SN138,M038,77.0,°C,False,False,2024-04-03T16:14:24
SN012,M012,789.6823,RPM,False,False,2024-03-05T20:54:16
SN002,M002,52.0655,%,False,False,2024-03-25T00:36:28
SN106,M006,1.8508,bar,False,False,2024-07-14T14:49:42
SN150,M050,6.5627,mm/s,False,False,2024-01-01T00:51:57
SN110,M010,10.6551,mm/s,False,False,2024-10-19T13:31:12
SN116,M016,30.7613,%,False,False,2024-10-13T23:03:13
SN025,M025,1629.357,RPM,False,False,2024-09-16T03:40:25
SN071,M021,2343.595,RPM,False,False,2024-03-31T23:05:04
SN012,M012,558.1898,RPM,False,False,2024-03-22T04:40:56
SN051,M001,50.186,%,False,False,2024-09-13T23:07:48
SN116,M016,28.8107,%,False,False,2024-02-15T18:41:09
SN053,M003,65.9628,°C,False,False,2024-10-22T13:53:50
SN077,M027,20.5116,A,False,False,2024-09-24T03:51:08
SN017,M017,1.8134,mm/s,False,False,2024-05-26T20:01:05
SN002,M002,22.301,%,False,False,2024-03-09T00:00:38
SN108,M008,8.7144,mm/s,False,False,2024-03-23T05:58:51
SN019,M019,5.1509,A,False,False,2024-03-30T00:49:52
SN043,M043,5.931,mm/s,False,False,2024-08-03T12:57:00
SN136,M036,81.0494,%,False,False,2024-12-15T03:03:17
SN150,M050,10.1048,mm/s,False,False,2024-03-02T03:02:52
SN137,M037,10.2404,A,False,False,2024-06-23T09:31:45
SN109,M009,74.8032,%,False,False,2024-06-21T20:24:25
SN072,M022,6.9116,mm/s,False,False,2024-12-25T16:55:54
SN006,M006,842.2725,RPM,False,False,2024-10-27T00:45:47
SN138,M038,25.5298,°C,False,False,2024-08-13T19:03:51
SN030,M030,1.4453,mm/s,False,False,2024-01-21T21:22:46
SN059,M009,25.3433,A,False,False,2024-11-28T21:27:27
SN029,M029,45.8468,%,False,False,2024-09-09T07:13:33
SN149,M049,69.6148,°C,False,False,2024-01-21T12:25:37
SN133,M033,41.6005,A,False,False,2024-11-06T06:41:15
SN033,M033,0.5786,mm/s,False,False,2024-11-29T07:57:54
SN140,M040,34.6708,°C,False,False,2024-08-02T11:35:51
SN022,M022,1532.0644,RPM,False,False,2024-04-10T20:11:24
SN067,M017,2.1575,bar,False,False,2024-03-10T05:58:12
SN012,M012,2423.1983,RPM,False,False,2024-03-20T17:32:17
SN036,M036,10.4741,A,False,False,2024-09-04T02:16:26
SN023,M023,6.3111,bar,False,False,2024-01-28T17:49:28
SN109,M009,55.8106,%,False,False,2024-10-13T12:14:43
SN083,M033,7.7673,mm/s,False,False,2024-11-25T00:43:02
SN087,M037,3588.1808,RPM,True,True,2024-10-29T22:34:12
SN007,M007,32.817,A,False,False,2024-12-01T02:40:42
SN008,M008,470.0332,RPM,False,False,2024-10-15T05:47:13
SN150,M050,7.8427,mm/s,False,False,2024-07-05T17:11:35
SN026,M026,42.479,A,False,False,2024-09-08T11:34:55
SN096,M046,58.3239,°C,False,False,2024-08-22T21:48:15
SN007,M007,46.9491,A,False,False,2024-05-01T11:55:03
SN098,M048,37.7478,A,False,False,2024-07-14T17:48:27
SN075,M025,37.0827,%,False,False,2024-02-03T00:38:03
SN140,M040,56.4712,°C,False,False,2024-08-11T20:17:51
SN139,M039,49.8367,°C,False,False,2024-12-19T12:10:42
SN020,M020,39.157,A,False,False,2024-04-22T05:27:45
SN129,M029,22.7811,%,False,False,2024-05-27T08:41:10
SN121,M021,3359.936,RPM,True,True,2024-01-11T04:40:49
SN012,M012,7.9674,RPM,False,False,2024-04-11T11:21:19
SN063,M013,61.7017,%,False,False,2024-02-04T10:38:14
SN093,M043,13.0663,A,False,False,2024-02-28T05:42:55
SN104,M004,5.8398,A,False,False,2024-06-09T09:10:54
SN039,M039,51.0847,°C,False,False,2024-05-04T21:54:21
SN095,M045,17.395,A,False,False,2024-11-15T01:39:50
SN044,M044,1069.6778,RPM,False,False,2024-01-17T06:17:09
SN142,M042,1781.2982,RPM,False,False,2024-01-21T14:20:17
SN105,M005,4.4866,bar,False,False,2024-11-28T10:44:13
SN143,M043,16.8662,A,False,False,2024-01-07T14:23:56
SN135,M035,23.9193,°C,False,False,2024-04-14T00:10:35
SN013,M013,8.3546,bar,False,False,2024-04-08T04:24:27
SN136,M036,56.4045,%,False,False,2024-07-24T13:20:12
SN002,M002,68.0302,%,False,False,2024-11-28T19:18:48
SN046,M046,1349.879,RPM,False,False,2024-12-07T22:25:33
SN064,M014,4.3102,mm/s,False,False,2024-10-23T15:37:27
SN049,M049,3.0479,A,False,False,2024-04-14T00:04:18
SN063,M013,24.2923,%,False,False,2024-09-27T13:11:51
SN103,M003,841.1807,RPM,False,False,2024-03-07T08:38:03
SN134,M034,31.801,A,False,False,2024-10-10T17:14:09
SN079,M029,451.9897,RPM,False,False,2024-04-04T06:16:44
SN108,M008,1.4878,mm/s,False,False,2024-10-07T11:51:10
SN136,M036,26.8181,%,False,False,2024-10-29T06:14:01
SN065,M015,41.4886,A,False,False,2024-11-15T05:56:21
SN100,M050,11.1972,mm/s,False,False,2024-05-31T09:57:10
SN041,M041,65.5803,°C,False,False,2024-10-21T05:53:04
SN075,M025,22.7719,%,False,False,2024-06-05T14:50:03
SN059,M009,17.5298,A,False,False,2024-07-30T01:30:00
SN048,M048,78.2725,°C,False,False,2024-12-19T23:10:14
SN006,M006,1339.0213,RPM,False,False,2024-04-29T12:14:47
SN106,M006,8.3362,bar,False,False,2024-07-18T05:19:17
SN148,M048,54.7382,%,False,False,2024-12-21T20:17:48
SN006,M006,2082.7232,RPM,False,False,2024-05-23T01:28:26
SN062,M012,1427.764,RPM,False,False,2024-03-10T07:19:03
SN071,M021,2771.5569,RPM,False,False,2024-06-29T20:28:38
SN016,M016,3.8752,mm/s,False,False,2024-04-22T12:09:51
SN015,M015,3.4767,bar,False,False,2024-03-20T11:22:54
SN056,M006,7.5029,bar,False,False,2024-05-17T21:25:52
SN050,M050,2.938,mm/s,False,False,2024-05-02T08:42:02
SN032,M032,33.4791,°C,False,False,2024-02-24T22:05:36
SN027,M027,33.787,A,False,False,2024-06-25T14:31:13
SN135,M035,73.3747,°C,False,False,2024-02-18T01:42:07
SN140,M040,105.7728,°C,True,True,2024-04-03T15:10:50
SN024,M024,9.4045,A,False,False,2024-03-25T04:33:25
SN035,M035,15.3435,A,False,False,2024-03-28T15:50:26
SN011,M011,9.7449,mm/s,False,False,2024-10-07T22:12:41
SN020,M020,43.6112,A,False,False,2024-08-25T15:05:23
SN130,M030,10.9634,mm/s,False,False,2024-05-31T04:55:05
SN025,M025,1426.948,RPM,False,False,2024-06-07T03:21:20
SN142,M042,1494.7511,RPM,False,False,2024-01-04T06:07:31
SN003,M003,594.8051,RPM,False,False,2024-01-11T07:38:36
SN008,M008,953.5772,RPM,False,False,2024-06-10T04:17:30
SN029,M029,74.8626,%,False,False,2024-07-22T10:49:11
SN004,M004,42.9204,°C,False,False,2024-07-02T09:54:12
SN128,M028,808.4002,RPM,False,False,2024-08-19T11:47:41
SN031,M031,43.127,A,False,False,2024-12-22T00:00:12
SN001,M001,61.3173,°C,False,False,2024-06-01T03:28:51
SN095,M045,16.4251,A,False,False,2024-12-10T01:02:12
SN015,M015,6.1314,bar,False,False,2024-11-09T23:53:35
SN032,M032,58.8368,°C,False,False,2024-08-11T07:39:04
SN074,M024,3.3316,mm/s,False,False,2024-03-30T20:20:01
SN102,M002,16.2901,A,False,False,2024-01-11T05:50:36
SN036,M036,19.3458,A,False,False,2024-03-07T06:06:49
SN041,M041,56.849,°C,False,False,2024-07-15T10:53:16
SN038,M038,21.4364,A,False,False,2024-05-10T04:12:32
SN087,M037,262.8405,RPM,False,False,2024-12-28T15:26:26
SN010,M010,76.1517,%,False,False,2024-04-24T03:47:51
SN034,M034,4.4616,bar,False,False,2024-10-17T03:53:56
SN011,M011,7.1874,mm/s,False,False,2024-10-29T03:39:26
SN087,M037,2666.4382,RPM,False,False,2024-06-15T11:29:22
SN112,M012,2119.7079,RPM,False,False,2024-07-20T16:35:33
SN025,M025,367.0414,RPM,False,False,2024-10-30T00:59:10
SN005,M005,44.8328,A,False,False,2024-12-05T17:59:53
SN015,M015,2.727,bar,False,False,2024-05-31T16:33:36
SN102,M002,4.198,A,False,False,2024-12-04T08:30:02
SN007,M007,32.5331,A,False,False,2024-01-29T05:25:16
SN083,M033,2.4265,mm/s,False,False,2024-03-09T03:51:16
SN056,M006,3.8945,bar,False,False,2024-01-21T05:09:37
SN111,M011,31.1418,°C,False,False,2024-08-10T03:48:47
SN028,M028,75.5068,%,False,False,2024-06-13T20:22:49
SN144,M044,28.6627,°C,False,False,2024-03-22T21:20:40
SN135,M035,37.6419,°C,False,False,2024-01-16T16:00:47
SN030,M030,10.2185,mm/s,False,False,2024-01-02T22:13:16
SN136,M036,71.1059,%,False,False,2024-05-13T01:20:59
SN077,M027,40.9846,A,False,False,2024-12-20T11:12:24
SN141,M041,25.1089,A,False,False,2024-06-07T05:46:36
SN012,M012,1838.6364,RPM,False,False,2024-08-26T15:38:05
SN032,M032,60.5218,°C,False,False,2024-06-24T08:36:03
SN005,M005,2.2558,A,False,False,2024-05-23T00:16:18
SN145,M045,0.7392,mm/s,False,False,2024-04-22T08:56:01
SN074,M024,10.6586,mm/s,False,False,2024-10-04T13:02:47
SN116,M016,58.1799,%,False,False,2024-03-05T07:30:48
SN104,M004,33.5427,A,False,False,2024-08-30T06:00:34
SN108,M008,6.529,mm/s,False,False,2024-05-25T23:20:37
SN076,M026,58.9863,°C,False,False,2024-10-21T23:00:11
SN117,M017,5.9532,mm/s,False,False,2024-02-26T09:11:07
SN138,M038,55.1912,°C,False,False,2024-09-04T07:11:30
SN146,M046,41.6382,%,False,False,2024-02-09T23:30:26
SN076,M026,96.4836,°C,True,True,2024-04-30T05:37:07
SN146,M046,83.8529,%,False,False,2024-03-16T12:24:52
SN045,M045,1.921,bar,False,False,2024-11-21T21:47:02
SN058,M008,2.201,bar,False,False,2024-06-15T22:43:17
SN104,M004,45.6298,A,False,False,2024-01-22T06:31:00
SN105,M005,1.1952,bar,False,False,2024-08-04T16:05:04
SN122,M022,30.4114,A,False,False,2024-06-26T13:14:25
SN107,M007,86.9829,RPM,False,False,2024-06-20T15:38:21
SN045,M045,3.6308,bar,False,False,2024-10-08T07:54:33
SN059,M009,10.4689,A,False,False,2024-09-17T06:13:07
SN093,M043,42.6798,A,False,False,2024-07-21T00:41:41
SN036,M036,26.6548,A,False,False,2024-01-07T19:06:18
SN073,M023,42.6194,A,False,False,2024-06-07T05:54:57
SN031,M031,42.8568,A,False,False,2024-08-07T21:59:55
SN112,M012,1565.3688,RPM,False,False,2024-11-25T16:59:24
SN038,M038,36.2475,A,False,False,2024-07-30T11:06:42
SN038,M038,12.6368,A,False,False,2024-10-31T07:41:21
SN141,M041,17.9691,A,False,False,2024-06-07T00:48:55
SN019,M019,10.29,A,False,False,2024-08-06T04:18:00
SN124,M024,4.667,A,False,False,2024-11-18T13:53:07
SN038,M038,38.3435,A,False,False,2024-05-01T19:50:46
SN147,M047,80.5106,%,False,False,2024-02-16T16:12:50
SN065,M015,36.9179,A,False,False,2024-06-03T19:52:41
SN139,M039,55.6974,°C,False,False,2024-10-27T06:13:56
SN080,M030,37.8095,%,False,False,2024-12-15T03:13:49
SN011,M011,9.4908,mm/s,False,False,2024-03-04T18:52:43
SN123,M023,0.0465,A,False,False,2024-09-16T07:34:02
SN132,M032,1113.418,RPM,False,False,2024-12-09T18:58:36
SN100,M050,0.6287,mm/s,False,False,2024-11-19T18:44:34
SN100,M050,0.8556,mm/s,False,False,2024-09-16T13:08:51
SN050,M050,3.8172,mm/s,False,False,2024-11-15T17:56:35
SN007,M007,51.7616,A,True,True,2024-07-23T23:34:04
SN015,M015,3.3736,bar,False,False,2024-04-23T19:16:48
SN019,M019,15.2662,A,False,False,2024-06-24T23:32:31
SN105,M005,8.3346,bar,False,False,2024-07-21T15:36:01
SN051,M001,82.1873,%,False,False,2024-09-06T08:33:22
SN106,M006,1.4275,bar,False,False,2024-05-23T01:22:26
SN057,M007,12.8308,A,False,False,2024-12-13T20:42:04
SN127,M027,6.8267,mm/s,False,False,2024-05-31T17:56:30
SN042,M042,77.2831,°C,False,False,2024-12-09T20:51:25
SN036,M036,36.2409,A,False,False,2024-06-08T20:49:11
SN034,M034,3.9287,bar,False,False,2024-08-03T17:18:15
SN024,M024,23.3745,A,False,False,2024-08-30T21:03:15
SN122,M022,43.8468,A,False,False,2024-03-03T12:21:57
SN145,M045,6.8605,mm/s,False,False,2024-10-25T16:39:14
SN068,M018,12.3541,bar,True,True,2024-09-19T00:01:47
SN137,M037,46.0891,A,False,False,2024-03-18T01:35:16
SN052,M002,1.7581,bar,False,False,2024-02-21T12:32:01
SN081,M031,80.955,%,False,False,2024-03-19T16:32:31
SN089,M039,4.4112,bar,False,False,2024-06-30T10:33:08
SN140,M040,48.2035,°C,False,False,2024-03-20T13:57:54
SN043,M043,0.896,mm/s,False,False,2024-03-04T10:50:17
SN001,M001,33.2964,°C,False,False,2024-06-12T20:23:20
SN061,M011,84.1601,%,False,False,2024-05-03T09:42:00
SN034,M034,5.642,bar,False,False,2024-05-13T23:18:32
SN097,M047,10.3671,A,False,False,2024-01-29T20:51:43
SN140,M040,36.0744,°C,False,False,2024-01-20T02:25:48
SN044,M044,920.6146,RPM,False,False,2024-02-24T16:49:39
SN102,M002,2.0426,A,False,False,2024-11-13T11:17:30
SN025,M025,811.5678,RPM,False,False,2024-01-21T13:03:53
SN061,M011,64.6742,%,False,False,2024-11-19T02:48:21
SN027,M027,25.3736,A,False,False,2024-12-26T06:38:28
SN037,M037,35.1935,A,False,False,2024-07-13T01:09:10
SN132,M032,531.9477,RPM,False,False,2024-01-06T10:36:55
SN042,M042,73.3495,°C,False,False,2024-12-13T07:09:55
SN138,M038,26.217,°C,False,False,2024-03-16T02:28:57
SN067,M017,9.2763,bar,False,False,2024-03-07T15:36:38
SN147,M047,68.1129,%,False,False,2024-07-09T19:18:08
SN113,M013,4.8566,mm/s,False,False,2024-11-16T21:59:18
SN060,M010,6.1487,mm/s,False,False,2024-12-06T10:54:20
SN030,M030,2.0203,mm/s,False,False,2024-09-21T16:20:10
SN082,M032,3.877,bar,False,False,2024-08-10T07:23:27
SN116,M016,21.5012,%,False,False,2024-11-01T02:23:39
SN140,M040,46.0429,°C,False,False,2024-09-21T09:00:22
SN031,M031,33.2553,A,False,False,2024-06-05T09:03:25
SN128,M028,1154.4914,RPM,False,False,2024-10-29T21:03:47
SN038,M038,0.7344,A,False,False,2024-10-23T21:59:32
SN001,M001,28.7255,°C,False,False,2024-09-12T21:29:28
SN044,M044,1793.1485,RPM,False,False,2024-05-07T08:09:42
SN041,M041,43.8964,°C,False,False,2024-12-05T05:09:02
SN094,M044,3291.1852,RPM,True,True,2024-06-22T16:58:24
SN027,M027,19.2344,A,False,False,2024-02-28T09:16:30
SN019,M019,36.5793,A,False,False,2024-03-08T15:47:56
SN019,M019,6.5903,A,False,False,2024-08-08T12:54:15
SN102,M002,35.8607,A,False,False,2024-01-16T07:33:32
SN143,M043,36.6971,A,False,False,2024-04-14T06:45:51
SN061,M011,59.887,%,False,False,2024-04-22T03:50:57
SN140,M040,77.9,°C,False,False,2024-02-19T06:33:07
SN010,M010,72.2942,%,False,False,2024-08-23T00:33:39
SN059,M009,25.7584,A,False,False,2024-10-06T07:19:36
SN065,M015,13.8637,A,False,False,2024-02-20T11:34:39
SN077,M027,16.0417,A,False,False,2024-10-12T14:39:18
SN132,M032,188.1492,RPM,False,False,2024-02-02T15:04:06
SN073,M023,29.7381,A,False,False,2024-07-16T02:34:05
SN118,M018,8.5634,mm/s,False,False,2024-01-14T21:40:31
SN113,M013,10.5296,mm/s,False,False,2024-04-01T08:58:37
SN140,M040,43.7226,°C,False,False,2024-03-17T02:44:51
SN139,M039,59.8961,°C,False,False,2024-01-11T04:22:06
SN116,M016,71.1062,%,False,False,2024-08-26T11:07:13
SN017,M017,7.5661,mm/s,False,False,2024-06-28T04:36:55
SN127,M027,5.6142,mm/s,False,False,2024-07-29T11:35:23
SN039,M039,54.9065,°C,False,False,2024-06-18T12:08:40
SN130,M030,9.6388,mm/s,False,False,2024-11-21T01:49:29
SN034,M034,5.9028,bar,False,False,2024-07-10T19:32:54
SN010,M010,54.8552,%,False,False,2024-09-21T16:37:30
SN135,M035,99.2814,°C,True,True,2024-09-21T23:51:28
SN061,M011,65.5554,%,False,False,2024-12-08T22:20:50
SN008,M008,2473.1944,RPM,False,False,2024-10-20T10:23:46
SN100,M050,7.0627,mm/s,False,False,2024-09-23T06:22:15
SN117,M017,0.3492,mm/s,False,False,2024-02-18T11:27:28
SN043,M043,6.1762,mm/s,False,False,2024-10-29T07:01:07
SN088,M038,36.3006,°C,False,False,2024-03-11T21:32:44
SN135,M035,56.0609,°C,False,False,2024-03-17T03:51:07
SN036,M036,38.7233,A,False,False,2024-04-24T05:48:21
SN048,M048,58.5124,°C,False,False,2024-02-21T16:33:44
SN137,M037,40.2203,A,False,False,2024-11-02T15:00:01
SN101,M001,33.4985,°C,False,False,2024-12-31T07:04:34
SN050,M050,10.2773,mm/s,False,False,2024-08-10T08:58:02
SN027,M027,7.81,A,False,False,2024-01-31T21:59:25
SN084,M034,2170.2699,RPM,False,False,2024-10-07T13:27:00
SN124,M024,44.8887,A,False,False,2024-05-31T02:27:22
SN043,M043,1.9592,mm/s,False,False,2024-08-16T19:02:09
SN057,M007,10.5578,A,False,False,2024-07-24T17:32:35
SN095,M045,40.8714,A,False,False,2024-12-30T21:30:54
SN130,M030,8.101,mm/s,False,False,2024-05-23T09:29:10
SN094,M044,3505.6164,RPM,True,True,2024-07-20T12:49:28
SN068,M018,9.0714,bar,False,False,2024-08-04T23:19:14
SN084,M034,3281.1046,RPM,True,True,2024-07-08T10:19:50
SN074,M024,2.556,mm/s,False,False,2024-03-16T09:41:53
SN079,M029,341.9367,RPM,False,False,2024-09-19T07:25:59
SN132,M032,212.3525,RPM,False,False,2024-11-19T06:30:12
SN029,M029,59.2346,%,False,False,2024-03-05T00:11:10
SN013,M013,8.0807,bar,False,False,2024-05-09T13:31:06
SN149,M049,68.2022,°C,False,False,2024-02-03T09:40:22
SN094,M044,876.6044,RPM,False,False,2024-05-06T07:30:44
SN076,M026,39.8511,°C,False,False,2024-05-07T07:00:06
SN052,M002,7.1959,bar,False,False,2024-05-22T04:23:37
SN055,M005,5.0448,bar,False,False,2024-11-24T12:07:48
SN135,M035,68.5273,°C,False,False,2024-06-22T17:23:18
SN082,M032,12.4075,bar,True,True,2024-04-13T05:00:38
SN039,M039,59.0812,°C,False,False,2024-02-12T08:55:46
SN073,M023,37.6416,A,False,False,2024-01-14T16:00:53
SN091,M041,43.2631,°C,False,False,2024-07-24T12:36:51
SN032,M032,51.8161,°C,False,False,2024-08-06T01:25:30
SN016,M016,9.518,mm/s,False,False,2024-10-21T06:52:47
SN123,M023,55.1513,A,True,True,2024-04-01T06:27:04
SN132,M032,2440.8922,RPM,False,False,2024-05-15T06:32:34
SN103,M003,390.0218,RPM,False,False,2024-05-08T12:08:54
SN143,M043,38.4461,A,False,False,2024-06-15T06:39:49
SN107,M007,924.6972,RPM,False,False,2024-10-27T04:11:17
SN150,M050,9.0322,mm/s,False,False,2024-06-23T16:15:01
SN138,M038,38.143,°C,False,False,2024-03-06T02:03:02
SN036,M036,16.0498,A,False,False,2024-05-10T23:43:37
SN072,M022,3.8707,mm/s,False,False,2024-08-16T11:33:04
SN109,M009,72.1775,%,False,False,2024-05-03T05:42:16
SN074,M024,1.4694,mm/s,False,False,2024-08-26T14:27:36
SN031,M031,38.5898,A,False,False,2024-06-15T06:14:56
SN086,M036,111.1043,%,True,True,2024-01-03T10:19:28
SN011,M011,14.4525,mm/s,True,True,2024-05-24T15:59:06
SN059,M009,41.7244,A,False,False,2024-01-29T06:03:43
SN061,M011,77.4678,%,False,False,2024-12-08T22:56:24
SN030,M030,9.9007,mm/s,False,False,2024-01-27T21:23:15
SN054,M004,10.9818,bar,True,True,2024-01-14T02:56:20
SN134,M034,30.0677,A,False,False,2024-08-03T18:03:52
SN047,M047,3.2366,mm/s,False,False,2024-04-20T10:27:17
SN134,M034,18.1957,A,False,False,2024-08-15T17:57:23
SN126,M026,2744.8215,RPM,False,False,2024-09-25T02:37:39
SN057,M007,42.6963,A,False,False,2024-11-02T08:24:23
SN113,M013,3.3364,mm/s,False,False,2024-06-09T12:02:37
SN039,M039,27.8815,°C,False,False,2024-11-24T12:56:56
SN132,M032,2005.5003,RPM,False,False,2024-12-22T23:56:53
SN095,M045,45.1109,A,False,False,2024-01-28T00:39:20
SN135,M035,69.4242,°C,False,False,2024-10-01T18:59:28
SN140,M040,26.4311,°C,False,False,2024-02-21T22:24:52
SN049,M049,5.999,A,False,False,2024-08-23T13:43:41
SN037,M037,30.6445,A,False,False,2024-08-31T11:14:34
SN079,M029,168.1058,RPM,False,False,2024-10-13T17:25:18
SN003,M003,1480.8332,RPM,False,False,2024-06-10T07:30:37
SN068,M018,2.7336,bar,False,False,2024-08-02T15:57:57
SN119,M019,5.5264,bar,False,False,2024-10-24T20:21:08
SN121,M021,2012.5751,RPM,False,False,2024-09-15T07:42:55
SN117,M017,2.0596,mm/s,False,False,2024-05-15T23:03:14
SN123,M023,12.3662,A,False,False,2024-05-21T01:09:06
SN144,M044,49.3929,°C,False,False,2024-05-27T03:41:36
SN040,M040,77.2349,°C,False,False,2024-05-06T09:16:01
SN037,M037,24.2691,A,False,False,2024-10-28T04:21:07
SN117,M017,7.4975,mm/s,False,False,2024-04-03T15:06:42
SN027,M027,26.0953,A,False,False,2024-03-11T13:07:26
SN113,M013,7.3578,mm/s,False,False,2024-03-09T04:14:06
SN017,M017,2.4518,mm/s,False,False,2024-06-21T00:06:41
SN056,M006,6.5709,bar,False,False,2024-03-13T07:01:45
SN008,M008,491.75,RPM,False,False,2024-08-11T22:44:58
SN146,M046,34.0235,%,False,False,2024-06-08T23:33:41
SN044,M044,2088.4946,RPM,False,False,2024-11-06T10:58:32
SN084,M034,1667.7537,RPM,False,False,2024-09-05T16:33:52
SN078,M028,56.0682,%,False,False,2024-04-01T19:55:03
SN043,M043,4.1461,mm/s,False,False,2024-04-04T23:06:09
SN148,M048,55.3807,%,False,False,2024-05-04T08:30:53
SN143,M043,12.672,A,False,False,2024-02-17T10:34:53
SN126,M026,1319.6282,RPM,False,False,2024-10-15T19:24:49
SN127,M027,9.214,mm/s,False,False,2024-04-22T13:31:50
SN064,M014,6.5099,mm/s,False,False,2024-04-11T09:02:59
SN065,M015,45.2712,A,False,False,2024-07-12T10:47:25
SN030,M030,5.0938,mm/s,False,False,2024-11-16T08:20:12
SN150,M050,2.1295,mm/s,False,False,2024-03-08T16:52:43
SN113,M013,0.632,mm/s,False,False,2024-04-05T17:26:50
SN120,M020,10.3816,mm/s,False,False,2024-10-06T03:22:18
SN029,M029,66.3687,%,False,False,2024-11-13T11:39:16
SN084,M034,2711.0225,RPM,False,False,2024-12-21T08:14:19
SN133,M033,7.0889,A,False,False,2024-11-11T11:22:41
SN026,M026,17.3046,A,False,False,2024-10-10T04:39:55
SN014,M014,2.4728,bar,False,False,2024-12-09T01:37:08
SN012,M012,1579.4986,RPM,False,False,2024-08-23T13:44:06
SN120,M020,5.7674,mm/s,False,False,2024-08-08T22:43:51
SN113,M013,2.4007,mm/s,False,False,2024-10-14T09:07:26
SN096,M046,41.7099,°C,False,False,2024-04-01T23:05:50
SN137,M037,2.8918,A,False,False,2024-11-21T09:22:10
SN011,M011,3.1707,mm/s,False,False,2024-04-27T07:48:32
SN061,M011,62.2741,%,False,False,2024-11-12T09:18:00
SN147,M047,57.5873,%,False,False,2024-02-12T12:26:07
SN118,M018,9.5211,mm/s,False,False,2024-03-04T07:18:51
SN054,M004,5.8494,bar,False,False,2024-12-26T14:35:43
SN024,M024,52.716,A,True,True,2024-08-12T03:47:10
SN043,M043,8.3193,mm/s,False,False,2024-08-15T22:06:48
SN090,M040,26.0571,%,False,False,2024-03-18T05:19:06
SN123,M023,41.2232,A,False,False,2024-07-17T14:24:58
SN050,M050,9.385,mm/s,False,False,2024-12-20T01:14:07
SN002,M002,84.9877,%,False,False,2024-02-02T02:20:00
SN054,M004,5.2489,bar,False,False,2024-08-24T09:28:08
SN030,M030,0.5519,mm/s,False,False,2024-02-28T14:47:08
SN039,M039,29.5623,°C,False,False,2024-12-02T14:31:02
SN118,M018,8.5803,mm/s,False,False,2024-02-24T05:29:34
SN014,M014,7.5567,bar,False,False,2024-09-18T12:53:39
SN023,M023,4.2519,bar,False,False,2024-02-10T14:03:43
SN034,M034,1.3557,bar,False,False,2024-08-27T19:35:28
SN009,M009,2060.5482,RPM,False,False,2024-09-13T23:39:20
SN136,M036,81.0724,%,False,False,2024-03-17T21:02:24
SN055,M005,11.5153,bar,True,True,2024-06-16T13:23:31
SN098,M048,25.4671,A,False,False,2024-09-13T10:47:20
SN046,M046,2499.0867,RPM,False,False,2024-11-11T01:29:02
SN078,M028,26.7877,%,False,False,2024-10-23T20:21:08
SN073,M023,4.2798,A,False,False,2024-01-09T19:40:02
SN143,M043,29.704,A,False,False,2024-02-24T14:35:29
SN087,M037,1642.8242,RPM,False,False,2024-05-06T20:29:55
SN035,M035,13.6189,A,False,False,2024-02-20T00:34:19
SN005,M005,28.0916,A,False,False,2024-09-29T02:18:17
SN094,M044,997.4297,RPM,False,False,2024-05-27T18:28:34
SN017,M017,8.3902,mm/s,False,False,2024-01-01T11:31:15
SN055,M005,5.8354,bar,False,False,2024-05-14T01:51:31
SN033,M033,6.6514,mm/s,False,False,2024-11-15T19:31:01
SN005,M005,10.871,A,False,False,2024-06-25T05:06:37
SN031,M031,9.0609,A,False,False,2024-12-29T04:24:19
SN092,M042,55.3464,%,False,False,2024-05-30T10:32:18
SN079,M029,371.4508,RPM,False,False,2024-11-24T16:28:48
SN007,M007,3.5601,A,False,False,2024-10-15T09:57:24
SN040,M040,106.0565,°C,True,True,2024-12-27T05:57:17
SN014,M014,4.0755,bar,False,False,2024-03-03T21:31:09
SN123,M023,23.5057,A,False,False,2024-01-24T10:07:13
SN043,M043,0.7013,mm/s,False,False,2024-10-06T04:05:00
SN022,M022,2456.5982,RPM,False,False,2024-01-09T16:36:01
SN106,M006,2.0751,bar,False,False,2024-04-19T06:49:36
SN136,M036,79.0234,%,False,False,2024-05-12T23:18:32
SN082,M032,8.3445,bar,False,False,2024-11-17T11:21:12
SN002,M002,66.5267,%,False,False,2024-04-20T20:38:27
SN009,M009,355.3798,RPM,False,False,2024-08-27T06:48:53
SN093,M043,19.2632,A,False,False,2024-07-11T18:39:44
SN145,M045,7.2942,mm/s,False,False,2024-05-23T03:17:06
SN109,M009,40.191,%,False,False,2024-01-26T04:44:51
SN095,M045,32.1608,A,False,False,2024-05-15T03:53:40
SN096,M046,71.2429,°C,False,False,2024-04-05T13:47:43
SN065,M015,5.0552,A,False,False,2024-11-20T23:15:48
SN065,M015,0.1298,A,False,False,2024-01-18T03:15:42
SN143,M043,5.6292,A,False,False,2024-10-31T07:41:13
SN132,M032,590.5754,RPM,False,False,2024-11-09T01:21:58
SN106,M006,1.8532,bar,False,False,2024-06-03T19:34:43
SN071,M021,256.445,RPM,False,False,2024-03-03T20:46:42
SN109,M009,55.6564,%,False,False,2024-07-19T17:24:32
SN025,M025,1910.0542,RPM,False,False,2024-06-22T21:26:13
SN028,M028,21.9966,%,False,False,2024-10-06T12:57:12
SN028,M028,66.1319,%,False,False,2024-06-28T23:43:00
SN022,M022,120.9843,RPM,False,False,2024-06-24T21:55:20
SN027,M027,21.9424,A,False,False,2024-03-30T00:11:46
SN086,M036,23.1308,%,False,False,2024-12-03T23:07:25
SN074,M024,6.0499,mm/s,False,False,2024-04-17T00:17:29
SN126,M026,2282.9259,RPM,False,False,2024-03-08T22:56:15
SN030,M030,0.2826,mm/s,False,False,2024-08-07T11:24:16
SN112,M012,1515.3213,RPM,False,False,2024-07-24T02:27:24
SN091,M041,62.732,°C,False,False,2024-08-19T12:36:59
SN065,M015,9.7167,A,False,False,2024-08-05T23:18:08
SN002,M002,85.4842,%,False,False,2024-11-08T02:35:34
SN052,M002,2.331,bar,False,False,2024-11-10T12:29:55
SN113,M013,9.557,mm/s,False,False,2024-12-11T12:00:47
SN101,M001,29.0465,°C,False,False,2024-05-17T04:22:37
SN150,M050,2.7422,mm/s,False,False,2024-02-23T16:19:21
SN122,M022,51.6622,A,True,True,2024-04-13T07:20:25
SN104,M004,4.7579,A,False,False,2024-05-08T06:54:54
SN007,M007,37.7674,A,False,False,2024-01-20T15:25:01
SN115,M015,7.5985,mm/s,False,False,2024-02-18T06:46:41
SN065,M015,59.6138,A,True,True,2024-04-12T00:29:14
SN150,M050,8.7583,mm/s,False,False,2024-08-02T09:20:08
SN018,M018,26.7387,A,False,False,2024-09-28T19:51:23
SN070,M020,897.8839,RPM,False,False,2024-09-16T07:30:19
SN017,M017,1.9622,mm/s,False,False,2024-04-09T05:38:05
SN129,M029,104.0057,%,True,True,2024-09-08T02:36:00
SN128,M028,1125.7506,RPM,False,False,2024-08-23T09:20:46
SN136,M036,61.8467,%,False,False,2024-09-08T16:02:55
SN017,M017,6.7296,mm/s,False,False,2024-09-23T02:06:50
SN031,M031,18.1555,A,False,False,2024-08-04T03:20:51
SN075,M025,79.479,%,False,False,2024-02-08T16:07:21
SN039,M039,37.4143,°C,False,False,2024-01-20T01:41:02
SN125,M025,36.1701,°C,False,False,2024-03-31T14:30:11
SN045,M045,4.7136,bar,False,False,2024-03-22T22:03:38
SN132,M032,1696.0958,RPM,False,False,2024-08-14T08:41:08
SN146,M046,85.2164,%,False,False,2024-06-22T05:39:17
SN004,M004,69.9697,°C,False,False,2024-04-12T13:43:05
SN043,M043,9.6686,mm/s,False,False,2024-09-13T10:38:59
SN036,M036,56.3736,A,True,True,2024-07-19T05:28:20
SN118,M018,6.1623,mm/s,False,False,2024-03-07T14:45:30
SN028,M028,23.5974,%,False,False,2024-03-02T12:00:28
SN008,M008,1882.2544,RPM,False,False,2024-04-10T18:38:09
SN025,M025,2570.5187,RPM,False,False,2024-07-30T22:44:12
SN022,M022,1950.3866,RPM,False,False,2024-10-18T15:08:04
SN147,M047,53.0419,%,False,False,2024-10-29T22:29:39
SN150,M050,1.6713,mm/s,False,False,2024-02-13T11:30:43
SN022,M022,2743.1798,RPM,False,False,2024-10-10T21:00:37
SN138,M038,55.6996,°C,False,False,2024-04-22T12:49:15
SN131,M031,60.434,A,True,True,2024-01-28T10:07:37
SN140,M040,74.3204,°C,False,False,2024-04-28T02:32:55
SN137,M037,35.9971,A,False,False,2024-06-24T06:20:24
SN092,M042,68.3027,%,False,False,2024-03-31T13:00:07
SN147,M047,83.7,%,False,False,2024-05-25T04:03:42
SN113,M013,6.1457,mm/s,False,False,2024-01-24T23:13:14
SN007,M007,2.2241,A,False,False,2024-07-03T04:52:03
SN082,M032,1.7964,bar,False,False,2024-11-23T05:31:56
SN047,M047,4.3348,mm/s,False,False,2024-02-03T01:27:02
SN077,M027,4.3464,A,False,False,2024-09-08T15:21:01
SN022,M022,1456.0601,RPM,False,False,2024-07-13T01:23:44
SN070,M020,1709.7199,RPM,False,False,2024-06-13T11:04:06
SN144,M044,29.139,°C,False,False,2024-10-09T00:43:31
SN101,M001,80.6922,°C,False,False,2024-12-27T06:13:55
SN123,M023,2.3762,A,False,False,2024-01-17T18:02:40
SN091,M041,27.1633,°C,False,False,2024-12-17T08:36:56
SN023,M023,4.5999,bar,False,False,2024-05-17T17:12:18
SN110,M010,14.7229,mm/s,True,True,2024-09-06T10:55:11
SN064,M014,3.2389,mm/s,False,False,2024-12-13T02:28:23
SN142,M042,949.9247,RPM,False,False,2024-05-26T13:30:01
SN091,M041,76.5589,°C,False,False,2024-08-13T15:37:37
SN102,M002,30.3999,A,False,False,2024-12-09T14:37:49
SN108,M008,3.2267,mm/s,False,False,2024-08-24T19:58:44
SN097,M047,11.8111,A,False,False,2024-04-12T20:24:26
SN110,M010,13.4904,mm/s,True,True,2024-05-01T07:43:12
SN039,M039,20.7056,°C,False,False,2024-08-05T19:20:37
SN087,M037,405.6681,RPM,False,False,2024-12-28T12:04:57
SN092,M042,35.9269,%,False,False,2024-09-01T18:58:20
SN105,M005,5.6471,bar,False,False,2024-01-01T03:11:59
SN129,M029,82.8901,%,False,False,2024-10-29T09:41:11
SN057,M007,19.0062,A,False,False,2024-09-27T13:36:04
SN129,M029,22.6913,%,False,False,2024-06-18T06:57:33
SN036,M036,18.7715,A,False,False,2024-02-28T18:34:43
SN135,M035,54.9768,°C,False,False,2024-06-14T00:29:22
SN006,M006,180.7184,RPM,False,False,2024-04-26T11:16:03
SN019,M019,39.4106,A,False,False,2024-08-15T18:33:25
SN064,M014,8.6126,mm/s,False,False,2024-08-20T21:30:59
SN042,M042,73.0428,°C,False,False,2024-10-04T13:48:39
SN105,M005,2.8134,bar,False,False,2024-10-06T12:13:29
SN105,M005,3.9047,bar,False,False,2024-04-06T13:21:23
SN012,M012,915.47,RPM,False,False,2024-07-17T11:16:16
SN025,M025,2222.3127,RPM,False,False,2024-09-28T23:33:53
SN006,M006,1026.9011,RPM,False,False,2024-04-18T03:01:52
SN078,M028,37.173,%,False,False,2024-08-27T08:08:32
SN025,M025,1853.3144,RPM,False,False,2024-12-05T01:20:25
SN050,M050,3.119,mm/s,False,False,2024-11-01T21:52:37
SN146,M046,75.3559,%,False,False,2024-07-01T13:08:53
SN124,M024,44.2395,A,False,False,2024-01-26T08:57:11
SN133,M033,12.2879,A,False,False,2024-07-28T00:45:42
SN147,M047,61.2969,%,False,False,2024-07-31T07:39:14
SN139,M039,64.3163,°C,False,False,2024-12-02T10:29:22
SN103,M003,1570.7859,RPM,False,False,2024-02-07T15:09:21
SN070,M020,771.9797,RPM,False,False,2024-07-19T18:31:28
SN027,M027,39.8874,A,False,False,2024-08-29T18:33:48
SN048,M048,58.0653,°C,False,False,2024-04-12T22:13:32
SN140,M040,60.2875,°C,False,False,2024-08-27T18:38:49
SN064,M014,6.6322,mm/s,False,False,2024-09-27T11:39:27
SN141,M041,44.1897,A,False,False,2024-05-28T00:41:28
SN146,M046,78.4603,%,False,False,2024-02-05T01:37:06
SN084,M034,744.4738,RPM,False,False,2024-05-01T18:33:02
SN013,M013,6.2164,bar,False,False,2024-10-07T13:05:03
SN047,M047,7.837,mm/s,False,False,2024-07-04T13:00:55
SN093,M043,44.1155,A,False,False,2024-12-11T07:30:51
SN012,M012,200.5934,RPM,False,False,2024-01-31T12:39:50
SN109,M009,24.0523,%,False,False,2024-11-19T07:41:10
SN138,M038,53.7308,°C,False,False,2024-06-02T08:36:07
SN054,M004,3.1127,bar,False,False,2024-10-02T11:40:58
SN033,M033,6.6037,mm/s,False,False,2024-05-07T05:57:18
SN096,M046,43.0232,°C,False,False,2024-01-03T23:34:02
SN013,M013,11.7089,bar,True,True,2024-08-10T07:09:11
SN078,M028,39.5657,%,False,False,2024-08-13T09:23:00
SN065,M015,13.9326,A,False,False,2024-05-26T03:42:04
SN097,M047,13.0137,A,False,False,2024-12-16T16:50:46
SN143,M043,20.4887,A,False,False,2024-06-08T09:46:02
SN013,M013,4.7043,bar,False,False,2024-03-03T20:21:29
SN004,M004,76.5821,°C,False,False,2024-05-02T05:39:37
SN109,M009,52.0969,%,False,False,2024-06-21T01:57:16
SN088,M038,21.7729,°C,False,False,2024-06-24T00:05:41
SN079,M029,2749.5598,RPM,False,False,2024-03-15T16:14:58
SN130,M030,0.3294,mm/s,False,False,2024-02-20T19:39:53
SN063,M013,44.2042,%,False,False,2024-11-06T06:34:01
SN104,M004,37.2058,A,False,False,2024-11-27T18:32:36
SN048,M048,40.4428,°C,False,False,2024-04-22T07:27:01
SN014,M014,6.3773,bar,False,False,2024-08-22T10:25:48
SN089,M039,1.4564,bar,False,False,2024-09-26T19:56:09
SN109,M009,32.2313,%,False,False,2024-03-08T22:15:35
SN039,M039,78.5192,°C,False,False,2024-11-05T23:41:15
SN116,M016,77.7287,%,False,False,2024-09-26T12:04:45
SN122,M022,6.381,A,False,False,2024-05-02T17:22:56
SN018,M018,4.9237,A,False,False,2024-03-09T16:37:04
SN072,M022,1.139,mm/s,False,False,2024-05-24T16:02:16
SN129,M029,36.4537,%,False,False,2024-11-05T11:28:41
SN133,M033,47.1852,A,False,False,2024-01-03T09:02:09
SN138,M038,95.9781,°C,True,True,2024-07-19T11:59:19
SN102,M002,23.4904,A,False,False,2024-08-05T00:40:02
SN033,M033,0.9021,mm/s,False,False,2024-08-12T09:51:18
SN092,M042,71.4564,%,False,False,2024-01-06T06:56:50
SN070,M020,2833.5157,RPM,False,False,2024-06-07T15:56:58
SN068,M018,6.428,bar,False,False,2024-06-14T01:10:36
SN020,M020,5.2681,A,False,False,2024-03-04T22:24:21
SN014,M014,3.1354,bar,False,False,2024-10-12T14:34:18
SN123,M023,20.429,A,False,False,2024-09-27T11:14:17
SN099,M049,54.865,%,False,False,2024-06-28T02:44:07
SN142,M042,2334.1528,RPM,False,False,2024-03-06T13:21:49
SN095,M045,45.0294,A,False,False,2024-03-08T21:31:08
SN080,M030,63.9996,%,False,False,2024-09-26T19:13:24
SN060,M010,10.0166,mm/s,False,False,2024-05-20T14:21:23
SN069,M019,11.7544,bar,True,True,2024-06-15T16:46:52
SN066,M016,1047.1676,RPM,False,False,2024-09-10T07:00:36
SN120,M020,1.6603,mm/s,False,False,2024-03-17T10:23:45
SN020,M020,44.8621,A,False,False,2024-02-29T20:54:39
SN115,M015,6.1248,mm/s,False,False,2024-10-24T05:34:44
SN126,M026,1769.2516,RPM,False,False,2024-11-12T17:55:57
SN022,M022,2568.3356,RPM,False,False,2024-06-03T14:58:15
SN053,M003,37.8283,°C,False,False,2024-09-06T03:21:33
SN043,M043,0.35,mm/s,False,False,2024-12-02T22:42:35
SN143,M043,32.5414,A,False,False,2024-11-14T07:40:14
SN019,M019,16.7974,A,False,False,2024-01-05T21:35:08
SN139,M039,71.4428,°C,False,False,2024-08-23T15:13:53
SN100,M050,9.4244,mm/s,False,False,2024-04-09T00:07:08
SN085,M035,2.2157,mm/s,False,False,2024-05-30T03:29:39
SN059,M009,25.9026,A,False,False,2024-11-18T05:46:12
SN038,M038,42.4552,A,False,False,2024-05-08T13:22:04
SN059,M009,0.5612,A,False,False,2024-11-29T03:38:02
SN027,M027,33.9699,A,False,False,2024-06-02T22:08:50
SN113,M013,3.2673,mm/s,False,False,2024-12-17T11:14:21
SN018,M018,16.4037,A,False,False,2024-03-07T21:29:10
SN072,M022,10.4514,mm/s,False,False,2024-05-19T14:27:05
SN067,M017,1.4546,bar,False,False,2024-07-25T12:08:52
SN054,M004,8.4716,bar,False,False,2024-09-24T08:40:12
SN017,M017,7.0628,mm/s,False,False,2024-06-23T21:26:23
SN142,M042,1829.0929,RPM,False,False,2024-09-09T18:55:47
SN083,M033,6.7916,mm/s,False,False,2024-02-27T02:55:05
SN138,M038,50.5171,°C,False,False,2024-09-13T17:37:24
SN066,M016,2095.7223,RPM,False,False,2024-11-08T04:56:19
SN146,M046,84.7253,%,False,False,2024-07-23T22:27:45
SN132,M032,2521.6778,RPM,False,False,2024-10-23T20:06:39
SN016,M016,11.2322,mm/s,False,False,2024-07-05T21:29:23
SN149,M049,70.8788,°C,False,False,2024-02-10T15:26:49
SN071,M021,1940.9177,RPM,False,False,2024-04-08T13:31:23
SN097,M047,38.4856,A,False,False,2024-11-30T17:00:16
SN139,M039,43.1663,°C,False,False,2024-04-08T02:42:44
SN045,M045,8.6887,bar,False,False,2024-11-18T23:27:39
SN143,M043,28.1387,A,False,False,2024-03-04T04:47:28
SN134,M034,26.9806,A,False,False,2024-02-10T01:55:29
SN039,M039,79.8588,°C,False,False,2024-09-13T03:16:27
SN141,M041,18.6151,A,False,False,2024-11-13T06:09:57
SN041,M041,54.4198,°C,False,False,2024-03-07T22:54:27
SN133,M033,43.8973,A,False,False,2024-10-03T09:26:16
SN148,M048,33.892,%,False,False,2024-02-26T14:04:31
SN032,M032,88.9868,°C,True,True,2024-03-12T21:23:24
SN059,M009,0.1003,A,False,False,2024-01-25T11:29:21
SN134,M034,20.6136,A,False,False,2024-02-14T12:16:58
SN012,M012,1447.5811,RPM,False,False,2024-09-02T04:52:46
SN143,M043,32.1449,A,False,False,2024-10-04T15:02:01
SN099,M049,55.877,%,False,False,2024-11-13T14:43:36
SN076,M026,43.3107,°C,False,False,2024-02-06T02:16:04
SN074,M024,8.2594,mm/s,False,False,2024-12-14T15:33:11
SN142,M042,910.0754,RPM,False,False,2024-04-04T17:57:08
SN022,M022,2152.0839,RPM,False,False,2024-11-01T07:37:27
SN124,M024,37.1943,A,False,False,2024-10-24T15:41:09
SN141,M041,9.2619,A,False,False,2024-04-30T03:09:53
SN105,M005,6.004,bar,False,False,2024-11-19T03:20:17
SN026,M026,53.2834,A,True,True,2024-10-27T05:45:52
SN005,M005,35.7008,A,False,False,2024-12-21T17:43:56
SN047,M047,14.4959,mm/s,True,True,2024-04-18T07:58:51
SN085,M035,6.7069,mm/s,False,False,2024-06-18T22:07:14
SN020,M020,42.8896,A,False,False,2024-01-18T21:28:14
SN112,M012,2556.1273,RPM,False,False,2024-05-31T10:26:55
SN109,M009,24.8356,%,False,False,2024-12-17T11:05:27
SN101,M001,38.1698,°C,False,False,2024-02-03T14:37:39
SN024,M024,42.3609,A,False,False,2024-03-28T07:14:43
SN073,M023,56.1407,A,True,True,2024-05-05T19:15:21
SN026,M026,38.8524,A,False,False,2024-12-21T20:36:29
SN069,M019,4.9902,bar,False,False,2024-07-22T00:46:53
SN004,M004,54.1231,°C,False,False,2024-03-16T14:14:40
SN111,M011,32.2899,°C,False,False,2024-08-03T03:17:29
SN037,M037,34.4667,A,False,False,2024-08-07T06:28:09
SN104,M004,28.8293,A,False,False,2024-10-31T19:54:24
SN004,M004,52.8011,°C,False,False,2024-08-04T17:13:01
SN143,M043,30.1758,A,False,False,2024-02-15T22:45:34
SN121,M021,1944.0654,RPM,False,False,2024-09-05T21:02:59
SN125,M025,24.4134,°C,False,False,2024-01-12T21:32:15
SN095,M045,20.3658,A,False,False,2024-05-20T23:36:15
SN117,M017,6.4906,mm/s,False,False,2024-12-14T06:42:32
SN097,M047,57.8391,A,True,True,2024-02-19T03:06:16
SN006,M006,378.198,RPM,False,False,2024-12-08T05:11:18
SN092,M042,83.1022,%,False,False,2024-07-21T17:10:29
SN148,M048,77.1607,%,False,False,2024-05-27T15:09:56
SN004,M004,24.7786,°C,False,False,2024-11-27T23:07:56
SN002,M002,84.2161,%,False,False,2024-08-10T00:04:04
SN095,M045,44.6854,A,False,False,2024-10-31T11:05:03
SN119,M019,5.3392,bar,False,False,2024-02-15T17:46:32
SN118,M018,3.315,mm/s,False,False,2024-02-05T00:50:23
SN036,M036,18.2921,A,False,False,2024-03-12T19:11:23
SN020,M020,31.9663,A,False,False,2024-11-20T04:45:59
SN142,M042,261.9209,RPM,False,False,2024-10-03T19:29:55
SN104,M004,20.6978,A,False,False,2024-03-09T18:00:12
SN042,M042,77.2888,°C,False,False,2024-05-09T19:35:53
SN132,M032,1280.4454,RPM,False,False,2024-11-11T00:35:05
SN068,M018,4.1148,bar,False,False,2024-12-21T20:02:55
SN034,M034,5.7052,bar,False,False,2024-09-21T11:31:20
SN076,M026,70.6314,°C,False,False,2024-01-18T14:53:32
SN082,M032,5.2993,bar,False,False,2024-01-02T02:54:02
SN148,M048,75.3189,%,False,False,2024-05-22T14:15:42
SN128,M028,2024.3739,RPM,False,False,2024-01-08T00:20:53
SN013,M013,4.394,bar,False,False,2024-12-25T08:48:03
SN088,M038,77.7513,°C,False,False,2024-06-27T09:31:42
SN044,M044,387.6354,RPM,False,False,2024-11-25T04:22:31
SN121,M021,1433.8312,RPM,False,False,2024-12-23T02:45:22
SN144,M044,73.911,°C,False,False,2024-12-09T21:15:38
SN072,M022,12.4855,mm/s,True,True,2024-07-21T00:20:30
SN133,M033,32.7202,A,False,False,2024-10-05T11:38:23
SN116,M016,28.9244,%,False,False,2024-06-11T23:45:01
SN019,M019,44.3631,A,False,False,2024-12-24T22:07:51
SN096,M046,87.9886,°C,True,True,2024-11-01T08:51:29
SN090,M040,62.017,%,False,False,2024-10-19T11:00:37
SN016,M016,6.5477,mm/s,False,False,2024-01-01T09:33:36
SN046,M046,2524.8395,RPM,False,False,2024-02-12T09:53:08
SN023,M023,4.6329,bar,False,False,2024-10-17T07:29:55
SN012,M012,648.1264,RPM,False,False,2024-11-13T06:26:13
SN113,M013,6.4924,mm/s,False,False,2024-03-18T12:29:45
SN012,M012,3108.9073,RPM,True,True,2024-06-16T01:38:32
SN081,M031,20.3015,%,False,False,2024-07-06T21:57:59
SN066,M016,2365.4347,RPM,False,False,2024-09-10T20:25:13
SN023,M023,5.879,bar,False,False,2024-05-01T06:27:32
SN144,M044,62.472,°C,False,False,2024-03-29T03:49:28
SN037,M037,24.7904,A,False,False,2024-06-09T11:20:37
SN143,M043,41.0972,A,False,False,2024-06-09T01:17:00
SN089,M039,3.1853,bar,False,False,2024-07-02T09:23:06
SN030,M030,8.3528,mm/s,False,False,2024-08-30T11:52:42
SN132,M032,2785.602,RPM,False,False,2024-03-19T12:29:48
SN080,M030,25.4131,%,False,False,2024-12-16T04:25:14
SN019,M019,54.8213,A,True,True,2024-02-29T16:51:31
SN091,M041,60.3373,°C,False,False,2024-06-05T14:51:28
SN057,M007,3.2642,A,False,False,2024-12-12T13:47:17
SN076,M026,73.5602,°C,False,False,2024-11-03T01:33:31
SN093,M043,24.8909,A,False,False,2024-12-08T06:23:41
SN062,M012,2617.4293,RPM,False,False,2024-06-12T08:59:33
SN136,M036,76.4639,%,False,False,2024-07-30T22:00:47
SN112,M012,3356.1942,RPM,True,True,2024-03-16T05:56:17
SN141,M041,34.093,A,False,False,2024-04-07T14:56:48
SN077,M027,23.9105,A,False,False,2024-07-31T11:55:25
SN078,M028,40.8237,%,False,False,2024-03-29T11:43:47
SN098,M048,37.8952,A,False,False,2024-09-01T21:49:22
SN077,M027,6.5502,A,False,False,2024-01-19T10:06:22
SN085,M035,5.0789,mm/s,False,False,2024-06-21T13:29:18
SN071,M021,1121.3996,RPM,False,False,2024-06-23T08:50:58
SN086,M036,43.8565,%,False,False,2024-06-03T04:55:20
SN041,M041,31.1034,°C,False,False,2024-11-16T06:18:47
SN003,M003,1541.4001,RPM,False,False,2024-05-09T10:38:30
SN084,M034,1406.1458,RPM,False,False,2024-09-28T18:57:18
SN080,M030,63.6284,%,False,False,2024-08-21T01:13:45
SN027,M027,4.7372,A,False,False,2024-02-02T08:44:07
SN026,M026,24.1067,A,False,False,2024-05-30T15:29:32
SN025,M025,1957.0325,RPM,False,False,2024-02-25T06:33:28
SN085,M035,8.0274,mm/s,False,False,2024-06-21T21:25:36
SN100,M050,8.0107,mm/s,False,False,2024-03-06T07:38:42
SN007,M007,29.4967,A,False,False,2024-12-23T01:13:01
SN060,M010,10.4871,mm/s,False,False,2024-04-14T02:24:00
SN022,M022,2844.901,RPM,False,False,2024-12-12T19:04:21
SN022,M022,519.3865,RPM,False,False,2024-12-15T23:01:06
SN081,M031,78.9564,%,False,False,2024-05-18T18:41:28
SN016,M016,14.6134,mm/s,True,True,2024-10-21T23:29:13
SN013,M013,1.9434,bar,False,False,2024-03-24T08:12:20
SN047,M047,3.9561,mm/s,False,False,2024-11-05T21:24:39
SN067,M017,8.5701,bar,False,False,2024-05-11T23:01:08
SN009,M009,124.9038,RPM,False,False,2024-11-20T04:28:00
SN127,M027,5.0495,mm/s,False,False,2024-03-15T06:41:55
SN034,M034,5.6813,bar,False,False,2024-12-27T11:13:18
SN091,M041,55.8356,°C,False,False,2024-05-22T04:50:06
SN008,M008,1899.3171,RPM,False,False,2024-11-18T01:01:02
SN017,M017,14.9519,mm/s,True,True,2024-04-21T18:54:56
SN056,M006,7.5693,bar,False,False,2024-01-05T17:45:25
SN053,M003,55.1729,°C,False,False,2024-01-02T04:00:04
SN072,M022,10.6896,mm/s,False,False,2024-12-07T02:13:37
SN055,M005,5.3051,bar,False,False,2024-09-28T08:37:57
SN073,M023,25.7812,A,False,False,2024-08-31T10:46:04
SN025,M025,2822.8841,RPM,False,False,2024-05-10T19:18:12
SN045,M045,4.053,bar,False,False,2024-10-22T03:23:20
SN063,M013,64.9346,%,False,False,2024-05-12T05:23:17
SN038,M038,55.4611,A,True,True,2024-01-13T21:59:02
SN016,M016,5.5506,mm/s,False,False,2024-12-31T06:44:59
SN148,M048,92.1979,%,True,True,2024-08-09T19:54:15
SN110,M010,10.3607,mm/s,False,False,2024-07-31T15:03:05
SN016,M016,4.4102,mm/s,False,False,2024-06-19T13:56:31
SN123,M023,36.969,A,False,False,2024-12-13T18:05:34
SN062,M012,1427.7184,RPM,False,False,2024-09-26T16:10:01
SN033,M033,10.9031,mm/s,False,False,2024-09-14T04:15:59
SN050,M050,3.2943,mm/s,False,False,2024-08-13T15:48:28
SN096,M046,21.2461,°C,False,False,2024-06-01T11:34:53
SN126,M026,2162.4739,RPM,False,False,2024-11-24T18:03:26
SN041,M041,20.489,°C,False,False,2024-03-03T09:38:49
SN090,M040,24.7735,%,False,False,2024-03-23T12:47:52
SN098,M048,6.1754,A,False,False,2024-05-31T21:54:12
SN048,M048,47.9072,°C,False,False,2024-04-08T22:38:21
SN048,M048,58.135,°C,False,False,2024-09-13T21:32:50
SN147,M047,29.7891,%,False,False,2024-11-02T12:35:35
SN057,M007,40.6605,A,False,False,2024-01-28T02:03:40
SN004,M004,21.9409,°C,False,False,2024-01-16T11:16:41
SN108,M008,0.5289,mm/s,False,False,2024-04-04T20:54:14
SN002,M002,82.8194,%,False,False,2024-08-03T20:17:58
SN106,M006,3.0653,bar,False,False,2024-02-28T19:46:22
SN030,M030,4.4754,mm/s,False,False,2024-03-26T10:01:37
SN035,M035,0.3085,A,False,False,2024-12-14T02:54:39
SN086,M036,80.4912,%,False,False,2024-06-26T07:14:51
SN086,M036,85.2395,%,False,False,2024-08-04T02:48:09
SN140,M040,72.0755,°C,False,False,2024-11-30T06:20:25
SN048,M048,56.0502,°C,False,False,2024-08-18T12:43:19
SN109,M009,45.8883,%,False,False,2024-03-30T16:33:53
SN062,M012,2291.7045,RPM,False,False,2024-03-10T14:05:14
SN003,M003,403.1761,RPM,False,False,2024-05-23T17:03:36
SN091,M041,24.7226,°C,False,False,2024-06-28T09:37:39
SN119,M019,6.9067,bar,False,False,2024-02-18T23:10:21
SN001,M001,26.958,°C,False,False,2024-11-07T03:17:17
SN089,M039,2.918,bar,False,False,2024-10-19T00:32:09
SN141,M041,53.174,A,True,True,2024-09-29T00:25:30
SN044,M044,2266.4958,RPM,False,False,2024-10-08T18:40:58
SN044,M044,2584.6774,RPM,False,False,2024-07-22T16:04:08
SN032,M032,75.274,°C,False,False,2024-10-07T16:53:07
SN002,M002,57.0431,%,False,False,2024-06-17T10:42:06
SN028,M028,52.9552,%,False,False,2024-03-23T02:43:34
SN138,M038,53.427,°C,False,False,2024-02-01T16:07:45
SN081,M031,50.3756,%,False,False,2024-07-01T16:52:00
SN043,M043,1.0738,mm/s,False,False,2024-08-03T22:24:59
SN133,M033,51.579,A,True,True,2024-10-27T06:03:44
SN087,M037,1364.4381,RPM,False,False,2024-10-24T07:47:46
SN056,M006,9.3223,bar,False,False,2024-08-24T09:05:22
SN040,M040,55.3495,°C,False,False,2024-12-15T05:17:18
SN045,M045,3.3469,bar,False,False,2024-12-08T13:28:07
SN080,M030,63.0569,%,False,False,2024-07-18T14:01:20
SN036,M036,35.8147,A,False,False,2024-03-04T02:44:10
SN001,M001,53.4854,°C,False,False,2024-08-26T20:36:21
SN076,M026,57.9853,°C,False,False,2024-11-21T17:05:20
SN059,M009,44.9119,A,False,False,2024-01-23T23:24:26
SN065,M015,13.2404,A,False,False,2024-04-18T06:14:31
SN055,M005,8.8587,bar,False,False,2024-11-30T02:09:03
SN135,M035,24.0119,°C,False,False,2024-05-19T18:31:31
SN148,M048,32.8565,%,False,False,2024-01-04T23:08:39
SN033,M033,8.3766,mm/s,False,False,2024-02-19T13:08:17
SN010,M010,84.1032,%,False,False,2024-04-17T13:48:37
SN039,M039,27.9704,°C,False,False,2024-10-05T10:21:38
SN113,M013,9.6955,mm/s,False,False,2024-02-19T09:30:59
SN027,M027,34.098,A,False,False,2024-01-17T02:08:40
SN034,M034,4.5524,bar,False,False,2024-12-10T05:14:57
SN013,M013,4.3649,bar,False,False,2024-01-02T02:53:52
SN015,M015,7.7409,bar,False,False,2024-03-30T15:17:48
SN113,M013,4.0568,mm/s,False,False,2024-12-16T17:26:24
SN150,M050,6.1249,mm/s,False,False,2024-02-21T06:30:28
SN019,M019,30.9587,A,False,False,2024-08-20T07:46:03
SN023,M023,8.5094,bar,False,False,2024-09-23T08:00:17
SN019,M019,17.9607,A,False,False,2024-08-24T04:04:29
SN011,M011,1.814,mm/s,False,False,2024-10-17T21:52:38
SN136,M036,81.8394,%,False,False,2024-01-12T07:53:57
SN068,M018,9.2056,bar,False,False,2024-07-29T04:27:49
SN071,M021,1103.2332,RPM,False,False,2024-03-03T23:50:08
SN039,M039,68.6886,°C,False,False,2024-03-19T20:19:16
SN031,M031,0.6646,A,False,False,2024-01-22T16:48:43
SN094,M044,2521.6746,RPM,False,False,2024-11-22T16:54:42
SN107,M007,2586.1219,RPM,False,False,2024-06-27T20:12:49
SN011,M011,7.9849,mm/s,False,False,2024-12-27T02:56:16
SN040,M040,51.1128,°C,False,False,2024-06-01T21:42:09
SN093,M043,14.4018,A,False,False,2024-04-21T10:28:19
SN066,M016,103.1066,RPM,False,False,2024-06-16T13:44:00
SN101,M001,61.6051,°C,False,False,2024-08-22T19:49:54
SN049,M049,26.9588,A,False,False,2024-05-13T12:21:15
SN003,M003,1722.8775,RPM,False,False,2024-03-05T23:06:51
SN117,M017,9.6502,mm/s,False,False,2024-05-29T15:37:56
SN035,M035,39.6161,A,False,False,2024-02-04T08:30:13
SN076,M026,35.5354,°C,False,False,2024-11-01T04:28:14
SN106,M006,8.8169,bar,False,False,2024-10-13T22:31:30
SN088,M038,53.7044,°C,False,False,2024-05-04T11:50:56
SN069,M019,1.862,bar,False,False,2024-07-18T21:13:52
SN132,M032,2721.6354,RPM,False,False,2024-07-26T07:23:07
SN127,M027,6.773,mm/s,False,False,2024-09-23T21:34:20
SN026,M026,44.1895,A,False,False,2024-02-27T06:58:33
SN062,M012,2586.2036,RPM,False,False,2024-10-03T05:00:41
SN022,M022,1627.0468,RPM,False,False,2024-05-27T16:20:18
SN068,M018,5.7575,bar,False,False,2024-11-08T15:07:28
SN062,M012,2052.4715,RPM,False,False,2024-04-19T09:56:46
SN118,M018,2.1279,mm/s,False,False,2024-05-21T23:56:57
SN015,M015,3.0047,bar,False,False,2024-04-05T08:26:10
SN067,M017,9.0696,bar,False,False,2024-01-14T11:44:55
SN062,M012,2013.2566,RPM,False,False,2024-05-22T01:54:59
SN136,M036,21.8333,%,False,False,2024-10-06T03:24:11
SN069,M019,4.9687,bar,False,False,2024-10-09T15:15:14
SN100,M050,6.4264,mm/s,False,False,2024-04-14T07:11:18
SN128,M028,1292.5645,RPM,False,False,2024-08-15T21:37:10
SN069,M019,9.0133,bar,False,False,2024-12-21T19:28:41
SN086,M036,43.6123,%,False,False,2024-04-03T04:18:06
SN112,M012,1345.7362,RPM,False,False,2024-11-28T22:06:54
SN070,M020,2653.9009,RPM,False,False,2024-08-18T22:30:50
SN129,M029,72.8515,%,False,False,2024-06-16T08:21:13
SN054,M004,2.075,bar,False,False,2024-03-09T18:32:06
SN088,M038,21.3442,°C,False,False,2024-09-27T23:25:14
SN003,M003,2637.0851,RPM,False,False,2024-12-29T20:02:32
SN079,M029,2322.083,RPM,False,False,2024-03-12T23:43:29
SN103,M003,920.825,RPM,False,False,2024-12-31T00:58:54
SN096,M046,44.1223,°C,False,False,2024-11-23T20:52:56
SN115,M015,9.7293,mm/s,False,False,2024-04-03T00:34:23
SN004,M004,79.5859,°C,False,False,2024-02-23T02:13:08
SN062,M012,2044.6027,RPM,False,False,2024-02-16T02:01:24
SN069,M019,2.0416,bar,False,False,2024-11-11T23:39:11
SN074,M024,7.6118,mm/s,False,False,2024-04-12T19:51:11
SN140,M040,35.0546,°C,False,False,2024-12-14T11:04:30
SN041,M041,69.6071,°C,False,False,2024-04-26T21:29:57
SN082,M032,2.8147,bar,False,False,2024-11-10T09:57:21
SN015,M015,4.5075,bar,False,False,2024-09-12T11:00:18
SN118,M018,10.956,mm/s,False,False,2024-09-21T08:18:02
SN005,M005,58.4246,A,True,True,2024-10-10T20:12:29
SN032,M032,52.2479,°C,False,False,2024-05-18T08:39:25
SN043,M043,1.3708,mm/s,False,False,2024-05-23T01:22:01
SN141,M041,43.5171,A,False,False,2024-08-04T07:26:34
SN072,M022,2.3839,mm/s,False,False,2024-11-12T18:22:00
SN072,M022,2.0089,mm/s,False,False,2024-12-11T07:45:34
SN130,M030,2.9613,mm/s,False,False,2024-11-23T19:58:09
SN128,M028,3403.0819,RPM,True,True,2024-09-06T15:28:39
SN042,M042,76.7258,°C,False,False,2024-09-19T19:21:07
SN007,M007,19.5188,A,False,False,2024-05-12T14:25:28
SN038,M038,21.1237,A,False,False,2024-06-24T21:57:08
SN034,M034,4.4026,bar,False,False,2024-05-05T19:05:43
SN105,M005,4.9783,bar,False,False,2024-02-13T07:01:24
SN072,M022,7.361,mm/s,False,False,2024-01-19T02:43:43
SN092,M042,73.2955,%,False,False,2024-12-28T02:52:06
SN138,M038,76.35,°C,False,False,2024-05-22T17:13:59
SN084,M034,1876.1131,RPM,False,False,2024-01-18T17:18:18
SN010,M010,94.946,%,True,True,2024-11-28T13:37:09
SN046,M046,187.2809,RPM,False,False,2024-03-13T08:31:18
SN082,M032,8.1968,bar,False,False,2024-03-16T16:17:50
SN031,M031,28.7002,A,False,False,2024-03-29T01:04:57
SN147,M047,28.0839,%,False,False,2024-12-22T16:47:21
SN056,M006,5.4972,bar,False,False,2024-08-31T17:09:27
SN023,M023,2.3981,bar,False,False,2024-01-14T14:59:27
SN051,M001,44.7645,%,False,False,2024-05-14T07:40:43
SN090,M040,53.9354,%,False,False,2024-05-31T18:11:51
SN046,M046,76.3486,RPM,False,False,2024-09-07T10:40:25
SN048,M048,58.3434,°C,False,False,2024-07-07T05:10:09
SN064,M014,8.1982,mm/s,False,False,2024-08-26T23:39:59
SN091,M041,72.2333,°C,False,False,2024-09-22T04:57:15
SN055,M005,2.261,bar,False,False,2024-02-28T13:20:12
SN114,M014,60.3446,%,False,False,2024-12-13T01:09:20
SN134,M034,8.2796,A,False,False,2024-04-21T14:06:15
SN094,M044,1969.8912,RPM,False,False,2024-11-17T16:22:01
SN057,M007,10.7113,A,False,False,2024-03-29T00:24:41
SN109,M009,53.2266,%,False,False,2024-01-14T11:58:19
SN121,M021,2586.0843,RPM,False,False,2024-08-02T01:48:31
SN118,M018,12.7573,mm/s,True,True,2024-08-23T18:54:06
SN128,M028,344.2605,RPM,False,False,2024-07-15T09:09:08
SN041,M041,32.1441,°C,False,False,2024-01-15T23:32:21
SN026,M026,52.4338,A,True,True,2024-06-02T22:57:20
SN026,M026,40.1528,A,False,False,2024-11-15T20:45:23
SN142,M042,2743.8257,RPM,False,False,2024-09-20T05:16:57
SN144,M044,31.1103,°C,False,False,2024-02-04T19:30:38
SN127,M027,9.5967,mm/s,False,False,2024-06-17T20:05:14
SN068,M018,3.1953,bar,False,False,2024-06-05T07:55:07
SN123,M023,21.0243,A,False,False,2024-04-12T00:07:39
SN034,M034,9.3273,bar,False,False,2024-03-25T03:42:21
SN040,M040,29.8042,°C,False,False,2024-10-03T12:58:53
SN131,M031,52.2205,A,True,True,2024-08-23T21:38:28
SN075,M025,30.0849,%,False,False,2024-08-05T13:33:52
SN145,M045,9.2988,mm/s,False,False,2024-09-23T03:43:14
SN048,M048,78.22,°C,False,False,2024-06-06T07:07:43
SN015,M015,7.9789,bar,False,False,2024-08-27T23:32:51
SN087,M037,1869.8557,RPM,False,False,2024-12-15T14:38:29
SN100,M050,10.2268,mm/s,False,False,2024-11-02T22:38:59
SN123,M023,11.6205,A,False,False,2024-11-28T01:57:24
SN030,M030,3.0957,mm/s,False,False,2024-09-22T12:18:19
SN126,M026,2358.8685,RPM,False,False,2024-01-03T10:50:26
SN125,M025,33.9187,°C,False,False,2024-08-05T01:14:13
SN079,M029,1861.6233,RPM,False,False,2024-05-05T19:30:55
SN039,M039,99.6028,°C,True,True,2024-03-26T08:13:58
SN099,M049,63.3019,%,False,False,2024-07-16T13:35:42
SN074,M024,2.6133,mm/s,False,False,2024-11-17T15:07:18
SN122,M022,18.3405,A,False,False,2024-05-01T21:06:59
SN071,M021,128.3438,RPM,False,False,2024-05-03T15:53:37
SN065,M015,37.9659,A,False,False,2024-12-29T19:27:17
SN018,M018,20.3357,A,False,False,2024-10-06T18:25:37
SN069,M019,5.8129,bar,False,False,2024-12-22T15:17:17
SN088,M038,36.5009,°C,False,False,2024-08-09T04:49:40
SN024,M024,17.8588,A,False,False,2024-03-23T03:30:32
SN083,M033,5.6618,mm/s,False,False,2024-11-08T13:46:43
SN048,M048,68.8083,°C,False,False,2024-11-11T00:57:51
SN036,M036,52.9404,A,True,True,2024-03-02T11:25:22
SN004,M004,72.6628,°C,False,False,2024-07-11T16:16:14
SN025,M025,1885.6523,RPM,False,False,2024-02-28T03:02:10
SN079,M029,575.0882,RPM,False,False,2024-04-04T14:59:27
SN111,M011,57.6835,°C,False,False,2024-06-28T17:12:42
SN137,M037,21.5604,A,False,False,2024-01-15T02:40:23
SN145,M045,5.4101,mm/s,False,False,2024-01-29T19:31:55
SN043,M043,10.1824,mm/s,False,False,2024-03-30T20:05:52
SN021,M021,2807.5064,RPM,False,False,2024-03-12T23:48:48
SN034,M034,4.3099,bar,False,False,2024-10-23T22:58:02
SN008,M008,966.4889,RPM,False,False,2024-08-11T23:56:18
SN136,M036,51.1226,%,False,False,2024-07-30T12:56:25
SN108,M008,9.5835,mm/s,False,False,2024-12-29T11:52:01
SN054,M004,6.822,bar,False,False,2024-12-15T13:37:33
SN080,M030,59.4715,%,False,False,2024-09-01T15:42:06
SN098,M048,8.9479,A,False,False,2024-07-18T00:47:31
SN149,M049,31.0376,°C,False,False,2024-02-18T10:11:15
SN038,M038,52.3921,A,True,True,2024-01-27T21:29:07
SN091,M041,67.0567,°C,False,False,2024-07-07T20:33:03
SN097,M047,13.4324,A,False,False,2024-09-05T14:00:50
SN117,M017,3.2387,mm/s,False,False,2024-01-03T16:11:51
SN013,M013,11.168,bar,True,True,2024-08-05T23:20:41
SN119,M019,3.6281,bar,False,False,2024-09-15T09:48:10
SN112,M012,848.57,RPM,False,False,2024-06-22T22:02:29
SN116,M016,77.9553,%,False,False,2024-02-04T13:47:26
SN108,M008,4.3965,mm/s,False,False,2024-05-14T23:28:55
SN110,M010,0.385,mm/s,False,False,2024-11-29T04:12:59
SN085,M035,13.3625,mm/s,True,True,2024-05-17T02:13:46
SN081,M031,50.802,%,False,False,2024-01-15T14:47:02
SN099,M049,57.0105,%,False,False,2024-08-27T09:48:41
SN048,M048,46.8138,°C,False,False,2024-02-12T16:26:06
SN145,M045,1.5658,mm/s,False,False,2024-09-27T06:40:53
SN098,M048,9.7797,A,False,False,2024-09-26T19:16:25
SN095,M045,34.1533,A,False,False,2024-03-10T14:41:46
SN095,M045,7.6718,A,False,False,2024-03-03T13:34:55
SN119,M019,2.7541,bar,False,False,2024-04-26T09:29:47
SN061,M011,75.8928,%,False,False,2024-08-26T11:39:16
SN075,M025,60.6601,%,False,False,2024-08-05T07:46:01
SN146,M046,60.0679,%,False,False,2024-05-15T09:56:30
SN073,M023,20.6447,A,False,False,2024-04-25T22:34:02
SN085,M035,9.9711,mm/s,False,False,2024-12-31T20:58:05
SN075,M025,40.1341,%,False,False,2024-04-09T23:07:19
SN019,M019,14.5042,A,False,False,2024-02-17T02:42:44
SN102,M002,28.6653,A,False,False,2024-04-04T23:43:36
SN063,M013,81.8811,%,False,False,2024-04-10T09:11:45
SN071,M021,812.5033,RPM,False,False,2024-08-11T06:38:31
SN070,M020,751.8139,RPM,False,False,2024-07-23T05:02:23
SN144,M044,33.6401,°C,False,False,2024-08-18T10:09:08
SN085,M035,1.4627,mm/s,False,False,2024-10-07T18:22:57
SN123,M023,10.38,A,False,False,2024-08-11T13:09:45
SN137,M037,41.911,A,False,False,2024-08-14T06:34:10
SN070,M020,449.426,RPM,False,False,2024-01-04T02:20:33
SN147,M047,24.0089,%,False,False,2024-03-08T07:37:07
SN030,M030,8.6832,mm/s,False,False,2024-07-04T23:57:10
SN084,M034,2427.1332,RPM,False,False,2024-05-15T01:14:35
SN050,M050,8.0912,mm/s,False,False,2024-06-09T07:33:40
SN095,M045,38.0168,A,False,False,2024-02-21T05:30:21
SN033,M033,12.268,mm/s,True,True,2024-04-27T04:42:42
SN072,M022,9.6701,mm/s,False,False,2024-05-28T03:51:04
SN017,M017,6.9647,mm/s,False,False,2024-08-08T00:50:53
SN014,M014,2.2022,bar,False,False,2024-10-13T08:06:12
SN092,M042,71.0104,%,False,False,2024-03-20T05:47:31
SN119,M019,4.3446,bar,False,False,2024-05-18T08:23:18
SN136,M036,45.6502,%,False,False,2024-05-08T10:58:31
SN150,M050,7.724,mm/s,False,False,2024-07-02T01:19:52
SN001,M001,46.1373,°C,False,False,2024-11-09T01:59:49
SN021,M021,1737.0292,RPM,False,False,2024-01-27T17:06:59
SN067,M017,5.6967,bar,False,False,2024-03-14T11:01:47
SN067,M017,4.3707,bar,False,False,2024-03-26T22:32:48
SN022,M022,2663.4641,RPM,False,False,2024-08-01T21:10:34
SN095,M045,53.3541,A,True,True,2024-12-11T17:43:13
SN047,M047,4.6443,mm/s,False,False,2024-12-28T06:12:56
SN035,M035,53.8596,A,True,True,2024-04-30T09:39:52
SN118,M018,3.0224,mm/s,False,False,2024-03-21T17:52:58
SN028,M028,96.6022,%,True,True,2024-06-24T01:24:31
SN149,M049,65.0432,°C,False,False,2024-09-19T01:33:55
SN102,M002,25.6629,A,False,False,2024-01-11T21:10:08
SN009,M009,2569.5786,RPM,False,False,2024-09-09T20:55:33
SN081,M031,78.7657,%,False,False,2024-08-09T00:13:05
SN072,M022,6.6413,mm/s,False,False,2024-01-20T11:10:50
SN040,M040,59.7195,°C,False,False,2024-09-08T03:03:28
SN125,M025,37.3773,°C,False,False,2024-06-29T21:43:18
SN068,M018,1.3191,bar,False,False,2024-03-21T17:12:10
SN082,M032,2.9412,bar,False,False,2024-11-04T08:02:59
SN094,M044,465.6031,RPM,False,False,2024-11-12T12:58:21
SN144,M044,37.0301,°C,False,False,2024-05-31T18:55:29
SN087,M037,2142.0784,RPM,False,False,2024-10-10T10:32:02
SN041,M041,28.1087,°C,False,False,2024-02-29T13:01:38
SN060,M010,12.2848,mm/s,True,True,2024-05-08T05:35:06
SN103,M003,307.2503,RPM,False,False,2024-03-20T09:15:00
SN003,M003,625.4598,RPM,False,False,2024-04-08T12:05:08
SN105,M005,1.5756,bar,False,False,2024-09-25T20:18:44
SN032,M032,45.9874,°C,False,False,2024-06-26T04:58:14
SN094,M044,30.5126,RPM,False,False,2024-11-28T09:35:31
SN110,M010,5.4536,mm/s,False,False,2024-08-24T21:15:00
SN089,M039,3.6791,bar,False,False,2024-12-14T23:58:42
SN015,M015,6.4549,bar,False,False,2024-03-22T19:01:18
SN015,M015,8.6798,bar,False,False,2024-12-19T12:00:24
SN060,M010,6.3399,mm/s,False,False,2024-04-10T07:40:17
SN125,M025,21.7644,°C,False,False,2024-04-15T04:32:06
SN034,M034,11.4424,bar,True,True,2024-06-27T01:05:18
SN018,M018,37.9789,A,False,False,2024-11-10T09:04:53
SN005,M005,34.0907,A,False,False,2024-03-04T11:03:35
SN034,M034,8.4892,bar,False,False,2024-01-23T17:09:48
SN113,M013,8.2332,mm/s,False,False,2024-12-21T20:27:31
SN067,M017,5.6449,bar,False,False,2024-10-10T08:48:21
SN027,M027,22.6236,A,False,False,2024-09-04T00:31:49
SN127,M027,2.9691,mm/s,False,False,2024-02-11T02:47:16
SN047,M047,0.5705,mm/s,False,False,2024-05-19T17:12:47
SN139,M039,72.9981,°C,False,False,2024-06-20T03:40:47
SN040,M040,48.5015,°C,False,False,2024-02-27T14:36:35
SN087,M037,2653.732,RPM,False,False,2024-03-10T20:35:28
SN040,M040,22.4363,°C,False,False,2024-08-15T03:58:23
SN088,M038,66.0637,°C,False,False,2024-04-19T10:04:34
SN066,M016,2065.4152,RPM,False,False,2024-02-27T06:10:26
SN064,M014,7.1501,mm/s,False,False,2024-06-24T07:04:07
SN147,M047,24.9982,%,False,False,2024-03-13T08:30:21
SN026,M026,4.0828,A,False,False,2024-01-19T07:26:06
SN031,M031,45.8855,A,False,False,2024-01-17T07:07:45
SN061,M011,84.3551,%,False,False,2024-08-02T16:27:33
SN107,M007,2116.8298,RPM,False,False,2024-01-20T10:00:08
SN019,M019,2.3505,A,False,False,2024-11-16T03:46:14
SN125,M025,22.1903,°C,False,False,2024-09-01T09:18:36
SN058,M008,3.9964,bar,False,False,2024-08-16T06:17:30
SN065,M015,8.4646,A,False,False,2024-05-03T15:08:18
SN029,M029,31.3095,%,False,False,2024-02-25T04:30:51
SN127,M027,8.5322,mm/s,False,False,2024-04-07T00:03:22
SN057,M007,8.6349,A,False,False,2024-01-09T08:03:32
SN093,M043,7.1085,A,False,False,2024-02-13T21:06:50
SN097,M047,32.2585,A,False,False,2024-09-23T01:35:14
SN067,M017,6.4914,bar,False,False,2024-11-26T02:32:59
SN050,M050,8.4364,mm/s,False,False,2024-01-01T14:03:10
SN139,M039,32.2932,°C,False,False,2024-04-22T14:02:01
SN076,M026,73.2905,°C,False,False,2024-11-19T16:54:44
SN005,M005,39.9293,A,False,False,2024-07-12T19:54:34
SN131,M031,43.8163,A,False,False,2024-01-05T13:27:28
SN070,M020,2292.6525,RPM,False,False,2024-01-05T00:13:49
SN096,M046,42.9345,°C,False,False,2024-07-16T02:07:12
SN090,M040,70.1788,%,False,False,2024-05-01T15:26:19
SN049,M049,21.2893,A,False,False,2024-04-09T22:56:34
SN047,M047,7.2351,mm/s,False,False,2024-03-22T05:54:50
SN041,M041,56.3123,°C,False,False,2024-05-02T22:17:45
SN107,M007,527.2116,RPM,False,False,2024-12-23T18:58:10
SN128,M028,2265.1526,RPM,False,False,2024-03-03T03:28:32
SN092,M042,21.1487,%,False,False,2024-02-01T06:48:43
SN103,M003,238.5876,RPM,False,False,2024-11-10T09:17:04
SN035,M035,55.2422,A,True,True,2024-10-08T14:40:49
SN041,M041,37.3646,°C,False,False,2024-01-28T16:53:54
SN083,M033,10.8876,mm/s,False,False,2024-10-25T11:55:01
SN106,M006,2.2889,bar,False,False,2024-05-03T09:36:30
SN081,M031,65.9241,%,False,False,2024-06-05T04:59:30
SN060,M010,5.2813,mm/s,False,False,2024-10-06T16:45:53
SN040,M040,30.4709,°C,False,False,2024-08-29T17:24:09
SN076,M026,77.9528,°C,False,False,2024-01-17T14:24:57
SN111,M011,40.3649,°C,False,False,2024-04-10T16:00:08
SN132,M032,3521.488,RPM,True,True,2024-05-11T21:41:49
SN025,M025,2062.9764,RPM,False,False,2024-03-27T14:50:22
SN138,M038,22.4572,°C,False,False,2024-04-15T20:55:19
SN147,M047,75.7399,%,False,False,2024-09-30T13:13:38
SN041,M041,59.0237,°C,False,False,2024-03-09T15:42:39
SN039,M039,70.3518,°C,False,False,2024-10-30T17:48:09
SN020,M020,14.0634,A,False,False,2024-09-14T09:14:34
SN029,M029,55.2604,%,False,False,2024-12-03T18:28:22
SN112,M012,1526.9886,RPM,False,False,2024-06-04T21:54:36
SN077,M027,4.9391,A,False,False,2024-08-14T08:32:51
SN029,M029,37.1704,%,False,False,2024-07-27T15:22:52
SN015,M015,9.405,bar,False,False,2024-10-18T07:13:14
SN035,M035,32.0017,A,False,False,2024-01-17T12:52:35
SN100,M050,10.58,mm/s,False,False,2024-12-21T13:41:46
SN128,M028,1494.5896,RPM,False,False,2024-04-04T23:23:21
SN081,M031,70.824,%,False,False,2024-05-30T13:46:56
SN103,M003,2480.1164,RPM,False,False,2024-10-17T20:34:26
SN080,M030,27.7783,%,False,False,2024-06-18T01:42:14
SN034,M034,6.5973,bar,False,False,2024-02-13T09:59:12
SN037,M037,20.7156,A,False,False,2024-02-26T05:55:07
SN046,M046,521.6119,RPM,False,False,2024-04-28T16:45:18
SN017,M017,12.6901,mm/s,True,True,2024-04-08T05:31:51
SN137,M037,46.1976,A,False,False,2024-04-19T06:52:48
SN125,M025,75.71,°C,False,False,2024-08-08T17:25:27
SN029,M029,76.5069,%,False,False,2024-06-22T09:48:27
SN040,M040,44.6798,°C,False,False,2024-08-24T16:06:58
SN072,M022,6.006,mm/s,False,False,2024-09-10T02:10:10
SN042,M042,32.0991,°C,False,False,2024-10-12T14:00:47
SN141,M041,53.5224,A,True,True,2024-06-16T18:26:52
SN109,M009,68.3063,%,False,False,2024-10-16T09:04:41
SN044,M044,177.8057,RPM,False,False,2024-05-15T02:03:43
SN051,M001,55.3203,%,False,False,2024-03-16T02:32:31
SN140,M040,73.0328,°C,False,False,2024-01-02T11:52:25
SN083,M033,3.7237,mm/s,False,False,2024-03-10T16:41:32
SN070,M020,1508.9615,RPM,False,False,2024-04-01T05:49:49
SN141,M041,44.4276,A,False,False,2024-08-02T19:44:18
SN042,M042,71.1789,°C,False,False,2024-08-27T05:01:06
SN044,M044,1608.9824,RPM,False,False,2024-08-25T11:15:50
SN016,M016,4.5384,mm/s,False,False,2024-09-27T21:13:53
SN111,M011,47.7864,°C,False,False,2024-06-18T09:11:29
SN063,M013,31.6138,%,False,False,2024-08-03T20:31:28
SN053,M003,50.4723,°C,False,False,2024-12-12T18:57:39
SN099,M049,77.821,%,False,False,2024-03-20T03:59:18
SN055,M005,4.4638,bar,False,False,2024-10-17T02:23:38
SN022,M022,1809.7493,RPM,False,False,2024-12-09T00:41:57
SN139,M039,65.5651,°C,False,False,2024-10-25T05:56:23
SN104,M004,21.6066,A,False,False,2024-04-06T05:57:47
SN112,M012,2750.6269,RPM,False,False,2024-02-12T04:47:10
SN001,M001,31.5347,°C,False,False,2024-09-14T19:17:17
SN130,M030,2.2928,mm/s,False,False,2024-03-28T14:49:36
SN040,M040,52.8393,°C,False,False,2024-07-16T07:51:07
SN058,M008,2.5881,bar,False,False,2024-10-13T06:57:05
SN017,M017,3.7092,mm/s,False,False,2024-12-30T05:49:13
SN006,M006,2552.6112,RPM,False,False,2024-07-10T11:10:14
SN099,M049,22.8459,%,False,False,2024-10-20T09:56:05
SN095,M045,7.9348,A,False,False,2024-09-03T12:48:09
SN138,M038,72.0203,°C,False,False,2024-11-11T19:44:50
SN069,M019,1.638,bar,False,False,2024-02-19T11:47:11
SN120,M020,10.9044,mm/s,False,False,2024-02-15T08:27:29
SN118,M018,7.9206,mm/s,False,False,2024-05-16T20:04:38
SN108,M008,6.0789,mm/s,False,False,2024-04-05T21:44:20
SN139,M039,41.2591,°C,False,False,2024-07-12T04:50:10
SN046,M046,47.4135,RPM,False,False,2024-10-05T03:22:44
SN039,M039,42.8949,°C,False,False,2024-09-27T06:32:54
SN103,M003,2176.6002,RPM,False,False,2024-08-25T12:51:23
SN091,M041,25.7227,°C,False,False,2024-05-05T16:50:56
SN115,M015,7.0309,mm/s,False,False,2024-08-18T08:48:24
SN145,M045,1.8526,mm/s,False,False,2024-05-06T15:56:27
SN058,M008,6.7049,bar,False,False,2024-08-31T23:56:36
SN003,M003,2103.7962,RPM,False,False,2024-12-10T07:39:32
SN035,M035,28.8719,A,False,False,2024-06-21T20:11:00
SN069,M019,2.2131,bar,False,False,2024-08-27T18:02:58
SN106,M006,9.4019,bar,False,False,2024-04-28T06:15:54
SN017,M017,6.5447,mm/s,False,False,2024-06-02T22:19:03
SN125,M025,86.7752,°C,True,True,2024-10-30T15:20:27
SN118,M018,7.7488,mm/s,False,False,2024-04-08T23:56:03
SN144,M044,57.5318,°C,False,False,2024-08-09T17:54:21
SN073,M023,3.5752,A,False,False,2024-07-16T16:46:23
SN050,M050,9.1426,mm/s,False,False,2024-11-24T22:25:29
SN078,M028,50.2638,%,False,False,2024-04-22T05:26:40
SN118,M018,7.181,mm/s,False,False,2024-03-21T02:27:46
SN103,M003,1528.8392,RPM,False,False,2024-07-26T01:57:06
SN028,M028,39.1894,%,False,False,2024-08-14T21:52:59
SN137,M037,54.3352,A,True,True,2024-01-04T20:03:14
SN043,M043,5.8684,mm/s,False,False,2024-06-02T04:59:32
SN003,M003,487.0689,RPM,False,False,2024-11-20T13:14:06
SN009,M009,397.6918,RPM,False,False,2024-06-27T03:12:58
SN011,M011,3.3046,mm/s,False,False,2024-08-21T17:27:20
SN016,M016,13.7424,mm/s,True,True,2024-04-15T01:47:52
SN137,M037,17.032,A,False,False,2024-02-10T12:50:32
SN057,M007,61.0885,A,True,True,2024-08-10T13:59:59
SN143,M043,31.622,A,False,False,2024-01-16T23:32:11
SN085,M035,7.601,mm/s,False,False,2024-07-29T01:09:12
SN142,M042,1695.7625,RPM,False,False,2024-07-02T23:27:14
SN068,M018,7.3199,bar,False,False,2024-02-11T03:51:50
SN142,M042,2805.1068,RPM,False,False,2024-04-01T20:55:17
SN004,M004,78.328,°C,False,False,2024-11-02T03:30:52
SN095,M045,2.2441,A,False,False,2024-03-23T15:56:37
SN012,M012,2052.581,RPM,False,False,2024-10-22T01:35:27
SN104,M004,42.2087,A,False,False,2024-10-29T08:39:06
SN092,M042,21.1323,%,False,False,2024-05-18T19:32:55
SN100,M050,6.3607,mm/s,False,False,2024-10-24T23:19:36
SN145,M045,4.9963,mm/s,False,False,2024-07-29T05:51:44
SN076,M026,54.596,°C,False,False,2024-07-14T05:04:16
SN123,M023,43.3326,A,False,False,2024-09-10T20:15:06
SN031,M031,7.6948,A,False,False,2024-12-07T01:17:41
SN009,M009,3495.4061,RPM,True,True,2024-03-20T05:50:11
SN110,M010,7.8424,mm/s,False,False,2024-01-19T11:42:53
SN060,M010,3.3701,mm/s,False,False,2024-04-07T21:24:58
SN034,M034,8.9742,bar,False,False,2024-06-01T18:42:14
SN124,M024,16.2898,A,False,False,2024-06-12T20:45:39
SN144,M044,44.3528,°C,False,False,2024-12-21T22:49:38
SN096,M046,77.1049,°C,False,False,2024-05-26T17:37:44
SN037,M037,5.9872,A,False,False,2024-05-05T16:14:18
SN089,M039,4.7076,bar,False,False,2024-07-04T12:21:49
SN036,M036,20.2098,A,False,False,2024-03-10T05:30:27
SN048,M048,30.9836,°C,False,False,2024-08-24T12:11:00
SN003,M003,614.0463,RPM,False,False,2024-09-03T16:30:51
SN076,M026,21.786,°C,False,False,2024-07-12T18:07:18
SN079,M029,1108.0733,RPM,False,False,2024-07-29T04:11:56
SN074,M024,3.7128,mm/s,False,False,2024-08-19T23:07:30
SN058,M008,3.7732,bar,False,False,2024-02-07T10:24:34
SN060,M010,3.563,mm/s,False,False,2024-07-08T22:43:56
SN021,M021,819.2891,RPM,False,False,2024-10-09T23:32:56
SN090,M040,30.8877,%,False,False,2024-11-17T21:54:10
SN015,M015,10.773,bar,True,True,2024-02-19T14:29:26
SN048,M048,76.529,°C,False,False,2024-01-27T09:42:27
SN121,M021,2219.5827,RPM,False,False,2024-02-25T14:35:37
SN119,M019,4.6176,bar,False,False,2024-04-15T03:06:22
SN138,M038,64.439,°C,False,False,2024-08-27T19:22:55
SN089,M039,7.0551,bar,False,False,2024-05-04T18:04:13
SN142,M042,515.6922,RPM,False,False,2024-09-16T15:44:31
SN079,M029,2398.8397,RPM,False,False,2024-02-24T08:21:51
SN081,M031,27.5755,%,False,False,2024-07-14T02:18:26
SN084,M034,1752.6012,RPM,False,False,2024-06-23T05:30:13
SN018,M018,43.5213,A,False,False,2024-07-24T11:30:15
SN013,M013,6.0939,bar,False,False,2024-04-10T07:46:34
SN115,M015,3.0694,mm/s,False,False,2024-03-30T10:44:52
SN094,M044,1016.3727,RPM,False,False,2024-02-24T19:34:36
SN077,M027,25.1239,A,False,False,2024-10-15T16:31:23
SN076,M026,67.9603,°C,False,False,2024-06-28T03:06:23
SN031,M031,14.2633,A,False,False,2024-11-08T22:23:31
SN147,M047,37.0272,%,False,False,2024-11-25T02:23:26
SN053,M003,91.2232,°C,True,True,2024-07-17T06:37:31
SN137,M037,53.2452,A,True,True,2024-07-24T18:34:14
SN056,M006,8.4277,bar,False,False,2024-01-27T15:50:33
SN052,M002,6.4766,bar,False,False,2024-12-22T16:31:12
SN047,M047,0.4268,mm/s,False,False,2024-07-03T06:02:52
SN130,M030,1.9959,mm/s,False,False,2024-12-20T19:27:00
SN143,M043,37.7342,A,False,False,2024-07-05T09:10:10
SN140,M040,20.5858,°C,False,False,2024-11-17T06:09:19
SN143,M043,15.0086,A,False,False,2024-01-25T07:25:35
SN081,M031,49.1587,%,False,False,2024-04-28T17:36:21
SN105,M005,6.6176,bar,False,False,2024-12-25T20:22:18
SN084,M034,1375.4981,RPM,False,False,2024-11-08T22:23:09
SN132,M032,1458.8696,RPM,False,False,2024-12-01T08:11:20
SN028,M028,64.9041,%,False,False,2024-03-14T00:12:28
SN075,M025,44.9893,%,False,False,2024-02-04T00:41:57
SN123,M023,17.9977,A,False,False,2024-03-04T03:24:16
SN102,M002,3.102,A,False,False,2024-04-30T13:03:35
SN058,M008,4.3665,bar,False,False,2024-08-16T05:23:43
SN148,M048,44.6326,%,False,False,2024-11-04T07:22:28
SN111,M011,75.0416,°C,False,False,2024-01-21T10:48:38
SN148,M048,21.8991,%,False,False,2024-01-15T08:13:25
SN029,M029,104.1285,%,True,True,2024-05-12T03:40:47
SN123,M023,0.8057,A,False,False,2024-12-17T19:47:39
SN060,M010,7.7948,mm/s,False,False,2024-05-12T04:34:39
SN042,M042,25.1628,°C,False,False,2024-08-18T20:41:04
SN105,M005,3.4693,bar,False,False,2024-04-21T15:35:58
SN044,M044,1111.108,RPM,False,False,2024-10-12T21:09:34
SN132,M032,847.9913,RPM,False,False,2024-10-18T16:35:49
SN118,M018,4.9937,mm/s,False,False,2024-08-05T21:16:18
SN095,M045,42.2671,A,False,False,2024-05-07T14:42:45
SN147,M047,54.0534,%,False,False,2024-07-20T07:01:29
SN029,M029,23.3629,%,False,False,2024-02-25T17:08:12
SN019,M019,27.7308,A,False,False,2024-10-10T22:36:27
SN138,M038,74.5045,°C,False,False,2024-11-24T10:45:34
SN019,M019,14.2139,A,False,False,2024-07-28T21:20:22
SN049,M049,43.0969,A,False,False,2024-06-24T11:34:37
SN021,M021,2639.7562,RPM,False,False,2024-10-18T12:13:04
SN149,M049,75.6412,°C,False,False,2024-04-12T00:28:05
SN085,M035,9.0049,mm/s,False,False,2024-11-04T16:07:11
SN053,M003,66.2034,°C,False,False,2024-03-03T02:09:07
SN134,M034,46.647,A,False,False,2024-02-10T16:54:38
SN022,M022,620.2677,RPM,False,False,2024-01-12T12:41:00
SN054,M004,3.9046,bar,False,False,2024-06-17T17:03:49
SN138,M038,24.9764,°C,False,False,2024-04-05T10:39:53
SN126,M026,227.3912,RPM,False,False,2024-12-21T21:47:55
SN087,M037,2529.3977,RPM,False,False,2024-01-09T19:14:34
SN147,M047,30.9335,%,False,False,2024-02-10T22:05:01
SN114,M014,23.0781,%,False,False,2024-05-02T13:49:07
SN038,M038,20.1982,A,False,False,2024-06-13T06:15:30
SN150,M050,9.3835,mm/s,False,False,2024-05-25T02:50:45
SN023,M023,6.5844,bar,False,False,2024-10-16T03:22:08
SN130,M030,0.2356,mm/s,False,False,2024-10-07T08:42:38
SN119,M019,1.1011,bar,False,False,2024-11-20T17:20:18
SN082,M032,6.7233,bar,False,False,2024-01-08T18:10:56
SN032,M032,34.6487,°C,False,False,2024-08-14T23:52:11
SN021,M021,3721.3829,RPM,True,True,2024-07-25T20:32:54
SN033,M033,11.2263,mm/s,False,False,2024-04-29T08:55:52
SN035,M035,14.9696,A,False,False,2024-02-17T02:14:57
SN063,M013,22.7682,%,False,False,2024-01-23T22:34:47
SN136,M036,55.0433,%,False,False,2024-02-09T05:59:16
SN129,M029,22.7979,%,False,False,2024-05-07T06:45:38
SN016,M016,3.4124,mm/s,False,False,2024-10-04T12:52:06
SN119,M019,1.5923,bar,False,False,2024-05-13T07:19:53
SN136,M036,44.832,%,False,False,2024-06-05T03:26:33
SN036,M036,3.7461,A,False,False,2024-09-25T01:11:47
SN090,M040,59.2727,%,False,False,2024-08-08T17:24:19
SN063,M013,35.8506,%,False,False,2024-08-28T06:32:01
SN016,M016,7.1436,mm/s,False,False,2024-07-30T11:35:55
SN083,M033,11.1329,mm/s,False,False,2024-11-22T19:51:11
SN111,M011,58.4468,°C,False,False,2024-04-23T08:41:37
SN116,M016,25.6296,%,False,False,2024-05-09T20:00:57
SN099,M049,35.6813,%,False,False,2024-07-08T06:22:11
SN146,M046,42.71,%,False,False,2024-12-06T16:17:23
SN030,M030,3.308,mm/s,False,False,2024-06-01T13:58:32
SN011,M011,9.5568,mm/s,False,False,2024-12-19T19:15:42
SN062,M012,517.8757,RPM,False,False,2024-01-11T22:35:30
SN041,M041,45.6258,°C,False,False,2024-10-24T08:55:41
SN097,M047,16.298,A,False,False,2024-04-06T20:20:03
SN076,M026,24.9941,°C,False,False,2024-11-09T12:00:10
SN066,M016,2328.4506,RPM,False,False,2024-09-22T05:37:36
SN106,M006,8.5931,bar,False,False,2024-08-30T02:59:32
SN119,M019,3.7483,bar,False,False,2024-12-12T06:43:16
SN053,M003,72.9857,°C,False,False,2024-09-03T12:53:25
SN077,M027,12.616,A,False,False,2024-05-24T23:27:16
SN032,M032,99.7844,°C,True,True,2024-07-31T09:07:55
SN001,M001,79.5428,°C,False,False,2024-01-04T05:06:21
SN068,M018,4.5674,bar,False,False,2024-06-12T23:22:55
SN035,M035,24.1827,A,False,False,2024-02-09T18:53:24
SN068,M018,6.7497,bar,False,False,2024-06-25T00:56:49
SN030,M030,6.6007,mm/s,False,False,2024-08-17T21:37:54
SN082,M032,8.8758,bar,False,False,2024-08-11T10:35:56
SN106,M006,1.3817,bar,False,False,2024-07-11T08:30:13
SN103,M003,2155.0887,RPM,False,False,2024-12-22T07:11:09
SN001,M001,30.5178,°C,False,False,2024-07-27T09:17:52
SN072,M022,5.8043,mm/s,False,False,2024-10-24T04:44:50
SN070,M020,2150.0366,RPM,False,False,2024-05-16T03:52:31
SN029,M029,35.532,%,False,False,2024-11-18T21:30:50
SN085,M035,10.1774,mm/s,False,False,2024-02-22T17:36:21
SN126,M026,757.7638,RPM,False,False,2024-03-17T07:56:29
SN006,M006,1210.732,RPM,False,False,2024-08-02T16:25:48
SN144,M044,67.9218,°C,False,False,2024-10-21T04:57:40
SN099,M049,73.7598,%,False,False,2024-10-28T05:40:19
SN009,M009,2699.2664,RPM,False,False,2024-08-17T09:14:05
SN129,M029,79.0251,%,False,False,2024-07-15T23:58:44
SN127,M027,5.3568,mm/s,False,False,2024-09-10T04:08:39
SN092,M042,34.5701,%,False,False,2024-03-31T21:22:39
SN055,M005,7.4683,bar,False,False,2024-06-23T13:42:36
SN004,M004,25.7283,°C,False,False,2024-10-05T15:12:47
SN003,M003,1774.6627,RPM,False,False,2024-02-13T18:35:57
SN090,M040,74.0968,%,False,False,2024-12-05T04:11:24
SN108,M008,2.1237,mm/s,False,False,2024-02-19T14:24:07
SN102,M002,12.5641,A,False,False,2024-03-05T19:14:10
SN011,M011,0.7731,mm/s,False,False,2024-11-25T02:10:35
SN044,M044,663.0347,RPM,False,False,2024-02-03T00:11:15
SN009,M009,1014.8835,RPM,False,False,2024-06-28T08:31:25
SN035,M035,59.7166,A,True,True,2024-01-26T17:49:07
SN006,M006,1966.9026,RPM,False,False,2024-09-24T18:17:55
SN070,M020,613.0107,RPM,False,False,2024-04-15T03:19:02
SN096,M046,34.592,°C,False,False,2024-08-01T22:11:06
SN020,M020,22.9293,A,False,False,2024-08-27T06:42:25
SN080,M030,61.5461,%,False,False,2024-02-26T02:18:18
SN037,M037,25.8393,A,False,False,2024-06-29T19:51:23
SN008,M008,2095.8293,RPM,False,False,2024-07-03T08:14:23
SN039,M039,79.715,°C,False,False,2024-12-02T03:30:43
SN148,M048,32.0083,%,False,False,2024-05-24T22:25:23
SN021,M021,2399.6484,RPM,False,False,2024-11-04T03:29:55
SN037,M037,0.6645,A,False,False,2024-11-19T06:21:36
SN055,M005,1.8473,bar,False,False,2024-07-26T05:13:38
SN014,M014,10.9026,bar,True,True,2024-07-23T05:11:18
SN111,M011,43.1751,°C,False,False,2024-01-20T12:27:43
SN122,M022,57.2808,A,True,True,2024-06-23T05:43:43
SN044,M044,2650.4061,RPM,False,False,2024-10-29T13:08:31
SN009,M009,3291.3026,RPM,True,True,2024-11-03T17:54:46
SN061,M011,72.5695,%,False,False,2024-10-07T04:19:26
SN035,M035,17.1186,A,False,False,2024-06-07T22:40:27
SN140,M040,20.6061,°C,False,False,2024-06-29T12:40:54
SN122,M022,1.4262,A,False,False,2024-02-07T04:43:53
SN127,M027,3.8023,mm/s,False,False,2024-11-05T21:21:08
SN145,M045,0.2964,mm/s,False,False,2024-06-28T04:30:42
SN056,M006,1.7605,bar,False,False,2024-10-19T07:04:07
SN009,M009,489.2458,RPM,False,False,2024-02-06T07:42:31
SN028,M028,73.2513,%,False,False,2024-08-07T22:57:58
SN011,M011,5.3878,mm/s,False,False,2024-01-30T08:22:05
SN100,M050,2.1163,mm/s,False,False,2024-01-10T16:34:00
SN065,M015,43.7973,A,False,False,2024-10-27T09:18:00
SN072,M022,9.0328,mm/s,False,False,2024-07-11T14:50:58
SN029,M029,55.8388,%,False,False,2024-01-27T13:33:32
SN122,M022,21.6024,A,False,False,2024-04-28T23:47:31
SN063,M013,84.4029,%,False,False,2024-02-26T04:41:57
SN058,M008,3.4917,bar,False,False,2024-11-01T10:53:00
SN034,M034,2.2259,bar,False,False,2024-09-08T15:17:33
SN102,M002,54.9367,A,True,True,2024-03-24T08:54:18
SN070,M020,404.4608,RPM,False,False,2024-10-11T12:01:55
SN005,M005,14.4918,A,False,False,2024-11-15T17:38:43
SN115,M015,5.4088,mm/s,False,False,2024-03-11T00:28:00
SN097,M047,9.8916,A,False,False,2024-03-11T22:14:58
SN108,M008,4.0256,mm/s,False,False,2024-02-06T15:37:25
SN058,M008,4.9978,bar,False,False,2024-01-31T15:25:38
SN120,M020,3.4212,mm/s,False,False,2024-08-04T09:23:59
SN007,M007,32.1635,A,False,False,2024-04-14T23:49:46
SN089,M039,4.0523,bar,False,False,2024-07-28T17:37:47
SN090,M040,22.4271,%,False,False,2024-02-11T01:50:08
SN028,M028,27.2338,%,False,False,2024-12-27T05:32:27
SN138,M038,71.1268,°C,False,False,2024-03-07T07:18:52
SN111,M011,44.5797,°C,False,False,2024-10-21T03:55:39
SN074,M024,9.1466,mm/s,False,False,2024-12-09T15:49:47
SN106,M006,5.726,bar,False,False,2024-11-03T06:10:48
SN132,M032,361.6699,RPM,False,False,2024-06-29T01:08:55
SN098,M048,43.1231,A,False,False,2024-07-13T06:12:03
SN135,M035,47.7133,°C,False,False,2024-01-10T04:17:59
SN131,M031,20.8203,A,False,False,2024-09-12T06:56:18
SN143,M043,46.3942,A,False,False,2024-02-12T12:56:40
SN147,M047,97.8356,%,True,True,2024-11-24T16:44:50
SN146,M046,48.6355,%,False,False,2024-01-17T22:29:39
SN013,M013,7.2643,bar,False,False,2024-10-23T17:50:49
SN136,M036,70.339,%,False,False,2024-12-31T23:41:22
SN052,M002,9.1766,bar,False,False,2024-08-30T20:28:20
SN033,M033,8.9538,mm/s,False,False,2024-03-30T12:03:15
SN072,M022,5.8124,mm/s,False,False,2024-04-15T00:29:16
SN115,M015,0.4454,mm/s,False,False,2024-03-02T06:03:36
SN031,M031,45.8595,A,False,False,2024-06-08T07:30:46
SN082,M032,2.5937,bar,False,False,2024-10-04T10:50:19
SN003,M003,2843.9326,RPM,False,False,2024-03-18T09:37:40
SN126,M026,2116.2493,RPM,False,False,2024-12-02T09:45:17
SN004,M004,39.9778,°C,False,False,2024-12-07T05:36:15
SN054,M004,1.0168,bar,False,False,2024-01-09T00:12:12
SN005,M005,17.9029,A,False,False,2024-11-04T01:54:01
SN075,M025,85.1112,%,False,False,2024-06-25T02:20:22
SN062,M012,1744.7313,RPM,False,False,2024-01-02T07:18:18
SN133,M033,36.4856,A,False,False,2024-08-08T15:20:16
SN024,M024,5.6578,A,False,False,2024-11-06T00:53:35
SN001,M001,105.3692,°C,True,True,2024-11-26T06:15:12
SN024,M024,35.766,A,False,False,2024-08-31T19:17:33
SN039,M039,28.436,°C,False,False,2024-07-11T00:48:51
SN052,M002,7.3084,bar,False,False,2024-08-14T00:22:28
SN137,M037,27.4156,A,False,False,2024-06-27T13:56:12
SN012,M012,1544.0645,RPM,False,False,2024-10-11T16:34:12
SN087,M037,2818.6271,RPM,False,False,2024-02-01T22:09:50
SN141,M041,47.4988,A,False,False,2024-05-30T21:09:21
SN063,M013,92.2773,%,True,True,2024-08-19T17:52:56
SN132,M032,624.4865,RPM,False,False,2024-06-17T18:24:42
SN031,M031,34.3431,A,False,False,2024-04-04T21:12:49
SN115,M015,1.0958,mm/s,False,False,2024-12-08T16:22:55
SN022,M022,1887.1355,RPM,False,False,2024-08-03T15:44:00
SN095,M045,15.662,A,False,False,2024-02-24T23:04:37
SN147,M047,40.2425,%,False,False,2024-01-08T01:22:01
SN049,M049,38.2337,A,False,False,2024-09-15T03:44:21
SN004,M004,32.3598,°C,False,False,2024-10-23T04:18:43
SN062,M012,1171.6801,RPM,False,False,2024-06-22T09:28:25
SN083,M033,6.5522,mm/s,False,False,2024-08-19T22:35:28
SN065,M015,42.3021,A,False,False,2024-04-16T03:41:49
SN104,M004,7.0428,A,False,False,2024-01-21T20:13:36
SN025,M025,393.1523,RPM,False,False,2024-12-08T05:42:05
SN005,M005,33.5511,A,False,False,2024-07-28T08:32:30
SN024,M024,7.2299,A,False,False,2024-02-23T12:08:07
SN057,M007,28.332,A,False,False,2024-10-24T21:29:52
SN074,M024,1.7019,mm/s,False,False,2024-12-11T21:45:59
SN101,M001,52.2509,°C,False,False,2024-07-13T11:46:02
SN018,M018,32.7193,A,False,False,2024-12-17T09:40:07
SN035,M035,37.5093,A,False,False,2024-05-19T05:33:53
SN050,M050,1.8214,mm/s,False,False,2024-12-27T09:22:27
SN057,M007,21.5856,A,False,False,2024-01-04T06:29:30
SN076,M026,57.6501,°C,False,False,2024-10-26T15:44:08
SN144,M044,53.5134,°C,False,False,2024-05-08T22:36:33
SN028,M028,64.9735,%,False,False,2024-12-30T09:17:33
SN018,M018,37.3493,A,False,False,2024-05-07T03:15:12
SN089,M039,3.4383,bar,False,False,2024-12-02T10:17:31
SN102,M002,1.5061,A,False,False,2024-06-29T10:50:08
SN045,M045,3.2483,bar,False,False,2024-06-07T14:33:00
SN007,M007,6.0699,A,False,False,2024-04-04T02:25:37
SN134,M034,4.1166,A,False,False,2024-02-04T20:21:15
SN045,M045,8.6847,bar,False,False,2024-08-08T12:15:49
SN110,M010,1.0211,mm/s,False,False,2024-01-12T09:42:08
SN068,M018,7.0803,bar,False,False,2024-01-05T11:27:07
SN128,M028,1240.3947,RPM,False,False,2024-05-06T06:10:23
SN058,M008,7.5612,bar,False,False,2024-10-10T16:52:34
SN067,M017,7.166,bar,False,False,2024-12-05T22:34:00
SN079,M029,2547.4259,RPM,False,False,2024-06-19T19:17:20
SN108,M008,9.7143,mm/s,False,False,2024-04-26T10:45:54
SN099,M049,21.6475,%,False,False,2024-08-29T13:49:33
SN023,M023,1.0582,bar,False,False,2024-07-12T21:04:23
SN053,M003,38.7795,°C,False,False,2024-11-24T07:10:47
SN039,M039,41.2456,°C,False,False,2024-06-12T19:58:50
SN022,M022,1168.0221,RPM,False,False,2024-03-06T15:54:40
SN042,M042,65.9794,°C,False,False,2024-10-18T01:24:38
SN033,M033,7.6172,mm/s,False,False,2024-03-12T04:13:37
SN101,M001,20.2304,°C,False,False,2024-06-01T05:33:41
SN108,M008,4.4167,mm/s,False,False,2024-05-16T08:19:30
SN103,M003,2439.3883,RPM,False,False,2024-04-17T05:05:01
SN020,M020,29.5166,A,False,False,2024-06-20T15:05:03
SN105,M005,4.757,bar,False,False,2024-11-28T12:54:52
SN070,M020,836.3377,RPM,False,False,2024-06-30T09:30:55
SN021,M021,1647.8161,RPM,False,False,2024-09-05T04:57:18
SN054,M004,1.3102,bar,False,False,2024-12-28T04:55:20
SN028,M028,39.8667,%,False,False,2024-08-07T16:00:35
SN124,M024,46.2438,A,False,False,2024-02-18T18:14:55
SN061,M011,37.8078,%,False,False,2024-03-22T08:26:51
SN079,M029,2069.2659,RPM,False,False,2024-12-07T06:07:31
SN097,M047,45.005,A,False,False,2024-02-28T13:42:21
SN023,M023,6.4162,bar,False,False,2024-11-23T13:46:19
SN065,M015,35.6825,A,False,False,2024-03-04T13:06:49
SN092,M042,71.4604,%,False,False,2024-01-07T16:14:24
SN103,M003,787.775,RPM,False,False,2024-04-19T22:15:46
SN023,M023,1.8591,bar,False,False,2024-10-02T20:04:45
SN127,M027,6.2324,mm/s,False,False,2024-02-01T04:31:24
SN136,M036,36.3146,%,False,False,2024-11-28T21:26:44
SN110,M010,2.569,mm/s,False,False,2024-09-19T23:39:54
SN074,M024,9.8496,mm/s,False,False,2024-11-09T03:10:55
SN046,M046,1505.47,RPM,False,False,2024-04-17T15:56:49
SN108,M008,11.321,mm/s,False,False,2024-06-06T08:17:12
SN067,M017,1.1554,bar,False,False,2024-11-24T20:12:35
SN026,M026,47.1658,A,False,False,2024-03-11T13:59:04
SN024,M024,41.7127,A,False,False,2024-04-30T18:44:58
SN051,M001,38.2723,%,False,False,2024-11-07T12:33:14
SN048,M048,21.7804,°C,False,False,2024-10-02T01:12:38
SN103,M003,1742.2072,RPM,False,False,2024-07-24T00:18:55
SN109,M009,111.3815,%,True,True,2024-07-11T21:18:42
SN037,M037,34.6741,A,False,False,2024-12-04T18:22:45
SN130,M030,11.257,mm/s,False,False,2024-03-19T16:42:07
SN042,M042,62.4562,°C,False,False,2024-02-10T18:59:35
SN115,M015,6.7514,mm/s,False,False,2024-08-22T17:19:50
SN013,M013,7.8645,bar,False,False,2024-01-13T14:18:15
SN004,M004,75.8283,°C,False,False,2024-07-03T09:51:56
SN030,M030,8.5524,mm/s,False,False,2024-07-11T18:36:55
SN026,M026,22.1652,A,False,False,2024-09-10T07:14:19
SN143,M043,37.082,A,False,False,2024-02-10T18:19:09
SN100,M050,1.7737,mm/s,False,False,2024-12-31T00:33:57
SN091,M041,57.473,°C,False,False,2024-10-18T18:12:43
SN014,M014,3.1961,bar,False,False,2024-08-13T23:05:23
SN073,M023,30.2163,A,False,False,2024-11-15T00:42:27
SN135,M035,42.153,°C,False,False,2024-01-04T15:51:10
SN031,M031,45.5147,A,False,False,2024-05-12T07:47:51
SN058,M008,2.408,bar,False,False,2024-02-16T08:42:03
SN006,M006,474.4332,RPM,False,False,2024-07-24T05:49:58
SN114,M014,20.2268,%,False,False,2024-02-23T10:32:30
SN120,M020,0.6411,mm/s,False,False,2024-03-29T00:58:29
SN120,M020,4.7367,mm/s,False,False,2024-06-14T17:37:00
SN008,M008,1459.1593,RPM,False,False,2024-10-29T14:38:40
SN121,M021,440.6919,RPM,False,False,2024-12-13T02:25:17
SN052,M002,8.4725,bar,False,False,2024-08-16T09:17:24
SN099,M049,52.1219,%,False,False,2024-02-16T20:12:29
SN138,M038,40.585,°C,False,False,2024-03-29T00:51:27
SN011,M011,4.7792,mm/s,False,False,2024-12-01T06:27:24
SN028,M028,20.4568,%,False,False,2024-11-06T00:24:19
SN074,M024,7.6806,mm/s,False,False,2024-10-05T04:34:04
SN141,M041,16.7152,A,False,False,2024-12-02T18:15:07
SN129,M029,95.3131,%,True,True,2024-04-09T18:25:04
SN076,M026,66.658,°C,False,False,2024-03-23T19:58:53
SN102,M002,7.7078,A,False,False,2024-11-16T02:28:42
SN032,M032,22.3116,°C,False,False,2024-05-29T07:21:00
SN098,M048,40.2285,A,False,False,2024-04-10T19:28:33
SN102,M002,0.9463,A,False,False,2024-11-07T00:26:06
SN114,M014,43.3512,%,False,False,2024-06-18T16:29:20
SN031,M031,40.361,A,False,False,2024-12-21T02:44:19
SN094,M044,2677.8687,RPM,False,False,2024-02-25T03:53:09
SN023,M023,7.2543,bar,False,False,2024-11-21T17:31:34
SN105,M005,7.9993,bar,False,False,2024-05-30T20:06:20
SN019,M019,61.6691,A,True,True,2024-03-25T12:02:41
SN051,M001,84.1392,%,False,False,2024-11-11T21:09:32
SN134,M034,42.4074,A,False,False,2024-03-01T19:03:55
SN073,M023,33.3838,A,False,False,2024-09-26T20:21:39
SN029,M029,76.7035,%,False,False,2024-08-12T10:18:00
SN036,M036,40.6258,A,False,False,2024-07-14T11:55:39
SN017,M017,0.1165,mm/s,False,False,2024-12-20T12:36:32
SN028,M028,59.345,%,False,False,2024-11-10T08:59:22
SN020,M020,15.0287,A,False,False,2024-03-29T19:00:55
SN012,M012,1049.6577,RPM,False,False,2024-01-28T16:16:05
SN097,M047,17.3246,A,False,False,2024-11-09T14:50:38
SN141,M041,33.1686,A,False,False,2024-06-06T00:09:41
SN063,M013,76.8367,%,False,False,2024-08-26T15:13:26
SN085,M035,6.2694,mm/s,False,False,2024-02-06T07:13:33
SN001,M001,69.8263,°C,False,False,2024-12-07T22:31:24
SN071,M021,1198.7417,RPM,False,False,2024-10-25T12:52:20
SN040,M040,69.831,°C,False,False,2024-08-15T06:31:55
SN109,M009,28.0093,%,False,False,2024-07-02T11:38:01
SN064,M014,3.6588,mm/s,False,False,2024-10-24T01:33:21
SN029,M029,70.4631,%,False,False,2024-12-17T18:58:26
SN115,M015,3.7565,mm/s,False,False,2024-02-08T05:54:19
SN035,M035,17.6755,A,False,False,2024-08-06T13:33:25
SN128,M028,972.8936,RPM,False,False,2024-04-10T19:37:21
SN040,M040,77.0375,°C,False,False,2024-01-18T17:09:26
SN119,M019,7.242,bar,False,False,2024-01-08T07:47:42
SN040,M040,37.7827,°C,False,False,2024-10-21T12:35:55
SN095,M045,20.0854,A,False,False,2024-06-28T15:31:14
SN120,M020,4.0824,mm/s,False,False,2024-06-20T11:28:42
SN027,M027,53.3411,A,True,True,2024-11-17T03:21:37
SN129,M029,43.6883,%,False,False,2024-11-08T19:53:15
SN068,M018,5.0858,bar,False,False,2024-09-06T00:34:43
SN059,M009,34.3264,A,False,False,2024-03-25T02:02:51
SN026,M026,14.5775,A,False,False,2024-03-29T15:38:20
SN136,M036,95.6442,%,True,True,2024-06-20T18:32:21
SN076,M026,71.0626,°C,False,False,2024-07-14T10:40:31
SN084,M034,1914.399,RPM,False,False,2024-05-28T20:49:33
SN013,M013,2.4684,bar,False,False,2024-04-10T19:16:33
SN101,M001,44.4717,°C,False,False,2024-02-27T06:48:17
SN116,M016,53.8107,%,False,False,2024-04-26T14:36:05
SN012,M012,1221.5407,RPM,False,False,2024-02-22T20:36:24
SN003,M003,2543.2488,RPM,False,False,2024-09-22T07:49:01
SN053,M003,77.4449,°C,False,False,2024-11-29T20:40:30
SN053,M003,32.6509,°C,False,False,2024-08-01T00:17:45
SN103,M003,1971.1414,RPM,False,False,2024-05-19T02:03:20
SN033,M033,6.0308,mm/s,False,False,2024-10-07T09:51:33
SN130,M030,6.9241,mm/s,False,False,2024-06-06T20:16:01
SN008,M008,1473.4856,RPM,False,False,2024-12-29T13:19:53
SN134,M034,28.0878,A,False,False,2024-03-31T18:45:48
SN046,M046,953.6354,RPM,False,False,2024-05-23T21:27:44
SN061,M011,42.7189,%,False,False,2024-01-10T20:44:20
SN135,M035,56.692,°C,False,False,2024-02-26T05:32:34
SN122,M022,19.8607,A,False,False,2024-02-02T13:08:49
SN084,M034,1280.7103,RPM,False,False,2024-04-09T22:53:03
SN003,M003,1943.1627,RPM,False,False,2024-10-13T13:24:56
SN083,M033,0.6586,mm/s,False,False,2024-07-02T23:06:38
SN129,M029,50.351,%,False,False,2024-10-03T00:01:01
SN087,M037,452.5379,RPM,False,False,2024-11-26T07:35:32
SN020,M020,40.9761,A,False,False,2024-04-03T16:31:13
SN135,M035,71.3385,°C,False,False,2024-07-04T04:37:41
SN054,M004,7.3714,bar,False,False,2024-02-20T13:54:19
SN117,M017,2.055,mm/s,False,False,2024-10-01T05:56:57
SN046,M046,1833.8751,RPM,False,False,2024-07-06T05:55:12
SN027,M027,3.563,A,False,False,2024-06-29T12:08:35
SN095,M045,23.2795,A,False,False,2024-08-23T15:17:40
SN031,M031,5.0639,A,False,False,2024-03-04T20:08:53
SN015,M015,2.3397,bar,False,False,2024-12-08T22:32:15
SN140,M040,37.5537,°C,False,False,2024-11-21T02:48:03
SN142,M042,1577.358,RPM,False,False,2024-01-13T13:49:17
SN096,M046,26.2916,°C,False,False,2024-06-13T23:42:50
SN149,M049,98.1273,°C,True,True,2024-11-09T04:51:36
SN046,M046,2560.693,RPM,False,False,2024-10-17T01:24:05
SN106,M006,9.3635,bar,False,False,2024-11-04T15:15:58
SN141,M041,62.4642,A,True,True,2024-12-11T19:54:26
SN069,M019,4.3789,bar,False,False,2024-07-11T09:58:53
SN020,M020,25.9524,A,False,False,2024-12-03T05:37:22
SN019,M019,41.9681,A,False,False,2024-10-21T22:48:12
SN005,M005,38.2956,A,False,False,2024-02-01T05:14:35
SN103,M003,1270.0974,RPM,False,False,2024-10-29T08:26:51
SN011,M011,7.8119,mm/s,False,False,2024-12-31T14:07:57
SN009,M009,565.1108,RPM,False,False,2024-03-12T17:59:29
SN106,M006,2.5601,bar,False,False,2024-12-22T01:23:05
SN072,M022,2.5522,mm/s,False,False,2024-02-13T22:28:15
SN113,M013,3.1765,mm/s,False,False,2024-06-21T06:39:48
SN111,M011,75.6397,°C,False,False,2024-01-03T01:40:24
SN139,M039,54.1914,°C,False,False,2024-10-14T22:39:21
SN102,M002,15.4421,A,False,False,2024-01-24T15:18:29
SN041,M041,57.4088,°C,False,False,2024-08-25T23:13:36
SN141,M041,33.1968,A,False,False,2024-03-26T01:04:37
SN058,M008,6.9561,bar,False,False,2024-10-21T10:06:11
SN127,M027,9.8174,mm/s,False,False,2024-03-03T03:55:00
SN147,M047,45.3889,%,False,False,2024-05-15T04:10:11
SN013,M013,7.5654,bar,False,False,2024-11-13T07:57:46
SN110,M010,9.4671,mm/s,False,False,2024-10-06T01:09:01
SN108,M008,7.3631,mm/s,False,False,2024-11-16T00:49:19
SN044,M044,473.6827,RPM,False,False,2024-09-07T07:22:25
SN078,M028,33.4543,%,False,False,2024-07-09T00:09:32
SN068,M018,6.3261,bar,False,False,2024-05-25T02:31:41
SN006,M006,1.626,RPM,False,False,2024-11-29T15:58:28
SN140,M040,69.5759,°C,False,False,2024-06-11T14:31:41
SN127,M027,8.5903,mm/s,False,False,2024-11-24T17:50:08
SN006,M006,1555.0748,RPM,False,False,2024-09-15T07:14:58
SN027,M027,40.0142,A,False,False,2024-03-07T16:53:40
SN012,M012,2199.1946,RPM,False,False,2024-12-17T02:59:37
SN096,M046,77.3782,°C,False,False,2024-12-08T13:55:25
SN061,M011,38.3068,%,False,False,2024-07-29T13:47:59
SN147,M047,58.3032,%,False,False,2024-03-08T07:45:52
SN041,M041,31.69,°C,False,False,2024-03-21T02:45:42
SN045,M045,10.5859,bar,True,True,2024-05-18T20:20:10
SN018,M018,60.3103,A,True,True,2024-12-17T19:18:12
SN085,M035,11.0971,mm/s,False,False,2024-02-14T02:06:09
SN058,M008,3.4113,bar,False,False,2024-11-05T05:15:29
SN009,M009,1153.7374,RPM,False,False,2024-07-14T20:21:26
SN142,M042,811.7856,RPM,False,False,2024-10-31T05:31:00
SN054,M004,7.418,bar,False,False,2024-04-05T09:11:17
SN050,M050,3.3578,mm/s,False,False,2024-04-05T15:35:13
SN101,M001,55.9698,°C,False,False,2024-02-21T08:46:39
SN002,M002,21.7457,%,False,False,2024-08-07T03:56:34
SN138,M038,34.0024,°C,False,False,2024-02-19T01:26:23
SN069,M019,1.769,bar,False,False,2024-12-07T15:26:02
SN149,M049,67.3896,°C,False,False,2024-10-18T19:09:12
SN101,M001,73.1299,°C,False,False,2024-08-21T11:03:48
SN035,M035,5.6005,A,False,False,2024-04-04T06:22:41
SN128,M028,214.4738,RPM,False,False,2024-06-27T13:30:49
SN080,M030,38.1995,%,False,False,2024-01-26T11:07:27
SN004,M004,56.1643,°C,False,False,2024-12-02T16:41:32
SN069,M019,5.814,bar,False,False,2024-12-16T04:19:56
SN115,M015,11.2402,mm/s,False,False,2024-02-07T23:27:31
SN034,M034,4.7939,bar,False,False,2024-09-30T00:20:51
SN059,M009,17.6879,A,False,False,2024-10-07T14:37:38
SN103,M003,1207.1238,RPM,False,False,2024-04-16T10:30:45
SN122,M022,31.7195,A,False,False,2024-07-16T13:23:23
SN103,M003,293.224,RPM,False,False,2024-12-17T17:47:38
SN037,M037,42.2919,A,False,False,2024-06-14T08:01:48
SN031,M031,36.4065,A,False,False,2024-01-11T06:31:44
SN002,M002,30.3712,%,False,False,2024-10-15T02:19:33
SN137,M037,14.9817,A,False,False,2024-02-23T08:55:37
SN070,M020,473.7137,RPM,False,False,2024-02-11T03:00:37
SN017,M017,2.6251,mm/s,False,False,2024-05-08T21:12:18
SN091,M041,88.5394,°C,True,True,2024-03-22T12:15:29
SN036,M036,30.3927,A,False,False,2024-04-26T07:39:38
SN061,M011,23.2337,%,False,False,2024-11-26T15:10:46
SN114,M014,58.7288,%,False,False,2024-09-04T15:53:58
SN036,M036,28.7596,A,False,False,2024-02-19T06:19:33
SN096,M046,35.268,°C,False,False,2024-02-20T23:43:58
SN040,M040,50.4794,°C,False,False,2024-04-01T18:10:04
SN066,M016,1924.9067,RPM,False,False,2024-09-29T00:18:45
SN139,M039,55.8851,°C,False,False,2024-10-12T19:35:10
SN002,M002,55.5489,%,False,False,2024-07-10T07:43:14
SN011,M011,7.2281,mm/s,False,False,2024-11-18T03:38:18
SN148,M048,33.6875,%,False,False,2024-04-01T01:29:41
SN044,M044,2810.6054,RPM,False,False,2024-06-15T23:52:31
SN091,M041,73.0109,°C,False,False,2024-01-23T04:46:04
SN043,M043,8.1671,mm/s,False,False,2024-09-15T11:01:22
SN075,M025,38.0084,%,False,False,2024-12-09T02:04:30
SN134,M034,23.9142,A,False,False,2024-10-31T15:01:32
SN092,M042,54.7415,%,False,False,2024-11-18T03:53:41
SN139,M039,67.0714,°C,False,False,2024-09-28T15:32:23
SN112,M012,1361.8039,RPM,False,False,2024-06-06T02:30:00
SN045,M045,11.3682,bar,True,True,2024-06-03T12:41:00
SN124,M024,27.7638,A,False,False,2024-03-06T08:29:58
SN093,M043,10.2936,A,False,False,2024-10-29T23:25:36
SN082,M032,1.6813,bar,False,False,2024-08-15T10:12:30
SN101,M001,29.6607,°C,False,False,2024-03-12T06:58:03
SN090,M040,94.0002,%,True,True,2024-03-12T04:57:19
SN091,M041,60.3191,°C,False,False,2024-09-03T20:29:48
SN104,M004,41.9388,A,False,False,2024-04-26T11:02:39
SN115,M015,4.6876,mm/s,False,False,2024-08-16T17:42:49
SN065,M015,30.6907,A,False,False,2024-02-05T04:49:22
SN044,M044,700.1991,RPM,False,False,2024-04-16T05:27:22
SN023,M023,5.8739,bar,False,False,2024-08-18T16:40:59
SN003,M003,1725.6309,RPM,False,False,2024-09-11T10:12:02
SN107,M007,2369.7045,RPM,False,False,2024-06-21T04:38:19
SN011,M011,4.5429,mm/s,False,False,2024-04-11T20:35:28
SN088,M038,23.1964,°C,False,False,2024-08-13T12:37:56
SN093,M043,8.7928,A,False,False,2024-07-04T07:57:26
SN073,M023,0.8912,A,False,False,2024-03-30T22:39:43
SN020,M020,59.743,A,True,True,2024-08-11T06:39:01
SN057,M007,36.2432,A,False,False,2024-07-28T05:27:05
SN046,M046,848.9541,RPM,False,False,2024-06-29T01:48:51
SN024,M024,28.1146,A,False,False,2024-05-28T11:29:40
SN002,M002,47.5016,%,False,False,2024-01-09T06:13:45
SN136,M036,51.8234,%,False,False,2024-01-15T11:23:56
SN083,M033,4.5627,mm/s,False,False,2024-12-24T15:21:13
SN108,M008,0.6258,mm/s,False,False,2024-06-18T07:07:44
SN034,M034,2.8563,bar,False,False,2024-07-23T04:04:48
SN091,M041,97.8913,°C,True,True,2024-03-29T15:37:22
SN119,M019,3.3067,bar,False,False,2024-02-05T00:05:18
SN114,M014,63.1668,%,False,False,2024-11-28T23:27:04
SN058,M008,2.7475,bar,False,False,2024-12-02T20:15:25
SN051,M001,27.5106,%,False,False,2024-09-06T16:23:38
SN067,M017,1.7918,bar,False,False,2024-06-18T01:02:12
SN077,M027,9.5024,A,False,False,2024-02-08T12:04:06
SN100,M050,10.2592,mm/s,False,False,2024-04-21T17:36:32
SN030,M030,2.2416,mm/s,False,False,2024-03-10T09:23:29
SN119,M019,8.6055,bar,False,False,2024-07-22T06:03:30
SN093,M043,19.9606,A,False,False,2024-12-22T17:50:45
SN009,M009,1973.7576,RPM,False,False,2024-11-02T19:41:53
SN065,M015,8.5529,A,False,False,2024-01-18T11:27:26
SN072,M022,9.2209,mm/s,False,False,2024-07-02T20:14:06
SN084,M034,285.2473,RPM,False,False,2024-08-01T18:50:10
SN113,M013,12.4789,mm/s,True,True,2024-11-24T15:26:37
SN127,M027,6.4368,mm/s,False,False,2024-03-07T23:12:56
SN077,M027,1.9559,A,False,False,2024-03-06T12:23:55
SN074,M024,5.0764,mm/s,False,False,2024-04-13T12:58:23
SN069,M019,5.2178,bar,False,False,2024-03-26T01:27:15
SN069,M019,7.6377,bar,False,False,2024-11-05T04:28:29
SN051,M001,45.4612,%,False,False,2024-04-09T05:41:51
SN115,M015,11.3707,mm/s,False,False,2024-03-05T06:38:40
SN092,M042,70.6126,%,False,False,2024-05-23T14:04:09
SN058,M008,7.4691,bar,False,False,2024-06-11T08:14:37
SN144,M044,37.0631,°C,False,False,2024-06-30T14:26:44
SN045,M045,4.6879,bar,False,False,2024-10-01T05:18:31
SN069,M019,1.1027,bar,False,False,2024-01-02T05:56:47
SN087,M037,2492.0312,RPM,False,False,2024-08-31T01:04:43
SN081,M031,81.8062,%,False,False,2024-03-08T17:20:58
SN024,M024,13.23,A,False,False,2024-05-04T18:36:45
SN005,M005,1.5438,A,False,False,2024-10-30T07:33:51
SN057,M007,3.6885,A,False,False,2024-09-17T23:08:10
SN110,M010,13.5889,mm/s,True,True,2024-09-08T11:32:30
SN106,M006,3.4956,bar,False,False,2024-06-25T22:35:58
SN130,M030,5.9571,mm/s,False,False,2024-04-17T02:42:39
SN055,M005,4.3675,bar,False,False,2024-05-25T16:53:53
SN022,M022,1286.411,RPM,False,False,2024-09-10T03:27:04
SN090,M040,36.7947,%,False,False,2024-06-09T19:38:03
SN120,M020,9.996,mm/s,False,False,2024-10-20T05:16:52
SN060,M010,10.5406,mm/s,False,False,2024-12-16T00:59:42
SN018,M018,14.1044,A,False,False,2024-09-26T12:36:44
SN023,M023,7.94,bar,False,False,2024-10-16T22:18:07
SN147,M047,93.0381,%,True,True,2024-06-24T20:30:31
SN122,M022,7.9295,A,False,False,2024-11-23T10:28:43
SN029,M029,102.5024,%,True,True,2024-05-09T21:57:59
SN011,M011,7.4079,mm/s,False,False,2024-11-21T07:15:29
SN144,M044,37.6209,°C,False,False,2024-04-01T17:25:50
SN094,M044,2514.5619,RPM,False,False,2024-01-13T22:03:48
SN087,M037,649.4968,RPM,False,False,2024-04-06T07:19:42
SN114,M014,47.8248,%,False,False,2024-07-16T18:03:04
SN063,M013,45.9615,%,False,False,2024-09-07T08:13:13
SN113,M013,0.2537,mm/s,False,False,2024-06-06T02:41:36
SN121,M021,2529.8425,RPM,False,False,2024-02-16T16:44:37
SN141,M041,8.6942,A,False,False,2024-03-12T05:30:19
SN108,M008,9.7769,mm/s,False,False,2024-12-19T21:13:42
SN148,M048,70.8346,%,False,False,2024-08-26T13:46:08
SN005,M005,21.4758,A,False,False,2024-09-08T06:52:31
SN130,M030,2.4855,mm/s,False,False,2024-10-22T03:02:15
SN085,M035,9.2151,mm/s,False,False,2024-01-19T03:11:24
SN100,M050,2.3398,mm/s,False,False,2024-06-10T01:22:39
SN053,M003,69.4023,°C,False,False,2024-09-27T10:41:27
SN132,M032,2475.1052,RPM,False,False,2024-07-14T14:57:51
SN124,M024,1.1433,A,False,False,2024-11-23T17:06:31
SN081,M031,61.7681,%,False,False,2024-11-25T09:25:44
SN006,M006,1814.8818,RPM,False,False,2024-08-09T18:07:17
SN036,M036,5.6025,A,False,False,2024-06-25T20:44:26
SN016,M016,9.7635,mm/s,False,False,2024-06-13T02:48:01
SN020,M020,19.07,A,False,False,2024-10-07T21:32:14
SN114,M014,99.8886,%,True,True,2024-03-13T13:16:46
SN016,M016,4.5853,mm/s,False,False,2024-03-04T05:57:31
SN148,M048,64.2889,%,False,False,2024-12-07T15:01:26
SN004,M004,77.318,°C,False,False,2024-08-13T08:00:38
SN149,M049,70.8464,°C,False,False,2024-11-21T22:53:36
SN021,M021,1614.9535,RPM,False,False,2024-07-27T08:36:53
SN041,M041,54.1325,°C,False,False,2024-06-11T14:22:34
SN083,M033,8.7719,mm/s,False,False,2024-10-27T01:17:37
SN060,M010,5.216,mm/s,False,False,2024-12-21T03:00:47
SN002,M002,73.8645,%,False,False,2024-04-29T14:24:15
SN068,M018,5.9922,bar,False,False,2024-03-02T06:11:50
SN008,M008,1982.0497,RPM,False,False,2024-07-26T23:48:06
SN061,M011,25.7049,%,False,False,2024-10-26T11:00:42
SN061,M011,39.8129,%,False,False,2024-09-05T10:44:59
SN005,M005,17.0426,A,False,False,2024-08-07T15:35:42
SN108,M008,11.3303,mm/s,False,False,2024-08-20T13:21:17
SN046,M046,968.939,RPM,False,False,2024-07-28T04:11:33
SN113,M013,4.1937,mm/s,False,False,2024-08-23T20:03:23
SN136,M036,85.4567,%,False,False,2024-03-31T02:23:56
SN144,M044,65.1068,°C,False,False,2024-04-17T22:33:06
SN063,M013,65.678,%,False,False,2024-10-31T00:19:04
SN020,M020,25.5919,A,False,False,2024-06-09T21:25:07
SN121,M021,2643.1556,RPM,False,False,2024-05-30T01:10:45
SN097,M047,12.8763,A,False,False,2024-03-27T03:16:11
SN030,M030,7.3553,mm/s,False,False,2024-08-13T05:02:40
SN014,M014,6.5292,bar,False,False,2024-04-08T02:22:53
SN149,M049,59.9838,°C,False,False,2024-12-16T00:16:55
SN131,M031,0.07,A,False,False,2024-12-30T20:36:37
SN115,M015,1.3046,mm/s,False,False,2024-01-22T03:02:14
SN040,M040,38.1244,°C,False,False,2024-06-22T07:30:20
SN013,M013,5.362,bar,False,False,2024-07-28T11:46:13
SN009,M009,2560.0245,RPM,False,False,2024-11-29T14:29:13
SN017,M017,4.5841,mm/s,False,False,2024-07-24T07:46:04
SN043,M043,4.7267,mm/s,False,False,2024-03-08T12:25:46
SN076,M026,71.1787,°C,False,False,2024-05-06T16:51:39
SN008,M008,54.8356,RPM,False,False,2024-02-27T04:59:01
SN133,M033,27.524,A,False,False,2024-05-11T14:34:54
SN145,M045,7.374,mm/s,False,False,2024-09-02T04:34:12
SN071,M021,1194.0029,RPM,False,False,2024-01-01T20:20:23
SN109,M009,64.8952,%,False,False,2024-10-06T07:43:52
SN099,M049,31.2326,%,False,False,2024-07-02T09:40:08
SN104,M004,0.7389,A,False,False,2024-01-13T20:27:17
SN136,M036,21.0967,%,False,False,2024-08-30T16:29:39
SN031,M031,30.1911,A,False,False,2024-11-08T10:09:14
SN045,M045,4.5809,bar,False,False,2024-09-18T04:19:13
SN068,M018,2.8559,bar,False,False,2024-11-07T21:08:31
SN098,M048,8.7343,A,False,False,2024-04-08T06:53:34
SN086,M036,64.5706,%,False,False,2024-12-05T20:00:36
SN125,M025,24.9343,°C,False,False,2024-01-05T06:04:48
SN076,M026,76.5246,°C,False,False,2024-02-25T09:10:02
SN077,M027,41.653,A,False,False,2024-03-24T11:28:32
SN105,M005,5.9773,bar,False,False,2024-12-30T14:08:16
SN040,M040,47.8557,°C,False,False,2024-04-06T13:31:48
SN003,M003,2591.9971,RPM,False,False,2024-08-09T07:37:52
SN116,M016,73.4717,%,False,False,2024-09-30T11:46:06
SN016,M016,4.2946,mm/s,False,False,2024-10-22T13:27:14
SN115,M015,14.7745,mm/s,True,True,2024-04-24T00:57:36
SN063,M013,28.7087,%,False,False,2024-10-24T00:57:58
SN079,M029,3304.8533,RPM,True,True,2024-09-28T05:34:15
SN109,M009,69.3804,%,False,False,2024-09-28T19:39:20
SN137,M037,37.5142,A,False,False,2024-10-29T11:43:45
SN072,M022,11.0682,mm/s,False,False,2024-12-05T07:30:40
SN103,M003,775.1352,RPM,False,False,2024-12-06T15:55:13
SN131,M031,5.6457,A,False,False,2024-12-05T12:51:51
SN146,M046,52.646,%,False,False,2024-07-20T01:58:23
SN095,M045,33.8343,A,False,False,2024-06-08T15:51:32
SN039,M039,78.3644,°C,False,False,2024-03-30T15:24:30
SN110,M010,13.3529,mm/s,True,True,2024-06-29T00:59:50
SN136,M036,58.3376,%,False,False,2024-02-20T05:36:30
SN096,M046,54.4421,°C,False,False,2024-07-07T04:49:00
SN045,M045,1.4292,bar,False,False,2024-04-09T15:25:37
SN048,M048,43.5073,°C,False,False,2024-03-05T09:14:00
SN106,M006,2.0949,bar,False,False,2024-05-29T01:34:13
SN107,M007,2754.5204,RPM,False,False,2024-12-27T17:25:42
SN146,M046,31.5883,%,False,False,2024-12-12T15:04:43
SN089,M039,9.3748,bar,False,False,2024-12-18T21:31:19
SN040,M040,64.7871,°C,False,False,2024-11-03T05:49:27
SN141,M041,15.2293,A,False,False,2024-08-02T16:53:54
SN123,M023,18.9913,A,False,False,2024-07-18T21:59:03
SN119,M019,4.833,bar,False,False,2024-03-13T17:40:45
SN096,M046,46.3551,°C,False,False,2024-04-26T22:31:43
SN032,M032,51.9054,°C,False,False,2024-01-19T23:22:06
SN134,M034,38.3553,A,False,False,2024-12-13T15:59:17
SN064,M014,2.2816,mm/s,False,False,2024-07-24T00:12:00
SN049,M049,28.4758,A,False,False,2024-03-01T02:26:53
SN033,M033,0.3344,mm/s,False,False,2024-12-14T06:49:36
SN018,M018,2.3593,A,False,False,2024-09-12T15:05:44
SN120,M020,1.6735,mm/s,False,False,2024-08-27T14:17:41
SN018,M018,14.4856,A,False,False,2024-09-10T05:40:12
SN059,M009,41.359,A,False,False,2024-10-10T22:14:42
SN145,M045,3.4259,mm/s,False,False,2024-01-07T11:29:37
SN053,M003,54.9259,°C,False,False,2024-05-04T19:38:19
SN039,M039,71.2497,°C,False,False,2024-07-01T13:26:17
SN034,M034,11.6097,bar,True,True,2024-06-17T20:25:53
SN084,M034,1093.6716,RPM,False,False,2024-03-03T01:09:14
SN035,M035,0.5394,A,False,False,2024-08-29T04:55:45
SN039,M039,31.0961,°C,False,False,2024-05-10T19:31:00
SN060,M010,14.8137,mm/s,True,True,2024-06-14T16:26:38
SN110,M010,9.1246,mm/s,False,False,2024-08-29T17:03:03
SN067,M017,6.2737,bar,False,False,2024-02-18T14:02:18
SN146,M046,74.1871,%,False,False,2024-07-30T17:37:23
SN009,M009,2443.3235,RPM,False,False,2024-06-05T05:41:28
SN137,M037,0.2049,A,False,False,2024-07-03T00:40:38
SN094,M044,2665.4416,RPM,False,False,2024-06-23T04:58:28
SN105,M005,8.9598,bar,False,False,2024-06-16T05:36:29
SN147,M047,51.4591,%,False,False,2024-10-21T06:14:07
SN075,M025,20.4407,%,False,False,2024-04-06T06:40:39
SN079,M029,343.4705,RPM,False,False,2024-03-04T10:41:20
SN082,M032,1.6166,bar,False,False,2024-03-16T09:48:23
SN124,M024,14.9981,A,False,False,2024-06-06T04:06:59
SN025,M025,3402.3784,RPM,True,True,2024-07-11T13:49:31
SN051,M001,24.7995,%,False,False,2024-05-15T18:37:07
SN016,M016,0.9822,mm/s,False,False,2024-08-11T12:58:08
SN046,M046,417.8463,RPM,False,False,2024-05-09T12:41:13
SN150,M050,0.8092,mm/s,False,False,2024-03-18T00:03:57
SN133,M033,9.9734,A,False,False,2024-01-16T15:45:39
SN049,M049,8.7328,A,False,False,2024-04-24T03:33:46
SN080,M030,49.3803,%,False,False,2024-08-01T13:54:25
SN001,M001,49.973,°C,False,False,2024-01-10T23:17:12
SN114,M014,55.0127,%,False,False,2024-12-02T07:43:04
SN033,M033,3.5934,mm/s,False,False,2024-01-26T12:15:54
SN002,M002,50.8136,%,False,False,2024-05-04T19:13:29
SN020,M020,28.8943,A,False,False,2024-11-01T10:02:11
SN121,M021,2785.7526,RPM,False,False,2024-09-24T05:11:41
SN143,M043,46.3119,A,False,False,2024-02-04T21:15:41
SN124,M024,45.6481,A,False,False,2024-03-05T15:30:27
SN138,M038,24.7663,°C,False,False,2024-05-16T13:51:03
SN099,M049,36.7545,%,False,False,2024-08-22T23:10:53
SN019,M019,16.8158,A,False,False,2024-01-01T13:34:02
SN089,M039,7.3069,bar,False,False,2024-10-10T02:01:28
SN025,M025,2380.2283,RPM,False,False,2024-04-11T04:42:26
SN070,M020,1764.5905,RPM,False,False,2024-09-16T20:14:54
SN094,M044,1899.2555,RPM,False,False,2024-12-24T00:02:11
SN102,M002,56.6568,A,True,True,2024-07-02T14:46:03
SN001,M001,20.687,°C,False,False,2024-04-05T11:18:04
SN004,M004,39.3752,°C,False,False,2024-05-01T01:47:50
SN031,M031,46.7738,A,False,False,2024-10-22T14:20:03
SN064,M014,8.9885,mm/s,False,False,2024-07-31T00:27:08
SN039,M039,68.8595,°C,False,False,2024-01-10T08:56:30
SN054,M004,4.3461,bar,False,False,2024-03-03T06:16:40
SN011,M011,4.2379,mm/s,False,False,2024-11-14T18:06:34
SN140,M040,61.5829,°C,False,False,2024-04-18T05:41:00
SN006,M006,1522.4079,RPM,False,False,2024-01-05T20:01:11
SN039,M039,29.565,°C,False,False,2024-09-28T00:06:09
SN087,M037,2568.6922,RPM,False,False,2024-04-19T16:56:48
SN112,M012,588.9428,RPM,False,False,2024-03-20T02:50:32
SN061,M011,47.3478,%,False,False,2024-03-18T16:57:03
SN015,M015,6.1417,bar,False,False,2024-06-30T22:00:59
SN077,M027,0.9816,A,False,False,2024-12-18T14:05:00
SN130,M030,8.6878,mm/s,False,False,2024-11-22T09:23:25
SN111,M011,50.7145,°C,False,False,2024-08-23T00:07:08
SN143,M043,46.019,A,False,False,2024-08-19T16:32:12
SN044,M044,3528.8542,RPM,True,True,2024-02-15T15:02:04
SN024,M024,34.3371,A,False,False,2024-09-26T00:57:02
SN073,M023,3.7459,A,False,False,2024-03-18T13:15:56
SN038,M038,17.9822,A,False,False,2024-02-07T09:06:04
SN086,M036,56.2572,%,False,False,2024-08-05T19:45:16
SN013,M013,7.8029,bar,False,False,2024-04-03T13:59:32
SN048,M048,26.7699,°C,False,False,2024-09-11T20:12:23
SN104,M004,62.4332,A,True,True,2024-11-06T04:36:48
SN041,M041,39.0475,°C,False,False,2024-08-21T06:10:52
SN121,M021,1356.7391,RPM,False,False,2024-04-15T21:09:33
SN094,M044,844.3578,RPM,False,False,2024-10-09T02:37:38
SN015,M015,6.7706,bar,False,False,2024-09-20T15:54:52
SN036,M036,42.5315,A,False,False,2024-02-01T00:59:07
SN114,M014,38.9475,%,False,False,2024-10-16T16:16:18
SN019,M019,27.184,A,False,False,2024-10-10T04:35:12
SN063,M013,47.5902,%,False,False,2024-11-03T20:14:24
SN125,M025,80.6165,°C,False,False,2024-02-21T08:51:02
SN105,M005,3.7771,bar,False,False,2024-10-21T17:52:19
SN148,M048,20.1818,%,False,False,2024-03-31T03:13:39
SN004,M004,43.3503,°C,False,False,2024-10-14T08:01:27
SN137,M037,6.1626,A,False,False,2024-07-07T19:21:23
SN143,M043,0.282,A,False,False,2024-12-18T04:27:00
SN100,M050,0.552,mm/s,False,False,2024-12-26T10:45:52
SN014,M014,1.353,bar,False,False,2024-06-02T17:12:51
SN062,M012,23.8365,RPM,False,False,2024-01-18T02:15:58
SN034,M034,8.5403,bar,False,False,2024-02-04T01:42:11
SN110,M010,0.0914,mm/s,False,False,2024-07-30T15:56:31
SN031,M031,53.4881,A,True,True,2024-01-18T00:15:42
SN031,M031,2.7884,A,False,False,2024-10-14T16:34:09
SN061,M011,29.3771,%,False,False,2024-02-22T12:40:25
SN006,M006,966.0543,RPM,False,False,2024-09-24T09:50:25
SN052,M002,4.9106,bar,False,False,2024-05-24T02:13:34
SN146,M046,59.1334,%,False,False,2024-03-30T19:32:52
SN029,M029,73.9969,%,False,False,2024-06-01T09:38:56
SN011,M011,14.2178,mm/s,True,True,2024-06-16T03:27:37
SN012,M012,2755.973,RPM,False,False,2024-05-15T11:12:32
SN127,M027,7.5421,mm/s,False,False,2024-04-10T02:46:22
SN070,M020,1683.0272,RPM,False,False,2024-02-23T05:30:44
SN012,M012,2129.4249,RPM,False,False,2024-08-22T22:46:29
SN073,M023,43.9721,A,False,False,2024-03-28T10:21:17
SN132,M032,1588.6981,RPM,False,False,2024-09-01T21:49:13
SN144,M044,53.2925,°C,False,False,2024-05-31T04:26:33
SN090,M040,54.6752,%,False,False,2024-04-20T01:25:08
SN073,M023,18.9115,A,False,False,2024-06-06T17:32:25
SN041,M041,56.2749,°C,False,False,2024-09-23T08:23:14
SN095,M045,23.4329,A,False,False,2024-07-11T06:07:18
SN014,M014,4.4629,bar,False,False,2024-01-05T16:30:56
SN061,M011,46.7495,%,False,False,2024-11-10T21:45:49
SN108,M008,3.5294,mm/s,False,False,2024-06-13T07:10:43
SN008,M008,844.5482,RPM,False,False,2024-12-01T10:11:59
SN040,M040,74.7842,°C,False,False,2024-06-06T17:10:23
SN005,M005,16.7827,A,False,False,2024-01-25T10:09:25
SN094,M044,77.4434,RPM,False,False,2024-05-25T10:12:33
SN051,M001,24.4443,%,False,False,2024-03-30T11:28:43
SN024,M024,38.4258,A,False,False,2024-05-02T17:38:40
SN109,M009,54.4896,%,False,False,2024-08-10T04:11:13
SN016,M016,2.0434,mm/s,False,False,2024-04-27T08:54:51
SN020,M020,28.0597,A,False,False,2024-04-29T10:57:12
SN114,M014,23.7082,%,False,False,2024-05-25T18:45:34
SN068,M018,4.1056,bar,False,False,2024-02-07T16:47:36
SN082,M032,9.3939,bar,False,False,2024-06-30T13:46:20
SN150,M050,8.2386,mm/s,False,False,2024-02-17T19:27:07
SN147,M047,25.2369,%,False,False,2024-09-06T17:03:42
SN135,M035,52.2897,°C,False,False,2024-06-17T19:57:05
SN077,M027,19.2192,A,False,False,2024-03-24T10:09:23
SN110,M010,10.091,mm/s,False,False,2024-08-03T01:07:41
SN061,M011,41.1086,%,False,False,2024-08-23T20:11:47
SN127,M027,7.6443,mm/s,False,False,2024-06-27T15:34:02
SN102,M002,0.3285,A,False,False,2024-09-23T16:10:46
SN120,M020,12.7526,mm/s,True,True,2024-04-04T07:52:28
SN123,M023,38.0612,A,False,False,2024-02-04T10:45:51
SN139,M039,71.974,°C,False,False,2024-11-08T21:46:04
SN026,M026,7.7873,A,False,False,2024-08-22T08:44:52
SN093,M043,11.49,A,False,False,2024-03-14T15:42:02
SN037,M037,28.676,A,False,False,2024-07-05T01:08:38
SN055,M005,2.1327,bar,False,False,2024-08-07T15:03:03
SN104,M004,1.8961,A,False,False,2024-12-03T07:43:33
SN144,M044,39.5712,°C,False,False,2024-10-23T08:28:56
SN042,M042,76.7874,°C,False,False,2024-12-13T21:10:37
SN118,M018,9.7979,mm/s,False,False,2024-09-10T11:59:07
SN048,M048,46.6872,°C,False,False,2024-12-22T16:32:20
SN061,M011,66.4466,%,False,False,2024-03-27T22:17:15
SN137,M037,30.956,A,False,False,2024-01-19T03:35:36
SN035,M035,8.6621,A,False,False,2024-08-11T09:32:51
SN025,M025,2825.9896,RPM,False,False,2024-01-26T08:15:17
SN109,M009,34.9309,%,False,False,2024-11-06T01:24:21
SN045,M045,3.4933,bar,False,False,2024-03-23T11:52:39
SN077,M027,3.3536,A,False,False,2024-08-17T12:25:21
SN135,M035,56.9426,°C,False,False,2024-11-06T13:42:05
SN124,M024,15.2514,A,False,False,2024-02-02T15:54:12
SN085,M035,7.8665,mm/s,False,False,2024-02-19T06:12:47
SN100,M050,10.5562,mm/s,False,False,2024-05-05T16:14:24
SN112,M012,1736.6527,RPM,False,False,2024-01-27T23:13:41
SN052,M002,2.8797,bar,False,False,2024-01-12T10:32:07
SN001,M001,43.8959,°C,False,False,2024-04-20T10:17:48
SN063,M013,30.1345,%,False,False,2024-10-27T09:08:24
SN111,M011,64.0259,°C,False,False,2024-02-28T11:12:27
SN033,M033,5.3288,mm/s,False,False,2024-03-25T19:06:46
SN053,M003,45.1607,°C,False,False,2024-10-08T22:35:31
SN130,M030,0.385,mm/s,False,False,2024-06-03T17:35:50
SN103,M003,2080.8228,RPM,False,False,2024-01-11T23:33:43
SN114,M014,103.3612,%,True,True,2024-01-21T08:01:48
SN061,M011,22.2632,%,False,False,2024-08-26T14:16:30
SN081,M031,52.9742,%,False,False,2024-04-28T03:40:49
SN035,M035,4.0287,A,False,False,2024-11-16T01:05:25
SN010,M010,71.8161,%,False,False,2024-04-25T13:00:18
SN014,M014,5.2165,bar,False,False,2024-01-08T04:27:25
SN112,M012,2162.0407,RPM,False,False,2024-07-15T15:25:36
SN043,M043,4.7908,mm/s,False,False,2024-05-24T04:18:11
SN146,M046,75.1417,%,False,False,2024-06-15T21:05:36
SN041,M041,87.4822,°C,True,True,2024-10-01T09:52:55
SN104,M004,24.1469,A,False,False,2024-05-18T13:53:53
SN104,M004,37.7845,A,False,False,2024-06-08T20:36:17
SN019,M019,21.2713,A,False,False,2024-05-02T08:35:02
SN125,M025,32.6886,°C,False,False,2024-07-22T00:05:26
SN056,M006,6.9414,bar,False,False,2024-08-09T15:36:58
SN125,M025,70.9476,°C,False,False,2024-10-01T23:40:01
SN072,M022,6.819,mm/s,False,False,2024-01-31T01:17:50
SN066,M016,2012.2873,RPM,False,False,2024-06-14T22:15:08
SN009,M009,1767.6294,RPM,False,False,2024-05-02T07:57:26
SN081,M031,97.6394,%,True,True,2024-09-29T16:58:50
SN054,M004,4.544,bar,False,False,2024-12-04T19:17:41
SN112,M012,363.5431,RPM,False,False,2024-10-16T10:42:50
SN057,M007,12.2198,A,False,False,2024-05-27T23:14:00
SN026,M026,7.4551,A,False,False,2024-07-31T20:13:15
SN150,M050,10.0379,mm/s,False,False,2024-11-08T20:33:52
SN020,M020,43.2359,A,False,False,2024-05-07T23:34:31
SN074,M024,3.8696,mm/s,False,False,2024-04-07T15:56:35
SN005,M005,51.8422,A,True,True,2024-09-23T01:11:04
SN116,M016,65.7853,%,False,False,2024-12-22T23:37:24
SN042,M042,31.7313,°C,False,False,2024-08-17T17:54:36
SN136,M036,39.9242,%,False,False,2024-07-12T06:58:19
SN077,M027,42.2514,A,False,False,2024-09-04T09:02:12
SN042,M042,63.4443,°C,False,False,2024-10-16T22:06:03
SN130,M030,0.732,mm/s,False,False,2024-07-18T09:09:30
SN129,M029,79.5391,%,False,False,2024-02-20T00:12:12
SN053,M003,59.0598,°C,False,False,2024-09-09T00:28:49
SN124,M024,31.2201,A,False,False,2024-11-25T06:15:20
SN075,M025,54.2013,%,False,False,2024-05-29T07:03:03
SN020,M020,9.4966,A,False,False,2024-10-07T21:59:10
SN066,M016,1054.722,RPM,False,False,2024-04-28T19:38:09
SN120,M020,6.5545,mm/s,False,False,2024-07-27T08:21:26
SN070,M020,2146.1593,RPM,False,False,2024-05-06T01:11:11
SN132,M032,1264.8949,RPM,False,False,2024-04-14T14:25:34
SN146,M046,45.3367,%,False,False,2024-12-09T03:41:36
SN139,M039,20.2252,°C,False,False,2024-08-29T03:09:55
SN114,M014,45.8706,%,False,False,2024-02-16T08:14:17
SN013,M013,1.5045,bar,False,False,2024-12-07T18:43:31
SN037,M037,18.2491,A,False,False,2024-02-21T10:08:11
SN002,M002,41.1337,%,False,False,2024-12-15T20:42:06
SN082,M032,6.8173,bar,False,False,2024-06-06T19:28:31
SN072,M022,7.5868,mm/s,False,False,2024-07-22T00:16:33
SN103,M003,2142.0825,RPM,False,False,2024-05-19T05:13:08
SN127,M027,11.2997,mm/s,False,False,2024-03-07T20:32:04
SN066,M016,782.6019,RPM,False,False,2024-01-03T15:50:00
SN014,M014,4.7945,bar,False,False,2024-07-21T08:15:13
SN107,M007,2439.1329,RPM,False,False,2024-04-23T01:54:08
SN015,M015,4.5251,bar,False,False,2024-05-17T01:16:06
SN066,M016,438.6328,RPM,False,False,2024-12-12T07:56:13
SN066,M016,741.0345,RPM,False,False,2024-10-25T23:25:51
SN132,M032,1346.0819,RPM,False,False,2024-04-24T23:54:32
SN002,M002,75.546,%,False,False,2024-03-19T08:08:02
SN052,M002,8.7533,bar,False,False,2024-06-14T08:44:57
SN005,M005,11.0856,A,False,False,2024-05-03T14:33:37
SN121,M021,2081.0408,RPM,False,False,2024-06-24T18:52:00
SN006,M006,1163.3964,RPM,False,False,2024-01-18T16:51:13
SN077,M027,12.7196,A,False,False,2024-12-21T20:35:59
SN055,M005,4.4953,bar,False,False,2024-03-08T07:49:05
SN012,M012,948.436,RPM,False,False,2024-01-19T20:09:30
SN139,M039,52.4815,°C,False,False,2024-01-12T19:19:07
SN072,M022,2.4235,mm/s,False,False,2024-09-16T09:57:48
SN149,M049,101.7566,°C,True,True,2024-09-04T18:18:42
SN017,M017,5.4222,mm/s,False,False,2024-07-07T06:34:44
SN148,M048,28.8379,%,False,False,2024-04-15T22:05:00
SN087,M037,1582.4302,RPM,False,False,2024-02-12T12:45:43
SN054,M004,6.1798,bar,False,False,2024-07-23T12:31:02
SN004,M004,75.5482,°C,False,False,2024-06-29T05:09:14
SN053,M003,66.782,°C,False,False,2024-10-18T23:12:35
SN126,M026,1451.9024,RPM,False,False,2024-01-06T11:59:15
SN147,M047,61.9344,%,False,False,2024-03-27T12:23:08
SN147,M047,21.2339,%,False,False,2024-05-10T19:02:21
SN150,M050,8.6785,mm/s,False,False,2024-01-18T12:53:50
SN036,M036,20.5293,A,False,False,2024-03-06T11:20:00
SN065,M015,30.907,A,False,False,2024-11-10T02:01:24
SN012,M012,2762.9237,RPM,False,False,2024-05-17T09:24:53
SN136,M036,69.9573,%,False,False,2024-05-08T23:36:56
SN134,M034,39.9728,A,False,False,2024-01-07T19:41:30
SN120,M020,3.5588,mm/s,False,False,2024-01-16T20:55:36
SN059,M009,35.3448,A,False,False,2024-09-15T06:08:11
SN118,M018,6.0715,mm/s,False,False,2024-06-27T18:04:55
SN093,M043,45.3942,A,False,False,2024-02-14T03:33:47
SN080,M030,78.9077,%,False,False,2024-10-13T12:55:32
SN069,M019,6.8373,bar,False,False,2024-10-07T06:07:16
SN041,M041,50.4273,°C,False,False,2024-10-20T01:31:04
SN034,M034,3.72,bar,False,False,2024-09-06T02:10:03
SN134,M034,33.0757,A,False,False,2024-11-09T00:17:11
SN071,M021,1197.8112,RPM,False,False,2024-04-05T00:42:00
SN057,M007,42.3463,A,False,False,2024-01-13T02:08:01
SN093,M043,17.8953,A,False,False,2024-08-29T20:04:59
SN072,M022,4.7879,mm/s,False,False,2024-07-05T15:11:44
SN075,M025,33.741,%,False,False,2024-11-25T20:06:38
SN114,M014,20.163,%,False,False,2024-06-05T10:52:54
SN047,M047,2.4355,mm/s,False,False,2024-09-06T10:07:30
SN023,M023,9.3447,bar,False,False,2024-07-24T16:31:09
SN024,M024,23.781,A,False,False,2024-04-24T12:40:37
SN038,M038,39.1081,A,False,False,2024-11-15T02:49:14
SN088,M038,45.1699,°C,False,False,2024-08-01T02:48:28
SN006,M006,2644.3755,RPM,False,False,2024-04-01T11:38:22
SN035,M035,6.8596,A,False,False,2024-09-10T21:30:58
SN122,M022,29.672,A,False,False,2024-08-12T23:12:06
SN007,M007,41.9854,A,False,False,2024-03-29T13:06:16
SN121,M021,1633.6453,RPM,False,False,2024-01-14T22:43:12
SN110,M010,3.1092,mm/s,False,False,2024-11-06T11:26:38
SN139,M039,47.2173,°C,False,False,2024-09-17T15:05:39
SN142,M042,1328.144,RPM,False,False,2024-06-22T10:52:34
SN149,M049,35.764,°C,False,False,2024-08-31T13:10:52
SN114,M014,40.5644,%,False,False,2024-03-19T15:40:12
SN135,M035,69.7265,°C,False,False,2024-12-01T21:24:14
SN140,M040,61.6436,°C,False,False,2024-11-23T09:15:48
SN116,M016,50.3114,%,False,False,2024-01-26T18:02:37
SN091,M041,39.4646,°C,False,False,2024-08-21T23:58:10
SN015,M015,3.5712,bar,False,False,2024-07-17T00:52:16
SN100,M050,9.4252,mm/s,False,False,2024-03-22T14:15:15
SN130,M030,5.8337,mm/s,False,False,2024-06-08T15:01:47
SN053,M003,72.3206,°C,False,False,2024-01-07T13:27:54
SN123,M023,7.1695,A,False,False,2024-08-18T13:28:42
SN103,M003,514.1591,RPM,False,False,2024-12-29T08:55:44
SN008,M008,951.158,RPM,False,False,2024-02-04T06:13:49
SN141,M041,25.9741,A,False,False,2024-03-01T01:46:50
SN146,M046,55.3713,%,False,False,2024-09-06T22:33:27
SN100,M050,8.9392,mm/s,False,False,2024-02-08T04:08:33
SN131,M031,38.7353,A,False,False,2024-01-11T07:29:27
SN126,M026,3337.2351,RPM,True,True,2024-10-04T18:47:12
SN010,M010,23.0834,%,False,False,2024-08-15T15:11:13
SN034,M034,7.6244,bar,False,False,2024-08-16T22:20:56
SN143,M043,26.2808,A,False,False,2024-12-12T23:42:09
SN060,M010,10.3203,mm/s,False,False,2024-07-17T14:24:55
SN112,M012,1731.295,RPM,False,False,2024-06-25T08:43:06
SN012,M012,901.121,RPM,False,False,2024-06-12T09:25:25
SN126,M026,1456.4426,RPM,False,False,2024-06-09T16:34:33
SN133,M033,41.089,A,False,False,2024-03-15T04:19:55
SN087,M037,1271.3595,RPM,False,False,2024-11-06T19:57:06
SN125,M025,64.9389,°C,False,False,2024-10-24T11:05:54
SN044,M044,1875.8705,RPM,False,False,2024-12-07T16:49:09
SN056,M006,3.7988,bar,False,False,2024-09-02T11:50:16
SN011,M011,8.751,mm/s,False,False,2024-06-19T20:53:41
SN009,M009,1834.5662,RPM,False,False,2024-07-22T19:28:05
SN123,M023,32.0863,A,False,False,2024-10-14T01:23:01
SN057,M007,33.7681,A,False,False,2024-04-18T19:14:58
SN068,M018,11.0456,bar,True,True,2024-07-16T17:09:49
SN138,M038,79.0404,°C,False,False,2024-04-30T22:06:59
SN017,M017,5.5107,mm/s,False,False,2024-01-20T23:08:27
SN027,M027,44.4699,A,False,False,2024-09-08T17:26:37
SN083,M033,2.2624,mm/s,False,False,2024-07-27T01:35:26
SN114,M014,61.1199,%,False,False,2024-06-01T20:05:43
SN137,M037,35.3236,A,False,False,2024-08-14T07:53:49
SN113,M013,5.1338,mm/s,False,False,2024-06-22T08:49:49
SN138,M038,73.6107,°C,False,False,2024-03-31T03:31:20
SN078,M028,61.1054,%,False,False,2024-05-18T16:58:37
SN110,M010,3.0028,mm/s,False,False,2024-07-02T16:56:49
SN148,M048,21.6205,%,False,False,2024-10-22T15:40:04
SN060,M010,4.8251,mm/s,False,False,2024-11-28T12:35:36
SN110,M010,9.2842,mm/s,False,False,2024-01-26T18:50:01
SN111,M011,28.1838,°C,False,False,2024-05-04T00:04:23
SN123,M023,23.6839,A,False,False,2024-09-14T01:24:12
SN054,M004,4.0181,bar,False,False,2024-07-12T11:44:31
SN094,M044,2613.44,RPM,False,False,2024-08-21T13:38:25
SN038,M038,11.0923,A,False,False,2024-07-16T16:38:00
SN101,M001,67.0219,°C,False,False,2024-03-21T22:13:02
SN010,M010,74.3562,%,False,False,2024-05-08T17:07:15
SN144,M044,62.8422,°C,False,False,2024-04-28T04:16:46
SN042,M042,33.7762,°C,False,False,2024-03-08T23:35:14
SN077,M027,40.5905,A,False,False,2024-10-12T23:38:01
SN096,M046,41.0778,°C,False,False,2024-10-13T22:43:54
SN066,M016,1661.7722,RPM,False,False,2024-11-05T13:28:56
SN100,M050,13.5277,mm/s,True,True,2024-03-21T12:12:46
SN077,M027,18.2543,A,False,False,2024-07-01T21:30:14
SN066,M016,2072.393,RPM,False,False,2024-05-14T03:08:46
SN147,M047,38.565,%,False,False,2024-02-01T23:22:52
SN125,M025,76.6124,°C,False,False,2024-12-26T19:43:33
SN030,M030,5.0383,mm/s,False,False,2024-05-10T17:59:34
SN004,M004,74.5268,°C,False,False,2024-01-30T20:58:13
SN132,M032,1152.7951,RPM,False,False,2024-08-02T07:15:18
SN019,M019,44.7826,A,False,False,2024-12-12T02:57:43
SN026,M026,36.2524,A,False,False,2024-11-21T08:38:55
SN071,M021,1101.8213,RPM,False,False,2024-12-11T09:25:42
SN015,M015,3.1687,bar,False,False,2024-08-06T10:26:20
SN053,M003,69.2598,°C,False,False,2024-04-21T18:30:17
SN007,M007,6.1019,A,False,False,2024-11-10T17:08:53
SN033,M033,3.2902,mm/s,False,False,2024-09-04T08:32:33
SN062,M012,2196.354,RPM,False,False,2024-01-12T03:14:25
SN039,M039,71.804,°C,False,False,2024-05-15T02:29:05
SN008,M008,1840.5575,RPM,False,False,2024-05-29T07:31:40
SN048,M048,74.1095,°C,False,False,2024-06-10T09:49:22
SN097,M047,5.8479,A,False,False,2024-10-16T19:35:58
SN097,M047,19.6585,A,False,False,2024-01-31T06:38:07
SN001,M001,39.0419,°C,False,False,2024-06-02T01:48:11
SN062,M012,2312.227,RPM,False,False,2024-12-23T23:02:49
SN009,M009,2419.7344,RPM,False,False,2024-02-19T17:06:06
SN035,M035,46.4953,A,False,False,2024-04-14T08:08:17
SN140,M040,104.288,°C,True,True,2024-03-22T01:45:14
SN113,M013,6.3125,mm/s,False,False,2024-12-12T01:41:04
SN108,M008,7.036,mm/s,False,False,2024-01-07T06:29:09
SN025,M025,1289.1676,RPM,False,False,2024-01-29T00:38:36
SN084,M034,867.6229,RPM,False,False,2024-11-12T05:22:59
SN104,M004,13.9539,A,False,False,2024-08-27T12:49:09
SN043,M043,8.8563,mm/s,False,False,2024-05-16T02:32:28
SN017,M017,9.7067,mm/s,False,False,2024-12-18T14:51:11
SN093,M043,14.5906,A,False,False,2024-12-03T07:30:26
SN097,M047,5.2271,A,False,False,2024-05-29T00:37:25
SN064,M014,1.4619,mm/s,False,False,2024-03-25T17:38:03
SN018,M018,37.159,A,False,False,2024-05-18T12:43:26
SN098,M048,30.101,A,False,False,2024-05-18T06:18:01
SN150,M050,7.2887,mm/s,False,False,2024-07-07T17:32:46
SN113,M013,10.0411,mm/s,False,False,2024-11-11T07:23:22
SN024,M024,2.1366,A,False,False,2024-03-25T00:21:33
SN141,M041,46.2081,A,False,False,2024-10-15T12:48:22
SN086,M036,67.7238,%,False,False,2024-03-21T21:22:07
SN070,M020,2637.2749,RPM,False,False,2024-04-09T08:23:47
SN141,M041,6.6824,A,False,False,2024-07-26T04:04:06
SN138,M038,20.0482,°C,False,False,2024-07-01T01:44:15
SN062,M012,188.3983,RPM,False,False,2024-12-25T07:02:11
SN093,M043,34.7327,A,False,False,2024-09-27T04:55:14
SN022,M022,1374.2749,RPM,False,False,2024-08-13T08:24:42
SN051,M001,26.0781,%,False,False,2024-04-11T06:02:02
SN118,M018,5.3187,mm/s,False,False,2024-11-15T23:17:59
SN082,M032,2.1391,bar,False,False,2024-09-24T06:31:23
SN003,M003,1662.0142,RPM,False,False,2024-04-20T20:15:34
SN063,M013,62.6164,%,False,False,2024-06-14T00:35:46
SN025,M025,147.5374,RPM,False,False,2024-07-24T04:27:10
SN096,M046,23.6313,°C,False,False,2024-10-07T19:39:22
SN138,M038,34.7749,°C,False,False,2024-05-01T04:14:08
SN053,M003,39.7178,°C,False,False,2024-12-30T09:45:52
SN017,M017,4.9377,mm/s,False,False,2024-07-26T17:15:46
SN106,M006,1.883,bar,False,False,2024-11-06T18:17:25
SN004,M004,53.3216,°C,False,False,2024-08-01T03:07:05
SN117,M017,7.0126,mm/s,False,False,2024-06-06T10:30:02
SN135,M035,38.2974,°C,False,False,2024-05-08T10:03:13
SN117,M017,4.6346,mm/s,False,False,2024-07-31T18:56:47
SN001,M001,45.9897,°C,False,False,2024-08-12T13:05:04
SN051,M001,72.9656,%,False,False,2024-01-29T00:02:21
SN096,M046,30.8868,°C,False,False,2024-10-15T13:41:25
SN051,M001,92.4881,%,True,True,2024-03-12T17:24:00
SN050,M050,10.9319,mm/s,False,False,2024-06-16T16:04:56
SN086,M036,65.2856,%,False,False,2024-05-10T03:42:18
SN005,M005,43.4868,A,False,False,2024-02-23T15:14:08
SN044,M044,272.3928,RPM,False,False,2024-04-22T08:14:55
SN040,M040,94.6932,°C,True,True,2024-01-15T05:46:20
SN027,M027,12.1645,A,False,False,2024-10-13T19:38:53
SN145,M045,1.0881,mm/s,False,False,2024-11-29T23:00:02
SN103,M003,712.069,RPM,False,False,2024-11-25T15:25:54
SN133,M033,6.445,A,False,False,2024-02-23T01:29:04
SN072,M022,14.9758,mm/s,True,True,2024-03-31T03:23:44
SN034,M034,2.4969,bar,False,False,2024-05-24T15:22:33
SN097,M047,1.3077,A,False,False,2024-09-14T13:59:00
SN012,M012,324.5346,RPM,False,False,2024-03-21T16:13:34
SN066,M016,595.8663,RPM,False,False,2024-08-11T15:33:14
SN026,M026,30.4828,A,False,False,2024-05-21T05:09:28
SN047,M047,10.8911,mm/s,False,False,2024-02-15T08:07:49
SN055,M005,7.23,bar,False,False,2024-04-08T16:58:14
SN086,M036,46.9677,%,False,False,2024-04-20T00:37:26
SN086,M036,39.9303,%,False,False,2024-07-13T09:54:18
SN103,M003,2291.8481,RPM,False,False,2024-08-24T16:07:50
SN114,M014,20.326,%,False,False,2024-04-12T09:56:41
SN150,M050,4.8951,mm/s,False,False,2024-04-13T22:25:27
SN045,M045,7.2023,bar,False,False,2024-08-14T13:09:11
SN092,M042,69.1482,%,False,False,2024-09-04T06:04:37
SN122,M022,41.1811,A,False,False,2024-04-04T04:17:29
SN071,M021,1567.9174,RPM,False,False,2024-08-30T18:13:44
SN093,M043,22.4151,A,False,False,2024-03-31T02:53:38
SN092,M042,70.723,%,False,False,2024-05-09T22:46:32
SN046,M046,2798.2339,RPM,False,False,2024-06-06T00:12:06
SN095,M045,26.7292,A,False,False,2024-01-26T18:17:36
SN069,M019,8.6264,bar,False,False,2024-03-02T05:55:37
SN095,M045,41.436,A,False,False,2024-07-17T09:54:19
SN016,M016,4.7487,mm/s,False,False,2024-04-26T13:33:58
SN027,M027,37.1809,A,False,False,2024-05-23T11:44:47
SN057,M007,40.3273,A,False,False,2024-09-28T01:32:39
SN095,M045,41.7125,A,False,False,2024-10-28T22:24:10
SN070,M020,1122.3491,RPM,False,False,2024-10-06T11:53:46
SN082,M032,3.8735,bar,False,False,2024-08-05T22:41:52
SN149,M049,62.5074,°C,False,False,2024-06-07T08:14:44
SN033,M033,10.0399,mm/s,False,False,2024-08-11T22:10:40
SN142,M042,2131.6223,RPM,False,False,2024-02-29T20:16:42
SN075,M025,79.6563,%,False,False,2024-10-20T04:54:25
SN100,M050,6.7532,mm/s,False,False,2024-04-25T15:47:33
SN027,M027,3.8853,A,False,False,2024-09-05T22:07:15
SN118,M018,7.9554,mm/s,False,False,2024-06-11T11:17:00
SN051,M001,55.8319,%,False,False,2024-03-28T05:28:31
SN083,M033,10.7181,mm/s,False,False,2024-04-21T07:29:04
SN106,M006,5.2518,bar,False,False,2024-06-15T16:06:58
SN064,M014,0.2979,mm/s,False,False,2024-10-31T18:47:38
SN026,M026,25.574,A,False,False,2024-04-24T23:14:49
SN145,M045,7.2836,mm/s,False,False,2024-08-27T04:42:27
SN140,M040,24.6877,°C,False,False,2024-02-07T08:28:35
SN091,M041,60.934,°C,False,False,2024-07-13T05:12:18
SN022,M022,2556.2711,RPM,False,False,2024-07-19T02:39:20
SN051,M001,25.7892,%,False,False,2024-04-05T02:06:12
SN006,M006,593.4249,RPM,False,False,2024-02-20T19:07:56
SN098,M048,32.8288,A,False,False,2024-10-27T23:40:06
SN002,M002,37.9385,%,False,False,2024-08-26T06:39:00
SN109,M009,82.8096,%,False,False,2024-12-17T00:21:42
SN005,M005,6.6471,A,False,False,2024-10-11T05:56:48
SN071,M021,335.8002,RPM,False,False,2024-02-17T13:39:11
SN074,M024,2.2396,mm/s,False,False,2024-10-25T08:16:15
SN077,M027,20.996,A,False,False,2024-03-12T10:28:40
SN083,M033,9.5569,mm/s,False,False,2024-10-17T18:03:57
SN149,M049,58.4447,°C,False,False,2024-05-30T22:01:06
SN076,M026,44.6317,°C,False,False,2024-12-22T04:33:39
SN049,M049,21.8505,A,False,False,2024-10-17T12:20:33
SN150,M050,6.7104,mm/s,False,False,2024-12-15T05:52:52
SN077,M027,55.5472,A,True,True,2024-08-10T09:33:15
SN068,M018,6.652,bar,False,False,2024-09-16T08:03:48
SN029,M029,47.0915,%,False,False,2024-12-19T19:32:17
SN099,M049,57.1488,%,False,False,2024-02-04T08:14:18
SN105,M005,6.714,bar,False,False,2024-06-08T21:15:55
SN141,M041,15.6102,A,False,False,2024-08-21T01:10:22
SN029,M029,111.5878,%,True,True,2024-02-11T17:22:39
SN044,M044,2204.0685,RPM,False,False,2024-01-11T16:41:25
SN030,M030,8.1899,mm/s,False,False,2024-08-08T11:13:17
SN070,M020,96.579,RPM,False,False,2024-10-19T23:03:26
SN021,M021,660.1279,RPM,False,False,2024-04-15T14:15:44
SN056,M006,6.66,bar,False,False,2024-11-19T14:16:24
SN124,M024,9.7431,A,False,False,2024-09-23T06:43:54
SN071,M021,286.114,RPM,False,False,2024-01-18T16:56:02
SN145,M045,7.8815,mm/s,False,False,2024-02-04T09:54:48
SN016,M016,9.8607,mm/s,False,False,2024-07-10T16:54:26
SN056,M006,12.4861,bar,True,True,2024-12-18T21:47:18
SN140,M040,44.3277,°C,False,False,2024-04-19T21:03:33
SN149,M049,55.8616,°C,False,False,2024-09-12T10:09:22
SN022,M022,135.5478,RPM,False,False,2024-04-30T23:51:40
SN042,M042,22.3481,°C,False,False,2024-07-24T16:34:23
SN144,M044,45.3467,°C,False,False,2024-06-10T22:39:48
SN031,M031,25.8538,A,False,False,2024-01-13T19:23:57
SN019,M019,28.6055,A,False,False,2024-04-05T17:03:36
SN075,M025,82.5376,%,False,False,2024-10-25T22:12:05
SN052,M002,8.6102,bar,False,False,2024-12-28T22:29:50
SN085,M035,2.9769,mm/s,False,False,2024-03-01T13:25:55
SN016,M016,2.2513,mm/s,False,False,2024-06-14T05:38:27
SN016,M016,6.4464,mm/s,False,False,2024-09-17T16:58:04
SN025,M025,2676.7525,RPM,False,False,2024-08-17T18:50:29
SN026,M026,25.8184,A,False,False,2024-01-23T19:41:21
SN021,M021,1369.5744,RPM,False,False,2024-11-28T03:09:36
SN023,M023,1.9861,bar,False,False,2024-12-06T13:20:51
SN035,M035,4.6437,A,False,False,2024-09-21T19:15:27
SN080,M030,73.5078,%,False,False,2024-02-22T13:38:06
SN078,M028,63.82,%,False,False,2024-01-02T16:09:16
SN042,M042,51.6358,°C,False,False,2024-11-07T20:32:31
SN023,M023,2.0135,bar,False,False,2024-11-22T08:56:05
SN137,M037,30.02,A,False,False,2024-05-03T03:42:53
SN035,M035,44.3596,A,False,False,2024-01-30T03:49:24
SN055,M005,5.0497,bar,False,False,2024-07-17T02:15:24
SN095,M045,13.9918,A,False,False,2024-06-15T11:48:15
SN049,M049,11.345,A,False,False,2024-11-02T06:27:09
SN021,M021,3499.635,RPM,True,True,2024-04-27T03:43:33
SN029,M029,44.8213,%,False,False,2024-10-30T21:01:53
SN148,M048,31.0904,%,False,False,2024-09-06T02:25:32
SN039,M039,37.2505,°C,False,False,2024-01-19T14:19:18
SN020,M020,3.9141,A,False,False,2024-05-10T07:13:49
SN056,M006,4.4932,bar,False,False,2024-09-14T15:53:24
SN111,M011,31.2719,°C,False,False,2024-01-26T19:09:57
SN105,M005,7.9203,bar,False,False,2024-05-10T22:19:38
SN043,M043,2.0007,mm/s,False,False,2024-09-11T18:15:06
SN128,M028,2546.2504,RPM,False,False,2024-01-01T18:47:45
SN036,M036,13.4423,A,False,False,2024-10-06T21:04:28
SN017,M017,5.3186,mm/s,False,False,2024-07-29T19:17:42
SN071,M021,2607.4691,RPM,False,False,2024-05-19T09:04:44
SN110,M010,3.2185,mm/s,False,False,2024-08-09T10:46:16
SN057,M007,1.4547,A,False,False,2024-02-11T03:40:58
SN088,M038,41.133,°C,False,False,2024-09-14T15:24:39
SN103,M003,1037.5758,RPM,False,False,2024-07-15T01:41:24
SN076,M026,71.7431,°C,False,False,2024-03-12T13:09:40
SN115,M015,0.9852,mm/s,False,False,2024-03-01T14:36:22
SN100,M050,8.6688,mm/s,False,False,2024-05-20T10:35:31
SN104,M004,12.3021,A,False,False,2024-12-05T09:56:30
SN003,M003,1890.51,RPM,False,False,2024-02-02T05:38:42
SN076,M026,59.725,°C,False,False,2024-04-16T14:06:01
SN029,M029,20.3336,%,False,False,2024-11-13T20:09:02
SN097,M047,45.3967,A,False,False,2024-06-12T11:48:41
SN047,M047,8.977,mm/s,False,False,2024-07-17T19:43:55
SN114,M014,26.7208,%,False,False,2024-01-02T23:59:01
SN001,M001,79.5633,°C,False,False,2024-06-08T22:43:14
SN105,M005,1.5015,bar,False,False,2024-04-15T14:41:44
SN026,M026,25.4742,A,False,False,2024-01-03T23:50:26
SN121,M021,547.6958,RPM,False,False,2024-10-06T15:57:31
SN029,M029,76.9969,%,False,False,2024-09-13T03:55:34
SN042,M042,28.6766,°C,False,False,2024-02-27T12:14:08
SN047,M047,1.7673,mm/s,False,False,2024-01-06T02:45:44
SN138,M038,39.8496,°C,False,False,2024-03-01T09:46:52
SN135,M035,80.7454,°C,False,False,2024-08-17T13:02:03
SN077,M027,54.1386,A,True,True,2024-01-16T03:38:03
SN142,M042,1725.2177,RPM,False,False,2024-02-14T23:32:22
SN059,M009,37.1334,A,False,False,2024-09-30T14:42:19
SN030,M030,3.9561,mm/s,False,False,2024-01-12T12:50:08
SN081,M031,83.3504,%,False,False,2024-06-21T01:01:28
SN038,M038,30.5486,A,False,False,2024-08-17T22:17:37
SN034,M034,1.0651,bar,False,False,2024-12-26T23:23:24
SN112,M012,1822.7363,RPM,False,False,2024-12-29T12:13:44
SN093,M043,26.4349,A,False,False,2024-01-16T21:32:26
SN119,M019,1.2483,bar,False,False,2024-12-25T20:51:25
SN139,M039,88.123,°C,True,True,2024-12-13T13:35:05
SN077,M027,13.6657,A,False,False,2024-12-02T14:26:01
SN085,M035,0.8801,mm/s,False,False,2024-05-09T07:00:18
SN033,M033,5.8201,mm/s,False,False,2024-12-18T00:10:06
SN025,M025,748.5155,RPM,False,False,2024-07-01T08:20:45
SN143,M043,21.5713,A,False,False,2024-10-11T13:51:16
SN033,M033,1.9983,mm/s,False,False,2024-09-06T03:46:01
SN131,M031,44.0011,A,False,False,2024-03-27T17:03:07
SN006,M006,2154.6249,RPM,False,False,2024-07-12T07:06:14
SN144,M044,78.8101,°C,False,False,2024-09-18T15:13:57
SN059,M009,27.7962,A,False,False,2024-02-14T19:41:13
SN038,M038,39.1356,A,False,False,2024-08-29T00:05:09
SN114,M014,80.1102,%,False,False,2024-04-03T00:46:30
SN104,M004,0.6527,A,False,False,2024-11-12T06:01:25
SN085,M035,10.9192,mm/s,False,False,2024-12-21T08:06:23
SN127,M027,6.7529,mm/s,False,False,2024-04-28T20:41:44
SN006,M006,793.0335,RPM,False,False,2024-08-11T15:53:38
SN001,M001,56.6166,°C,False,False,2024-06-15T23:11:43
SN146,M046,65.1603,%,False,False,2024-05-19T12:47:21
SN040,M040,68.6609,°C,False,False,2024-06-15T15:58:31
SN004,M004,64.2192,°C,False,False,2024-05-30T21:09:01
SN085,M035,2.7428,mm/s,False,False,2024-06-24T16:10:50
SN070,M020,2546.9877,RPM,False,False,2024-02-02T05:33:48
SN103,M003,1265.8542,RPM,False,False,2024-02-06T04:59:54
SN058,M008,5.7612,bar,False,False,2024-04-26T01:23:57
SN142,M042,1019.4859,RPM,False,False,2024-09-03T14:47:57
SN006,M006,554.1861,RPM,False,False,2024-10-07T17:47:07
SN103,M003,458.0777,RPM,False,False,2024-08-26T00:21:31
SN102,M002,14.3115,A,False,False,2024-10-27T13:00:35
SN128,M028,513.9976,RPM,False,False,2024-11-07T17:46:29
SN003,M003,1924.6395,RPM,False,False,2024-04-03T08:34:52
SN037,M037,8.2702,A,False,False,2024-04-27T02:00:41
SN132,M032,3082.0177,RPM,True,True,2024-02-01T01:48:28
SN117,M017,3.5091,mm/s,False,False,2024-10-06T16:14:59
SN085,M035,10.7422,mm/s,False,False,2024-06-03T16:36:50
SN028,M028,42.1414,%,False,False,2024-06-27T01:51:51
SN073,M023,27.7856,A,False,False,2024-01-12T04:22:55
SN099,M049,52.6837,%,False,False,2024-11-10T04:21:32
SN097,M047,54.1918,A,True,True,2024-05-23T06:36:28
SN116,M016,85.2871,%,False,False,2024-03-23T16:19:28
SN057,M007,29.4777,A,False,False,2024-05-11T05:48:07
SN075,M025,80.9751,%,False,False,2024-11-25T10:56:52
SN022,M022,1532.788,RPM,False,False,2024-11-10T17:45:23
SN036,M036,10.7521,A,False,False,2024-04-18T13:26:49
SN006,M006,398.4911,RPM,False,False,2024-06-17T23:16:14
SN101,M001,73.5661,°C,False,False,2024-08-27T17:03:44
SN024,M024,4.7124,A,False,False,2024-04-24T18:10:25
SN041,M041,70.3751,°C,False,False,2024-01-11T06:27:53
SN078,M028,50.3927,%,False,False,2024-12-26T05:57:46
SN046,M046,1023.6704,RPM,False,False,2024-04-03T11:50:24
SN046,M046,1089.9817,RPM,False,False,2024-03-22T12:33:34
SN122,M022,39.6251,A,False,False,2024-06-02T20:59:32
SN057,M007,38.9218,A,False,False,2024-10-18T20:42:49
SN009,M009,345.1635,RPM,False,False,2024-03-30T13:36:35
SN041,M041,38.3508,°C,False,False,2024-10-30T00:19:02
SN092,M042,94.9303,%,True,True,2024-06-11T07:55:11
SN025,M025,138.9345,RPM,False,False,2024-08-11T20:56:34
SN062,M012,603.1923,RPM,False,False,2024-08-28T09:27:11
SN058,M008,5.1413,bar,False,False,2024-08-22T10:55:05
SN016,M016,14.0233,mm/s,True,True,2024-03-12T09:12:23
SN149,M049,46.1399,°C,False,False,2024-05-26T07:52:15
SN038,M038,16.1743,A,False,False,2024-10-04T21:20:08
SN072,M022,0.7295,mm/s,False,False,2024-10-14T08:56:42
SN095,M045,28.4859,A,False,False,2024-01-01T22:54:15
SN116,M016,60.718,%,False,False,2024-12-14T22:47:46
SN037,M037,13.5686,A,False,False,2024-10-29T18:44:05
SN089,M039,9.308,bar,False,False,2024-02-23T02:17:22
SN060,M010,4.3898,mm/s,False,False,2024-08-31T16:57:12
SN120,M020,8.913,mm/s,False,False,2024-10-25T09:48:59
SN020,M020,17.9001,A,False,False,2024-06-20T07:16:36
SN074,M024,5.0609,mm/s,False,False,2024-10-30T20:13:45
SN031,M031,44.8866,A,False,False,2024-05-16T23:48:36
SN051,M001,65.8041,%,False,False,2024-02-10T13:10:21
SN021,M021,2775.9996,RPM,False,False,2024-06-15T04:23:36
SN108,M008,3.8758,mm/s,False,False,2024-05-13T19:54:45
SN046,M046,1847.0925,RPM,False,False,2024-10-22T00:35:53
SN108,M008,0.3021,mm/s,False,False,2024-08-11T12:02:10
SN041,M041,69.898,°C,False,False,2024-09-08T15:49:32
SN083,M033,0.6264,mm/s,False,False,2024-09-14T03:58:22
SN019,M019,29.685,A,False,False,2024-03-01T12:54:13
SN034,M034,6.739,bar,False,False,2024-05-31T18:26:29
SN123,M023,32.2883,A,False,False,2024-06-20T13:51:55
SN007,M007,39.2305,A,False,False,2024-09-02T16:21:45
SN110,M010,2.8052,mm/s,False,False,2024-02-28T16:59:37
SN051,M001,28.0633,%,False,False,2024-05-18T03:41:50
SN150,M050,9.9067,mm/s,False,False,2024-05-27T00:20:56
SN133,M033,30.7383,A,False,False,2024-05-22T18:35:59
SN107,M007,1419.2435,RPM,False,False,2024-02-02T06:47:39
SN074,M024,6.9115,mm/s,False,False,2024-03-15T18:50:13
SN006,M006,3707.8822,RPM,True,True,2024-04-05T02:05:07
SN117,M017,8.8112,mm/s,False,False,2024-04-05T09:41:59
SN146,M046,56.9813,%,False,False,2024-09-27T15:29:24
SN039,M039,62.7096,°C,False,False,2024-01-29T09:48:12
SN054,M004,4.7175,bar,False,False,2024-08-20T19:10:08
SN129,M029,44.8893,%,False,False,2024-03-22T01:08:54
SN033,M033,8.6066,mm/s,False,False,2024-07-26T22:02:04
SN067,M017,6.6024,bar,False,False,2024-03-19T08:01:51
SN128,M028,1624.8554,RPM,False,False,2024-12-08T16:25:15
SN088,M038,75.8505,°C,False,False,2024-02-24T03:52:16
SN011,M011,8.88,mm/s,False,False,2024-09-16T03:40:36
SN008,M008,2290.9111,RPM,False,False,2024-03-04T13:29:28
SN110,M010,2.0975,mm/s,False,False,2024-06-21T20:47:09
SN057,M007,17.518,A,False,False,2024-11-08T19:38:15
SN037,M037,47.1876,A,False,False,2024-05-02T16:36:45
SN089,M039,7.8663,bar,False,False,2024-04-06T15:58:57
SN126,M026,1041.4795,RPM,False,False,2024-06-01T08:03:09
SN081,M031,45.2766,%,False,False,2024-07-01T05:50:08
SN106,M006,4.7509,bar,False,False,2024-04-23T23:39:59
SN110,M010,3.177,mm/s,False,False,2024-11-07T12:45:44
SN148,M048,44.0783,%,False,False,2024-02-16T17:24:19
SN006,M006,1782.6017,RPM,False,False,2024-05-02T07:05:38
SN002,M002,57.8979,%,False,False,2024-08-08T09:19:17
SN108,M008,6.0857,mm/s,False,False,2024-05-09T15:16:04
SN029,M029,64.027,%,False,False,2024-12-02T11:08:06
SN108,M008,8.5579,mm/s,False,False,2024-12-06T03:11:49
SN107,M007,511.0709,RPM,False,False,2024-03-30T20:56:40
SN082,M032,6.2181,bar,False,False,2024-08-14T22:08:02
SN056,M006,8.4574,bar,False,False,2024-12-02T12:06:40
SN036,M036,27.3376,A,False,False,2024-04-26T23:01:52
SN112,M012,1871.718,RPM,False,False,2024-12-15T22:14:55
SN002,M002,71.5761,%,False,False,2024-04-23T16:13:50
SN127,M027,11.2172,mm/s,False,False,2024-09-24T19:17:21
SN002,M002,42.5902,%,False,False,2024-07-10T08:43:53
SN146,M046,77.458,%,False,False,2024-05-25T02:01:15
SN030,M030,3.3209,mm/s,False,False,2024-09-11T13:08:11
SN014,M014,2.7307,bar,False,False,2024-09-09T07:55:23
SN136,M036,39.1656,%,False,False,2024-08-03T17:38:26
SN037,M037,9.1707,A,False,False,2024-09-07T12:50:21
SN040,M040,76.2827,°C,False,False,2024-09-28T08:30:44
SN070,M020,2045.6381,RPM,False,False,2024-06-02T06:56:26
SN125,M025,64.338,°C,False,False,2024-01-05T13:31:28
SN102,M002,29.9317,A,False,False,2024-09-17T13:15:47
SN036,M036,37.2316,A,False,False,2024-11-09T19:13:01
SN134,M034,0.2064,A,False,False,2024-01-27T03:52:27
SN036,M036,39.2085,A,False,False,2024-01-11T12:16:45
SN013,M013,7.1204,bar,False,False,2024-07-20T04:02:19
SN075,M025,37.5816,%,False,False,2024-05-30T13:36:34
SN065,M015,41.3097,A,False,False,2024-03-20T01:07:57
SN053,M003,32.9104,°C,False,False,2024-11-25T18:19:41
SN116,M016,44.9572,%,False,False,2024-11-02T19:10:49
SN131,M031,46.4224,A,False,False,2024-07-28T19:33:48
SN104,M004,35.1531,A,False,False,2024-02-03T07:39:27
SN053,M003,71.7481,°C,False,False,2024-09-05T14:18:14
SN065,M015,13.5869,A,False,False,2024-06-17T21:14:39
SN035,M035,62.3318,A,True,True,2024-12-22T05:10:27
SN108,M008,8.1532,mm/s,False,False,2024-01-21T04:39:42
SN030,M030,1.6595,mm/s,False,False,2024-08-29T10:01:36
SN095,M045,4.4451,A,False,False,2024-08-07T00:09:56
SN056,M006,8.0114,bar,False,False,2024-12-11T15:23:28
SN001,M001,74.6095,°C,False,False,2024-04-23T07:31:34
SN101,M001,40.9576,°C,False,False,2024-12-15T09:09:42
SN136,M036,78.5948,%,False,False,2024-09-06T10:30:00
SN016,M016,0.5562,mm/s,False,False,2024-07-22T11:18:47
SN131,M031,35.9733,A,False,False,2024-10-12T13:28:22
SN010,M010,61.7928,%,False,False,2024-01-24T18:54:06
SN073,M023,11.4945,A,False,False,2024-05-15T08:55:00
SN104,M004,24.1761,A,False,False,2024-01-30T10:57:09
SN055,M005,2.6229,bar,False,False,2024-09-03T08:09:17
SN027,M027,30.672,A,False,False,2024-07-04T08:52:06
SN080,M030,43.0733,%,False,False,2024-01-20T09:27:44
SN051,M001,105.0306,%,True,True,2024-02-10T01:02:53
SN104,M004,15.0937,A,False,False,2024-04-19T10:52:00
SN115,M015,9.5851,mm/s,False,False,2024-06-24T01:47:17
SN141,M041,4.3325,A,False,False,2024-12-26T01:35:03
SN010,M010,50.2996,%,False,False,2024-12-20T03:29:52
SN027,M027,28.7997,A,False,False,2024-09-26T11:45:18
SN144,M044,32.4055,°C,False,False,2024-09-29T12:34:02
SN027,M027,5.0684,A,False,False,2024-07-19T09:04:00
SN100,M050,9.1067,mm/s,False,False,2024-06-13T01:00:28
SN029,M029,57.4192,%,False,False,2024-11-17T00:29:11
SN099,M049,57.9338,%,False,False,2024-10-03T19:50:26
SN134,M034,9.4623,A,False,False,2024-06-09T17:06:42
SN017,M017,0.4752,mm/s,False,False,2024-05-04T14:30:58
SN008,M008,2790.2662,RPM,False,False,2024-03-21T12:54:56
SN096,M046,41.6596,°C,False,False,2024-07-28T08:56:55
SN018,M018,20.0441,A,False,False,2024-06-19T18:35:45
SN039,M039,35.0,°C,False,False,2024-04-02T23:30:48
SN064,M014,6.7632,mm/s,False,False,2024-10-22T13:49:20
SN131,M031,7.5631,A,False,False,2024-06-04T09:56:43
SN037,M037,43.0075,A,False,False,2024-09-29T00:11:33
SN124,M024,2.0574,A,False,False,2024-09-21T14:21:27
SN085,M035,3.0516,mm/s,False,False,2024-06-14T04:17:31
SN110,M010,6.8942,mm/s,False,False,2024-03-21T18:51:48
SN002,M002,70.8521,%,False,False,2024-01-03T12:12:44
SN039,M039,40.7141,°C,False,False,2024-03-02T04:50:52
SN119,M019,7.4086,bar,False,False,2024-06-15T23:52:01
SN144,M044,33.4852,°C,False,False,2024-05-02T23:26:45
SN018,M018,38.5228,A,False,False,2024-10-02T18:48:06
SN016,M016,1.4339,mm/s,False,False,2024-07-20T02:47:43
SN095,M045,20.2573,A,False,False,2024-04-02T15:28:36
SN002,M002,50.5961,%,False,False,2024-03-14T23:03:40
SN002,M002,56.9618,%,False,False,2024-07-02T06:26:22
SN033,M033,9.603,mm/s,False,False,2024-09-05T03:03:34
SN117,M017,2.5509,mm/s,False,False,2024-12-01T22:39:22
SN043,M043,9.0443,mm/s,False,False,2024-07-01T04:43:37
SN117,M017,10.8314,mm/s,False,False,2024-02-15T00:45:58
SN031,M031,23.81,A,False,False,2024-02-24T10:50:18
SN082,M032,7.2261,bar,False,False,2024-09-10T09:29:28
SN130,M030,2.262,mm/s,False,False,2024-10-30T00:17:47
SN016,M016,14.7444,mm/s,True,True,2024-02-26T20:47:50
SN019,M019,52.6279,A,True,True,2024-11-29T00:56:26
SN072,M022,3.3653,mm/s,False,False,2024-04-22T17:29:17
SN126,M026,1931.7599,RPM,False,False,2024-01-21T03:04:54
SN090,M040,51.6646,%,False,False,2024-11-15T02:20:25
SN115,M015,1.0709,mm/s,False,False,2024-08-28T09:54:15
SN110,M010,7.7276,mm/s,False,False,2024-08-14T05:53:31
SN122,M022,17.3263,A,False,False,2024-08-24T20:48:34
SN112,M012,1136.4687,RPM,False,False,2024-10-25T21:47:59
SN117,M017,0.4639,mm/s,False,False,2024-08-24T16:01:10
SN097,M047,11.1401,A,False,False,2024-04-21T16:21:57
SN069,M019,11.6145,bar,True,True,2024-05-22T09:23:01
SN039,M039,70.0653,°C,False,False,2024-04-19T08:13:34
SN036,M036,18.0434,A,False,False,2024-10-03T18:20:47
SN094,M044,1307.8452,RPM,False,False,2024-03-18T18:50:42
SN047,M047,1.006,mm/s,False,False,2024-01-30T11:48:03
SN067,M017,6.302,bar,False,False,2024-01-06T03:49:37
SN118,M018,14.1535,mm/s,True,True,2024-07-04T17:31:36
SN063,M013,69.9282,%,False,False,2024-05-09T22:27:51
SN127,M027,6.6889,mm/s,False,False,2024-02-02T02:02:13
SN085,M035,14.1778,mm/s,True,True,2024-01-18T00:46:10
SN018,M018,39.3682,A,False,False,2024-02-28T19:04:34
SN108,M008,13.6308,mm/s,True,True,2024-02-22T06:05:59
SN103,M003,1629.6887,RPM,False,False,2024-03-22T03:24:52
SN067,M017,8.7327,bar,False,False,2024-08-20T04:35:01
SN117,M017,10.4711,mm/s,False,False,2024-03-19T22:58:07
SN057,M007,24.111,A,False,False,2024-10-04T04:26:44
SN053,M003,74.3367,°C,False,False,2024-08-21T01:33:06
SN048,M048,54.6551,°C,False,False,2024-07-02T07:17:59
SN146,M046,36.5158,%,False,False,2024-04-04T03:56:48
SN130,M030,11.2284,mm/s,False,False,2024-05-30T10:15:27
SN073,M023,11.4031,A,False,False,2024-03-01T11:50:50
SN006,M006,261.1148,RPM,False,False,2024-07-11T04:23:04
SN036,M036,19.3642,A,False,False,2024-05-21T16:48:30
SN038,M038,6.7444,A,False,False,2024-06-01T13:35:03
SN138,M038,72.1424,°C,False,False,2024-08-18T00:07:12
SN043,M043,5.6779,mm/s,False,False,2024-02-19T22:02:22
SN075,M025,108.5845,%,True,True,2024-09-24T15:51:59
SN037,M037,55.4979,A,True,True,2024-01-20T06:34:49
SN023,M023,7.3434,bar,False,False,2024-11-02T18:30:06
SN005,M005,27.9883,A,False,False,2024-08-05T06:42:57
SN087,M037,2348.1193,RPM,False,False,2024-07-11T10:27:44
SN030,M030,7.4294,mm/s,False,False,2024-10-10T08:40:25
SN015,M015,6.9166,bar,False,False,2024-03-17T22:52:05
SN061,M011,47.563,%,False,False,2024-09-11T13:16:49
SN056,M006,7.0585,bar,False,False,2024-11-19T08:27:01
SN052,M002,1.76,bar,False,False,2024-01-23T14:34:44
SN015,M015,6.0093,bar,False,False,2024-07-23T09:41:21
SN061,M011,49.0406,%,False,False,2024-02-14T06:09:57
SN001,M001,38.8156,°C,False,False,2024-11-15T23:46:03
SN137,M037,8.2408,A,False,False,2024-09-06T23:41:33
SN060,M010,10.851,mm/s,False,False,2024-01-26T00:53:39
SN086,M036,81.7878,%,False,False,2024-10-20T14:24:49
SN047,M047,0.5765,mm/s,False,False,2024-10-14T05:31:33
SN059,M009,54.0189,A,True,True,2024-03-26T16:22:29
SN114,M014,25.7981,%,False,False,2024-10-26T03:51:03
SN107,M007,1521.3003,RPM,False,False,2024-09-06T14:22:19
SN007,M007,38.5118,A,False,False,2024-02-24T11:58:31
SN036,M036,20.3817,A,False,False,2024-01-26T22:25:59
SN090,M040,76.6717,%,False,False,2024-08-10T04:09:31
SN078,M028,78.5655,%,False,False,2024-04-09T14:08:37
SN118,M018,9.9387,mm/s,False,False,2024-12-19T22:29:46
SN057,M007,39.3399,A,False,False,2024-02-04T06:48:02
SN010,M010,64.5977,%,False,False,2024-03-23T08:49:51
SN063,M013,104.4865,%,True,True,2024-07-12T02:11:24
SN052,M002,6.2592,bar,False,False,2024-04-22T17:00:30
SN036,M036,27.7652,A,False,False,2024-02-18T11:08:44
SN079,M029,1203.2436,RPM,False,False,2024-03-31T09:40:18
SN122,M022,34.8387,A,False,False,2024-05-18T05:57:28
SN008,M008,295.9606,RPM,False,False,2024-11-11T11:07:59
SN125,M025,61.9223,°C,False,False,2024-02-08T04:09:46
SN131,M031,18.9111,A,False,False,2024-12-14T17:25:32
SN033,M033,6.1867,mm/s,False,False,2024-03-25T04:12:01
SN105,M005,4.6758,bar,False,False,2024-07-23T06:20:43
SN092,M042,106.8843,%,True,True,2024-06-02T23:45:43
SN042,M042,44.3922,°C,False,False,2024-08-17T23:00:02
SN041,M041,46.2595,°C,False,False,2024-06-21T09:00:42
SN132,M032,1467.4043,RPM,False,False,2024-08-09T07:37:44
SN050,M050,4.5267,mm/s,False,False,2024-06-02T11:17:02
SN084,M034,1568.3463,RPM,False,False,2024-09-05T20:54:40
SN138,M038,20.0411,°C,False,False,2024-04-23T04:21:39
SN149,M049,69.1117,°C,False,False,2024-08-07T15:46:46
SN138,M038,39.6501,°C,False,False,2024-08-29T17:59:53
SN123,M023,7.234,A,False,False,2024-05-05T07:55:54
SN127,M027,0.2843,mm/s,False,False,2024-11-21T16:21:41
SN049,M049,17.5445,A,False,False,2024-10-15T04:25:35
SN137,M037,51.3373,A,True,True,2024-01-29T03:11:17
SN075,M025,48.8735,%,False,False,2024-12-12T09:29:54
SN100,M050,6.2864,mm/s,False,False,2024-03-14T04:40:37
SN147,M047,73.9042,%,False,False,2024-08-17T05:21:15
SN091,M041,41.3183,°C,False,False,2024-02-06T01:04:32
SN137,M037,3.8132,A,False,False,2024-02-14T07:57:43
SN079,M029,112.2267,RPM,False,False,2024-12-05T01:17:56
SN093,M043,0.2072,A,False,False,2024-08-22T08:44:21
SN048,M048,56.1077,°C,False,False,2024-09-05T00:09:17
SN047,M047,5.0981,mm/s,False,False,2024-11-20T09:17:12
SN126,M026,1319.7083,RPM,False,False,2024-01-20T08:04:17
SN060,M010,8.8229,mm/s,False,False,2024-08-16T23:56:30
SN051,M001,93.9047,%,True,True,2024-12-06T15:59:22
SN039,M039,20.8015,°C,False,False,2024-09-07T00:08:51
SN130,M030,7.1314,mm/s,False,False,2024-07-10T14:53:32
SN071,M021,2149.5706,RPM,False,False,2024-01-09T21:58:53
SN103,M003,1712.0712,RPM,False,False,2024-02-27T22:58:11
SN047,M047,9.7012,mm/s,False,False,2024-06-07T11:31:41
SN054,M004,6.3889,bar,False,False,2024-01-07T02:07:22
SN099,M049,22.741,%,False,False,2024-10-30T21:02:48
SN128,M028,56.4669,RPM,False,False,2024-02-22T20:33:28
SN067,M017,8.6899,bar,False,False,2024-09-09T21:42:03
SN109,M009,65.9646,%,False,False,2024-08-11T00:05:49
SN116,M016,50.7571,%,False,False,2024-11-03T19:36:51
SN074,M024,7.9491,mm/s,False,False,2024-05-06T20:25:36
SN127,M027,7.8703,mm/s,False,False,2024-11-09T07:32:40
SN071,M021,2696.2057,RPM,False,False,2024-08-20T01:40:37
SN095,M045,32.2187,A,False,False,2024-12-18T18:07:47
SN127,M027,8.2121,mm/s,False,False,2024-07-29T18:47:53
SN127,M027,4.1255,mm/s,False,False,2024-04-28T00:49:21
SN065,M015,10.3963,A,False,False,2024-05-08T06:40:42
SN017,M017,7.4706,mm/s,False,False,2024-12-14T02:20:24
SN141,M041,31.4764,A,False,False,2024-06-11T15:48:26
SN091,M041,51.2324,°C,False,False,2024-09-15T17:57:58
SN069,M019,7.6857,bar,False,False,2024-08-06T02:09:32
SN059,M009,44.0244,A,False,False,2024-09-11T08:14:31
SN141,M041,29.9241,A,False,False,2024-11-27T22:09:27
SN107,M007,615.1278,RPM,False,False,2024-06-01T02:19:18
SN077,M027,11.416,A,False,False,2024-01-12T09:04:55
SN118,M018,5.9796,mm/s,False,False,2024-01-02T18:38:45
SN131,M031,13.8096,A,False,False,2024-03-02T18:37:19
SN105,M005,6.1857,bar,False,False,2024-03-25T20:02:12
SN065,M015,41.3852,A,False,False,2024-10-10T00:54:36
SN111,M011,61.9484,°C,False,False,2024-12-02T12:33:26
SN138,M038,87.1649,°C,True,True,2024-10-08T04:43:32
SN079,M029,169.7841,RPM,False,False,2024-10-06T21:41:58
SN009,M009,1516.2333,RPM,False,False,2024-06-04T16:35:38
SN119,M019,7.9932,bar,False,False,2024-01-20T20:37:40
SN118,M018,1.9633,mm/s,False,False,2024-10-21T10:32:50
SN051,M001,65.6498,%,False,False,2024-06-22T12:49:07
SN059,M009,23.2761,A,False,False,2024-02-25T02:24:12
SN081,M031,71.6447,%,False,False,2024-05-14T02:59:05
SN002,M002,80.6121,%,False,False,2024-01-25T15:15:46
SN108,M008,6.3737,mm/s,False,False,2024-05-16T09:05:12
SN029,M029,64.3163,%,False,False,2024-09-24T15:08:07
SN002,M002,42.499,%,False,False,2024-09-12T12:23:09
SN048,M048,25.7235,°C,False,False,2024-03-22T10:42:39
SN088,M038,23.9324,°C,False,False,2024-12-18T23:08:57
SN119,M019,7.5601,bar,False,False,2024-09-23T16:10:39
SN060,M010,8.5568,mm/s,False,False,2024-08-28T22:55:29
SN085,M035,9.0914,mm/s,False,False,2024-10-08T12:24:11
SN026,M026,11.3525,A,False,False,2024-05-16T22:24:12
SN148,M048,112.3708,%,True,True,2024-03-05T19:20:22
SN103,M003,2522.0199,RPM,False,False,2024-11-13T08:03:51
SN068,M018,4.6901,bar,False,False,2024-09-19T09:27:30
SN098,M048,38.2909,A,False,False,2024-05-13T13:48:33
SN029,M029,54.294,%,False,False,2024-07-11T14:13:04
SN058,M008,5.7091,bar,False,False,2024-09-19T21:08:16
SN090,M040,42.4155,%,False,False,2024-02-01T03:57:23
SN067,M017,4.6668,bar,False,False,2024-01-16T21:56:26
SN021,M021,923.91,RPM,False,False,2024-01-31T10:40:14
SN123,M023,43.8501,A,False,False,2024-05-13T14:29:56
SN092,M042,64.8192,%,False,False,2024-09-24T10:34:09
SN117,M017,10.5314,mm/s,False,False,2024-06-11T06:54:53
SN035,M035,25.8313,A,False,False,2024-02-11T19:24:13
SN107,M007,705.2346,RPM,False,False,2024-04-07T03:50:40
SN099,M049,75.2454,%,False,False,2024-11-24T11:57:00
SN023,M023,8.0589,bar,False,False,2024-05-25T11:04:32
SN109,M009,69.9435,%,False,False,2024-10-17T04:04:09
SN043,M043,2.9335,mm/s,False,False,2024-02-09T10:04:57
SN045,M045,1.2444,bar,False,False,2024-04-10T00:26:00
SN135,M035,79.2742,°C,False,False,2024-09-11T09:04:04
SN114,M014,20.9246,%,False,False,2024-08-29T08:12:20
SN016,M016,2.6681,mm/s,False,False,2024-08-22T09:05:46
SN111,M011,67.9986,°C,False,False,2024-04-01T05:09:35
SN087,M037,1242.1058,RPM,False,False,2024-07-10T21:04:59
SN016,M016,0.3703,mm/s,False,False,2024-05-08T03:10:18
SN139,M039,69.869,°C,False,False,2024-12-21T02:38:05
SN108,M008,7.7144,mm/s,False,False,2024-02-08T19:40:41
SN045,M045,2.8302,bar,False,False,2024-10-30T13:27:21
SN059,M009,25.2232,A,False,False,2024-08-03T22:47:37
SN136,M036,40.2118,%,False,False,2024-05-13T15:46:09
SN024,M024,30.8851,A,False,False,2024-01-23T04:59:47
SN038,M038,38.7557,A,False,False,2024-06-04T15:08:51
SN077,M027,40.8035,A,False,False,2024-02-26T05:11:35
SN142,M042,2058.7026,RPM,False,False,2024-02-11T13:56:11
SN064,M014,5.3737,mm/s,False,False,2024-10-24T21:58:15
SN095,M045,22.1615,A,False,False,2024-08-23T11:51:27
SN017,M017,3.7761,mm/s,False,False,2024-08-17T07:34:48
SN007,M007,29.8638,A,False,False,2024-03-16T08:58:48
SN022,M022,2015.6567,RPM,False,False,2024-09-08T05:30:53
SN077,M027,41.9393,A,False,False,2024-05-24T16:03:53
SN058,M008,1.7187,bar,False,False,2024-01-15T19:26:29
SN041,M041,55.5543,°C,False,False,2024-07-06T19:53:24
SN031,M031,5.0921,A,False,False,2024-01-07T03:15:48
SN105,M005,5.9686,bar,False,False,2024-09-18T10:10:51
SN120,M020,4.444,mm/s,False,False,2024-10-30T19:11:05
SN087,M037,2592.6506,RPM,False,False,2024-03-23T23:10:15
SN042,M042,71.1426,°C,False,False,2024-02-24T20:35:17
SN022,M022,2083.7897,RPM,False,False,2024-07-08T23:24:41
SN059,M009,7.3919,A,False,False,2024-02-08T00:57:44
SN141,M041,26.942,A,False,False,2024-01-30T07:51:36
SN083,M033,7.7451,mm/s,False,False,2024-06-17T23:53:13
SN124,M024,1.278,A,False,False,2024-02-23T04:05:03
SN145,M045,5.1439,mm/s,False,False,2024-01-01T09:07:23
SN114,M014,42.6798,%,False,False,2024-08-19T00:28:03
SN021,M021,560.0157,RPM,False,False,2024-04-08T18:12:22
SN071,M021,29.504,RPM,False,False,2024-03-09T23:10:50
SN002,M002,62.3262,%,False,False,2024-10-15T07:40:52
SN134,M034,23.4824,A,False,False,2024-08-26T00:48:29
SN009,M009,2122.6119,RPM,False,False,2024-04-30T06:24:49
SN089,M039,2.4459,bar,False,False,2024-05-02T19:16:32
SN129,M029,69.8607,%,False,False,2024-01-19T08:13:25
SN061,M011,23.1128,%,False,False,2024-01-04T07:18:28
SN053,M003,61.6043,°C,False,False,2024-06-27T08:24:37
SN090,M040,24.5069,%,False,False,2024-10-03T02:50:43
SN038,M038,20.1383,A,False,False,2024-07-15T02:50:06
SN025,M025,3673.1794,RPM,True,True,2024-11-18T09:08:05
SN141,M041,21.2043,A,False,False,2024-01-28T20:01:18
SN013,M013,3.6654,bar,False,False,2024-04-04T15:18:10
SN063,M013,23.937,%,False,False,2024-07-30T20:21:16
SN080,M030,20.1914,%,False,False,2024-04-01T06:33:29
SN138,M038,30.2703,°C,False,False,2024-11-05T04:08:09
SN061,M011,70.4971,%,False,False,2024-10-14T11:27:46
SN051,M001,25.0302,%,False,False,2024-10-19T03:34:47
SN100,M050,8.2498,mm/s,False,False,2024-09-04T10:54:01
SN106,M006,8.1493,bar,False,False,2024-04-02T06:12:38
SN138,M038,60.5545,°C,False,False,2024-02-03T09:08:47
SN123,M023,35.0683,A,False,False,2024-08-21T02:34:26
SN004,M004,50.9996,°C,False,False,2024-10-01T08:24:45
SN079,M029,1220.9704,RPM,False,False,2024-03-12T12:44:58
SN012,M012,3303.9758,RPM,True,True,2024-02-01T09:02:26
SN066,M016,284.211,RPM,False,False,2024-01-20T13:20:03
SN122,M022,21.6957,A,False,False,2024-06-17T10:23:31
SN062,M012,1040.774,RPM,False,False,2024-11-04T11:11:55
SN008,M008,1913.1818,RPM,False,False,2024-11-21T10:15:31
SN083,M033,2.4703,mm/s,False,False,2024-01-03T11:50:11
SN136,M036,70.091,%,False,False,2024-12-08T14:15:24
SN150,M050,7.0933,mm/s,False,False,2024-11-06T03:00:08
SN078,M028,81.2255,%,False,False,2024-06-12T05:37:35
SN121,M021,1126.9695,RPM,False,False,2024-05-11T10:24:37
SN100,M050,6.8405,mm/s,False,False,2024-06-25T03:06:30
SN110,M010,2.6941,mm/s,False,False,2024-06-22T06:23:36
SN030,M030,7.7033,mm/s,False,False,2024-07-13T08:46:25
SN107,M007,2412.4034,RPM,False,False,2024-04-03T09:47:13
SN150,M050,1.2147,mm/s,False,False,2024-10-15T05:40:03
SN103,M003,1087.7959,RPM,False,False,2024-10-28T12:12:42
SN113,M013,10.7155,mm/s,False,False,2024-05-24T13:40:14
SN094,M044,1307.4842,RPM,False,False,2024-03-16T23:05:52
SN140,M040,51.8787,°C,False,False,2024-10-17T06:38:35
SN074,M024,0.5305,mm/s,False,False,2024-10-10T06:51:38
SN036,M036,31.1256,A,False,False,2024-10-05T14:32:29
SN074,M024,10.9601,mm/s,False,False,2024-04-27T06:09:12
SN077,M027,42.073,A,False,False,2024-03-09T07:35:18
SN127,M027,8.2937,mm/s,False,False,2024-01-01T07:54:30
SN076,M026,26.7098,°C,False,False,2024-11-08T20:08:23
SN118,M018,1.1031,mm/s,False,False,2024-04-25T19:20:05
SN045,M045,1.8693,bar,False,False,2024-03-13T01:37:36
SN076,M026,26.8462,°C,False,False,2024-06-03T02:16:38
SN137,M037,9.8424,A,False,False,2024-12-24T11:44:45
SN107,M007,77.5575,RPM,False,False,2024-04-07T04:31:01
SN100,M050,6.1406,mm/s,False,False,2024-08-07T13:41:30
SN100,M050,10.2873,mm/s,False,False,2024-12-26T00:00:41
SN006,M006,1570.9385,RPM,False,False,2024-10-29T16:37:29
SN060,M010,13.0081,mm/s,True,True,2024-03-26T09:31:01
SN125,M025,75.9224,°C,False,False,2024-03-29T11:35:52
SN103,M003,1966.7715,RPM,False,False,2024-01-31T14:04:37
SN089,M039,2.5396,bar,False,False,2024-02-26T07:11:20
SN030,M030,1.9114,mm/s,False,False,2024-12-29T03:13:29
SN015,M015,6.0856,bar,False,False,2024-04-18T19:16:34
SN017,M017,12.9693,mm/s,True,True,2024-05-26T11:00:59
SN038,M038,3.8929,A,False,False,2024-06-24T09:48:02
SN044,M044,447.1028,RPM,False,False,2024-07-05T08:11:34
SN032,M032,21.2407,°C,False,False,2024-07-27T08:17:45
SN030,M030,6.6506,mm/s,False,False,2024-06-04T12:43:50
SN014,M014,5.0839,bar,False,False,2024-09-19T23:27:02
SN115,M015,8.3117,mm/s,False,False,2024-11-20T20:50:57
SN134,M034,39.55,A,False,False,2024-07-04T06:33:41
SN073,M023,21.3178,A,False,False,2024-08-21T02:53:53
SN015,M015,8.9038,bar,False,False,2024-02-22T08:37:51
SN028,M028,27.2298,%,False,False,2024-07-31T03:44:51
SN105,M005,9.3967,bar,False,False,2024-05-18T05:39:30
SN133,M033,26.2624,A,False,False,2024-07-26T14:14:50
SN027,M027,42.3408,A,False,False,2024-01-04T15:44:13
SN111,M011,32.834,°C,False,False,2024-11-06T23:53:29
SN081,M031,35.9331,%,False,False,2024-06-07T10:13:34
SN052,M002,2.4294,bar,False,False,2024-06-28T00:48:57
SN094,M044,1278.5993,RPM,False,False,2024-03-10T03:09:33
SN107,M007,1700.5479,RPM,False,False,2024-08-24T10:26:59
SN106,M006,8.7678,bar,False,False,2024-07-15T22:40:08
SN019,M019,39.8611,A,False,False,2024-03-23T01:04:40
SN135,M035,63.1645,°C,False,False,2024-09-08T18:19:00
SN149,M049,23.2533,°C,False,False,2024-07-24T23:41:53
SN043,M043,1.2976,mm/s,False,False,2024-03-21T11:04:17
SN004,M004,45.8806,°C,False,False,2024-07-10T18:05:55
SN090,M040,64.754,%,False,False,2024-03-07T16:44:16
SN030,M030,9.1482,mm/s,False,False,2024-09-25T09:04:54
SN050,M050,1.3741,mm/s,False,False,2024-11-21T06:47:53
SN062,M012,1749.6727,RPM,False,False,2024-07-23T14:54:33
SN085,M035,0.4176,mm/s,False,False,2024-11-25T06:51:30
SN012,M012,1715.8462,RPM,False,False,2024-01-22T20:35:21
SN063,M013,30.6989,%,False,False,2024-05-18T17:52:40
SN076,M026,67.1739,°C,False,False,2024-07-14T13:09:59
SN058,M008,4.5793,bar,False,False,2024-11-14T14:01:10
SN061,M011,80.068,%,False,False,2024-07-31T21:12:34
SN032,M032,71.6746,°C,False,False,2024-10-11T11:33:41
SN056,M006,2.3101,bar,False,False,2024-12-19T17:02:53
SN083,M033,10.1685,mm/s,False,False,2024-02-11T02:30:47
SN113,M013,0.795,mm/s,False,False,2024-08-21T02:15:32
SN048,M048,73.4955,°C,False,False,2024-01-26T22:19:51
SN066,M016,2472.792,RPM,False,False,2024-12-14T18:14:56
SN046,M046,302.937,RPM,False,False,2024-09-30T02:26:20
SN047,M047,4.6263,mm/s,False,False,2024-01-15T11:52:20
SN032,M032,44.0063,°C,False,False,2024-08-09T22:17:03
SN067,M017,1.8302,bar,False,False,2024-03-21T17:51:14
SN143,M043,11.1033,A,False,False,2024-05-01T22:14:16
SN100,M050,0.601,mm/s,False,False,2024-04-04T02:58:20
SN003,M003,2282.7922,RPM,False,False,2024-08-20T04:02:49
SN103,M003,2100.1034,RPM,False,False,2024-10-28T01:06:31
SN012,M012,1221.6497,RPM,False,False,2024-09-13T22:34:33
SN079,M029,2246.5408,RPM,False,False,2024-07-28T02:03:32
SN119,M019,3.3593,bar,False,False,2024-10-10T06:18:44
SN009,M009,2135.3862,RPM,False,False,2024-08-23T02:17:11
SN046,M046,1313.5714,RPM,False,False,2024-09-04T00:25:35
SN049,M049,44.9211,A,False,False,2024-12-25T12:25:20
SN024,M024,24.1406,A,False,False,2024-01-26T20:13:17
SN053,M003,57.7683,°C,False,False,2024-03-15T14:35:24
SN110,M010,5.4517,mm/s,False,False,2024-02-22T20:24:29
SN031,M031,10.7522,A,False,False,2024-04-24T01:48:06
SN003,M003,513.7401,RPM,False,False,2024-02-21T11:57:35
SN044,M044,2094.6796,RPM,False,False,2024-04-15T00:03:26
SN025,M025,1496.8501,RPM,False,False,2024-11-03T13:09:38
SN059,M009,2.9132,A,False,False,2024-09-18T15:25:34
SN063,M013,35.3721,%,False,False,2024-05-01T10:18:26
SN079,M029,268.312,RPM,False,False,2024-07-30T09:02:23
SN026,M026,14.7252,A,False,False,2024-04-14T06:11:11
SN044,M044,2770.2684,RPM,False,False,2024-12-04T21:21:45
SN070,M020,2807.9618,RPM,False,False,2024-01-12T23:14:18
SN041,M041,34.8625,°C,False,False,2024-11-20T23:23:33
SN095,M045,57.9106,A,True,True,2024-06-19T13:48:38
SN106,M006,8.6028,bar,False,False,2024-02-05T06:53:20
SN031,M031,24.4508,A,False,False,2024-09-12T07:07:57
SN017,M017,4.7484,mm/s,False,False,2024-04-16T09:32:01
SN003,M003,1641.4807,RPM,False,False,2024-02-10T00:29:49
SN080,M030,32.6026,%,False,False,2024-07-28T09:15:29
SN017,M017,5.329,mm/s,False,False,2024-05-04T05:51:40
SN080,M030,28.7924,%,False,False,2024-11-21T17:54:34
SN084,M034,1950.475,RPM,False,False,2024-08-30T04:16:21
SN015,M015,8.0095,bar,False,False,2024-05-29T17:31:33
SN020,M020,39.0359,A,False,False,2024-01-28T10:01:53
SN007,M007,15.1195,A,False,False,2024-05-04T02:11:19
SN069,M019,5.9122,bar,False,False,2024-03-09T03:06:40
SN010,M010,31.4297,%,False,False,2024-07-05T12:34:47
SN098,M048,20.5572,A,False,False,2024-09-14T20:36:10
SN109,M009,70.7866,%,False,False,2024-08-09T07:21:45
SN089,M039,5.5667,bar,False,False,2024-02-06T05:20:39
SN146,M046,74.6771,%,False,False,2024-08-30T18:28:15
SN139,M039,31.6564,°C,False,False,2024-09-19T20:18:04
SN005,M005,37.6699,A,False,False,2024-10-31T06:12:19
SN079,M029,1863.0593,RPM,False,False,2024-11-29T11:18:27
SN039,M039,42.9967,°C,False,False,2024-09-18T12:03:14
SN046,M046,535.2889,RPM,False,False,2024-06-08T06:30:58
SN049,M049,14.2456,A,False,False,2024-07-19T22:26:45
SN138,M038,77.8505,°C,False,False,2024-04-09T22:42:56
SN054,M004,1.8715,bar,False,False,2024-10-13T10:43:18
SN135,M035,74.8287,°C,False,False,2024-04-08T19:11:48
SN010,M010,70.831,%,False,False,2024-05-20T13:49:02
SN074,M024,2.8396,mm/s,False,False,2024-08-06T06:24:21
SN046,M046,1767.6332,RPM,False,False,2024-02-21T20:47:00
SN142,M042,59.3471,RPM,False,False,2024-04-14T11:09:18
SN053,M003,70.5965,°C,False,False,2024-08-12T07:47:14
SN089,M039,7.4525,bar,False,False,2024-08-05T06:22:51
SN134,M034,46.9631,A,False,False,2024-08-24T10:13:40
SN070,M020,2625.3153,RPM,False,False,2024-11-23T14:15:02
SN003,M003,1216.722,RPM,False,False,2024-12-17T04:45:12
SN109,M009,33.7242,%,False,False,2024-08-21T09:09:50
SN025,M025,1340.4237,RPM,False,False,2024-05-07T10:27:41
SN012,M012,355.1123,RPM,False,False,2024-08-01T09:13:32
SN134,M034,1.7877,A,False,False,2024-08-17T21:04:27
SN088,M038,53.4416,°C,False,False,2024-06-25T19:58:35
SN055,M005,9.3806,bar,False,False,2024-10-14T05:18:34
SN103,M003,1471.5827,RPM,False,False,2024-06-17T09:48:06
SN111,M011,52.7378,°C,False,False,2024-08-13T00:18:47
SN067,M017,4.473,bar,False,False,2024-02-11T08:34:29
SN118,M018,9.7486,mm/s,False,False,2024-01-09T15:22:33
SN111,M011,25.164,°C,False,False,2024-04-11T07:24:44
SN113,M013,0.921,mm/s,False,False,2024-10-21T15:45:35
SN056,M006,3.216,bar,False,False,2024-10-04T23:57:55
SN115,M015,4.471,mm/s,False,False,2024-11-18T01:20:59
SN092,M042,67.6772,%,False,False,2024-01-01T00:28:48
SN087,M037,2074.7183,RPM,False,False,2024-06-13T00:50:36
SN006,M006,1095.4244,RPM,False,False,2024-09-14T04:01:27
SN075,M025,78.0866,%,False,False,2024-09-22T06:51:57
SN047,M047,7.915,mm/s,False,False,2024-05-22T21:25:29
SN112,M012,933.8487,RPM,False,False,2024-12-08T21:37:44
SN072,M022,10.3664,mm/s,False,False,2024-09-07T18:28:53
SN086,M036,46.7586,%,False,False,2024-10-01T17:32:03
SN148,M048,35.0209,%,False,False,2024-05-13T06:26:34
SN080,M030,108.8739,%,True,True,2024-10-18T00:49:14
SN068,M018,7.7609,bar,False,False,2024-06-17T19:04:40
SN019,M019,33.3929,A,False,False,2024-08-16T06:56:53
SN043,M043,9.1375,mm/s,False,False,2024-02-18T07:13:39
SN077,M027,40.113,A,False,False,2024-05-08T07:54:33
SN015,M015,6.8012,bar,False,False,2024-04-03T11:38:57
SN138,M038,62.8728,°C,False,False,2024-07-09T11:48:47
SN110,M010,8.6135,mm/s,False,False,2024-12-05T15:20:39
SN078,M028,71.7179,%,False,False,2024-09-01T08:25:45
SN106,M006,3.1196,bar,False,False,2024-09-08T04:50:46
SN074,M024,8.6496,mm/s,False,False,2024-06-07T03:24:55
SN144,M044,60.7738,°C,False,False,2024-03-17T01:34:09
SN083,M033,2.5164,mm/s,False,False,2024-10-06T15:43:44
SN022,M022,3114.8318,RPM,True,True,2024-10-23T18:10:54
SN037,M037,27.46,A,False,False,2024-08-21T10:29:31
SN086,M036,72.8266,%,False,False,2024-09-08T20:39:52
SN054,M004,10.8761,bar,True,True,2024-12-23T13:10:46
SN129,M029,29.6566,%,False,False,2024-12-03T04:27:36
SN126,M026,1493.9155,RPM,False,False,2024-10-21T18:16:07
SN122,M022,53.4867,A,True,True,2024-05-07T04:58:03
SN107,M007,2694.2603,RPM,False,False,2024-10-17T05:52:50
SN109,M009,39.9149,%,False,False,2024-04-19T05:31:23
SN055,M005,3.1944,bar,False,False,2024-07-16T13:08:54
SN097,M047,34.1397,A,False,False,2024-03-31T08:15:39
SN027,M027,32.0276,A,False,False,2024-02-28T11:07:37
SN051,M001,48.8033,%,False,False,2024-06-12T18:19:57
SN023,M023,8.1588,bar,False,False,2024-12-16T08:53:35
SN013,M013,2.8686,bar,False,False,2024-02-18T04:03:39
SN115,M015,9.8768,mm/s,False,False,2024-06-28T00:40:59
SN119,M019,2.471,bar,False,False,2024-06-09T13:52:46
SN035,M035,44.802,A,False,False,2024-06-21T15:00:17
SN138,M038,22.4993,°C,False,False,2024-08-26T13:15:17
SN142,M042,1725.5425,RPM,False,False,2024-11-12T00:23:42
SN127,M027,5.6521,mm/s,False,False,2024-10-27T08:27:15
SN096,M046,61.5614,°C,False,False,2024-09-09T11:01:42
SN062,M012,2392.0358,RPM,False,False,2024-10-03T20:21:24
SN086,M036,43.1963,%,False,False,2024-03-14T21:20:06
SN115,M015,8.9742,mm/s,False,False,2024-12-07T01:12:30
SN008,M008,2234.4233,RPM,False,False,2024-07-03T22:29:20
SN100,M050,6.3563,mm/s,False,False,2024-04-19T06:46:07
SN007,M007,7.1391,A,False,False,2024-12-02T13:04:38
SN123,M023,16.8478,A,False,False,2024-04-29T15:56:12
SN114,M014,39.5221,%,False,False,2024-01-30T12:39:48
SN082,M032,7.5155,bar,False,False,2024-09-10T02:39:48
SN054,M004,6.0011,bar,False,False,2024-11-02T07:50:07
SN009,M009,132.5572,RPM,False,False,2024-11-26T12:52:51
SN072,M022,9.0779,mm/s,False,False,2024-05-24T16:53:23
SN102,M002,24.0464,A,False,False,2024-04-04T01:10:14
SN075,M025,42.493,%,False,False,2024-07-23T00:27:55
SN086,M036,47.6847,%,False,False,2024-04-05T12:54:10
SN088,M038,75.5126,°C,False,False,2024-12-01T21:37:52
SN034,M034,4.6536,bar,False,False,2024-01-13T09:15:06
SN004,M004,22.2368,°C,False,False,2024-06-30T03:18:12
SN008,M008,1626.2667,RPM,False,False,2024-01-31T13:21:48
SN018,M018,11.662,A,False,False,2024-04-29T11:38:41
SN150,M050,7.5887,mm/s,False,False,2024-11-16T04:38:04
SN108,M008,6.8401,mm/s,False,False,2024-10-24T05:53:20
SN129,M029,68.1817,%,False,False,2024-11-19T17:13:52
SN081,M031,25.683,%,False,False,2024-02-09T12:51:58
SN082,M032,7.3654,bar,False,False,2024-06-22T22:00:13
SN071,M021,218.0272,RPM,False,False,2024-10-10T13:38:33
SN079,M029,1211.3931,RPM,False,False,2024-02-06T02:54:37
SN131,M031,30.7757,A,False,False,2024-07-17T11:59:59
SN125,M025,37.0503,°C,False,False,2024-06-28T06:02:05
SN150,M050,7.6518,mm/s,False,False,2024-11-29T09:47:39
SN099,M049,29.6456,%,False,False,2024-08-26T11:55:15
SN005,M005,33.8207,A,False,False,2024-05-23T06:01:31
SN104,M004,28.5189,A,False,False,2024-05-25T14:34:30
SN005,M005,29.3941,A,False,False,2024-04-17T06:36:59
SN043,M043,7.8849,mm/s,False,False,2024-01-02T09:38:14
SN047,M047,2.1197,mm/s,False,False,2024-06-13T04:54:12
SN074,M024,3.5972,mm/s,False,False,2024-11-21T12:21:56
SN124,M024,29.5992,A,False,False,2024-06-13T00:24:37
SN045,M045,1.5702,bar,False,False,2024-01-22T06:43:40
SN091,M041,73.197,°C,False,False,2024-07-25T13:59:07
SN100,M050,3.5149,mm/s,False,False,2024-04-29T10:22:18
SN116,M016,33.9655,%,False,False,2024-08-17T10:28:33
SN024,M024,34.8285,A,False,False,2024-07-13T07:31:55
SN087,M037,1297.3404,RPM,False,False,2024-12-01T19:59:53
SN078,M028,20.1744,%,False,False,2024-05-07T02:47:27
SN068,M018,1.1418,bar,False,False,2024-12-14T10:25:48
SN043,M043,2.5756,mm/s,False,False,2024-07-14T22:43:52
SN124,M024,39.8194,A,False,False,2024-02-01T21:06:13
SN138,M038,61.429,°C,False,False,2024-10-20T03:04:47
SN105,M005,8.8682,bar,False,False,2024-12-01T17:58:50
SN128,M028,272.2093,RPM,False,False,2024-02-05T00:28:09
SN053,M003,24.6386,°C,False,False,2024-09-18T21:04:50
SN049,M049,55.0864,A,True,True,2024-05-25T04:53:21
SN051,M001,81.8763,%,False,False,2024-06-11T11:50:46
SN082,M032,1.6675,bar,False,False,2024-03-22T13:41:25
SN135,M035,42.1543,°C,False,False,2024-03-06T03:53:35
SN031,M031,28.6101,A,False,False,2024-05-13T11:46:10
SN015,M015,5.4414,bar,False,False,2024-10-01T03:17:43
SN020,M020,46.1285,A,False,False,2024-08-03T03:39:34
SN097,M047,38.3634,A,False,False,2024-11-22T00:44:13
SN029,M029,42.6081,%,False,False,2024-08-29T02:35:20
SN046,M046,585.772,RPM,False,False,2024-11-27T14:07:43
SN025,M025,886.4896,RPM,False,False,2024-10-23T00:15:42
SN147,M047,78.3951,%,False,False,2024-10-24T06:19:07
SN011,M011,11.3174,mm/s,False,False,2024-07-25T22:42:13
SN017,M017,9.8741,mm/s,False,False,2024-03-14T10:20:24
SN067,M017,6.157,bar,False,False,2024-11-13T01:40:53
SN045,M045,2.3344,bar,False,False,2024-09-24T15:13:33
SN095,M045,35.3667,A,False,False,2024-04-04T01:07:11
SN014,M014,7.2518,bar,False,False,2024-02-09T11:01:33
SN045,M045,3.6724,bar,False,False,2024-07-02T09:03:15
SN050,M050,11.2877,mm/s,False,False,2024-04-24T20:20:15
SN103,M003,710.957,RPM,False,False,2024-05-09T01:38:04
SN092,M042,75.6079,%,False,False,2024-01-25T09:04:32
SN083,M033,2.1638,mm/s,False,False,2024-11-09T23:27:42
SN079,M029,1281.8737,RPM,False,False,2024-07-25T22:16:44
SN023,M023,1.8484,bar,False,False,2024-01-19T10:17:26
SN105,M005,5.6668,bar,False,False,2024-09-14T17:36:30
SN081,M031,46.6439,%,False,False,2024-11-21T23:52:12
SN111,M011,68.6134,°C,False,False,2024-05-06T10:13:06
SN078,M028,56.5727,%,False,False,2024-03-12T08:47:11
SN026,M026,44.5911,A,False,False,2024-11-29T02:13:19
SN069,M019,1.4681,bar,False,False,2024-04-29T03:27:10
SN022,M022,2614.4789,RPM,False,False,2024-11-08T02:56:49
SN027,M027,62.1745,A,True,True,2024-12-22T09:45:07
SN098,M048,18.0754,A,False,False,2024-08-27T04:13:35
SN024,M024,61.2945,A,True,True,2024-12-10T22:30:52
SN135,M035,29.7223,°C,False,False,2024-04-07T02:42:58
SN035,M035,5.8662,A,False,False,2024-07-26T23:39:43
SN037,M037,23.9142,A,False,False,2024-02-18T21:54:00
SN039,M039,58.4438,°C,False,False,2024-07-12T21:04:48
SN092,M042,46.3381,%,False,False,2024-09-09T14:00:48
SN098,M048,27.0028,A,False,False,2024-05-28T03:27:04
SN038,M038,53.2259,A,True,True,2024-04-15T05:48:37
SN128,M028,2657.3363,RPM,False,False,2024-02-03T12:50:35
SN001,M001,97.8181,°C,True,True,2024-02-24T00:59:36
SN091,M041,66.1738,°C,False,False,2024-08-02T02:11:31
SN117,M017,12.7954,mm/s,True,True,2024-02-26T14:38:57
SN008,M008,3505.318,RPM,True,True,2024-06-28T22:17:34
SN069,M019,6.2333,bar,False,False,2024-10-12T10:50:46
SN033,M033,2.1817,mm/s,False,False,2024-06-28T20:13:27
SN032,M032,41.2411,°C,False,False,2024-04-24T15:51:03
SN086,M036,66.9778,%,False,False,2024-01-18T08:35:45
SN085,M035,5.8336,mm/s,False,False,2024-12-25T10:20:09
SN006,M006,420.1466,RPM,False,False,2024-09-02T08:21:26
SN133,M033,38.2856,A,False,False,2024-01-18T01:20:37
SN074,M024,1.9779,mm/s,False,False,2024-12-29T05:39:14
SN047,M047,4.771,mm/s,False,False,2024-05-19T06:30:27
SN077,M027,12.5158,A,False,False,2024-11-08T11:49:19
SN103,M003,1729.9135,RPM,False,False,2024-05-12T10:57:35
SN011,M011,0.2655,mm/s,False,False,2024-12-04T02:48:36
SN022,M022,2770.3492,RPM,False,False,2024-08-14T23:13:23
SN130,M030,4.4704,mm/s,False,False,2024-09-24T02:51:37
SN067,M017,1.797,bar,False,False,2024-05-31T01:04:43
SN085,M035,4.0404,mm/s,False,False,2024-11-08T17:33:33
SN035,M035,26.546,A,False,False,2024-07-25T03:48:59
SN131,M031,21.0329,A,False,False,2024-12-07T18:52:45
SN098,M048,33.1197,A,False,False,2024-12-19T22:08:32
SN061,M011,45.5026,%,False,False,2024-01-21T09:01:34
SN107,M007,2522.3899,RPM,False,False,2024-02-23T14:44:19
SN006,M006,2828.027,RPM,False,False,2024-11-06T10:36:57
SN050,M050,0.104,mm/s,False,False,2024-04-18T12:35:24
SN124,M024,13.162,A,False,False,2024-10-19T12:40:14
SN115,M015,0.9079,mm/s,False,False,2024-08-12T05:55:28
SN004,M004,21.0131,°C,False,False,2024-05-07T21:01:40
SN032,M032,64.3643,°C,False,False,2024-11-28T18:18:28
SN134,M034,47.0406,A,False,False,2024-05-05T07:20:09
SN063,M013,82.2734,%,False,False,2024-08-09T04:28:37
SN075,M025,58.5874,%,False,False,2024-10-19T14:59:41
SN032,M032,69.1394,°C,False,False,2024-10-10T22:07:53
SN013,M013,2.9835,bar,False,False,2024-06-20T01:45:19
SN033,M033,6.7092,mm/s,False,False,2024-12-08T19:24:23
SN024,M024,19.4199,A,False,False,2024-03-24T12:26:16
SN015,M015,3.8167,bar,False,False,2024-03-26T20:27:12
SN033,M033,4.4898,mm/s,False,False,2024-01-04T00:56:54
SN143,M043,24.2503,A,False,False,2024-07-19T19:25:18
SN104,M004,25.1142,A,False,False,2024-10-26T02:59:45
SN106,M006,3.8197,bar,False,False,2024-09-24T11:46:10
SN039,M039,30.133,°C,False,False,2024-10-27T16:59:01
SN137,M037,41.4503,A,False,False,2024-03-02T16:35:30
SN135,M035,63.5519,°C,False,False,2024-12-15T22:34:57
SN001,M001,26.7301,°C,False,False,2024-03-25T19:01:06
SN040,M040,32.7374,°C,False,False,2024-06-18T15:10:26
SN131,M031,20.287,A,False,False,2024-10-09T12:43:37
SN077,M027,39.5106,A,False,False,2024-07-07T08:08:25
SN105,M005,5.2702,bar,False,False,2024-08-25T05:10:44
SN103,M003,2284.874,RPM,False,False,2024-03-25T23:27:54
SN123,M023,34.8681,A,False,False,2024-08-11T03:01:38
SN084,M034,1353.5901,RPM,False,False,2024-02-26T22:01:54
SN021,M021,1813.1083,RPM,False,False,2024-02-01T12:28:29
SN123,M023,16.3691,A,False,False,2024-11-01T18:05:22
SN085,M035,1.8085,mm/s,False,False,2024-07-14T07:47:59
SN126,M026,2019.332,RPM,False,False,2024-04-17T08:33:09
SN023,M023,1.5471,bar,False,False,2024-09-04T01:00:27
SN075,M025,45.268,%,False,False,2024-12-10T14:26:45
SN041,M041,39.6363,°C,False,False,2024-02-16T17:16:49
SN031,M031,29.3939,A,False,False,2024-06-13T19:42:07
SN066,M016,764.4293,RPM,False,False,2024-06-06T18:36:35
SN092,M042,24.7122,%,False,False,2024-05-19T02:34:36
SN112,M012,318.0382,RPM,False,False,2024-06-05T15:03:08
SN113,M013,4.8652,mm/s,False,False,2024-12-29T06:14:11
SN003,M003,141.9881,RPM,False,False,2024-03-21T05:08:16
SN090,M040,73.5906,%,False,False,2024-01-24T16:47:57
SN029,M029,32.5545,%,False,False,2024-01-15T14:49:20
SN022,M022,932.7509,RPM,False,False,2024-07-03T15:02:56
SN040,M040,37.0575,°C,False,False,2024-02-19T00:45:37
SN135,M035,52.8931,°C,False,False,2024-10-16T08:54:20
SN056,M006,6.634,bar,False,False,2024-03-06T00:12:56
SN123,M023,26.2816,A,False,False,2024-08-08T11:35:10
SN134,M034,20.705,A,False,False,2024-09-26T14:01:12
SN013,M013,7.8379,bar,False,False,2024-12-05T12:33:04
SN130,M030,3.1304,mm/s,False,False,2024-11-04T05:12:14
SN053,M003,38.2257,°C,False,False,2024-01-02T22:40:42
SN019,M019,15.8481,A,False,False,2024-03-26T02:50:44
SN113,M013,4.2719,mm/s,False,False,2024-12-08T04:51:35
SN135,M035,79.9459,°C,False,False,2024-07-07T17:34:20
SN027,M027,15.4991,A,False,False,2024-04-15T20:29:44
SN107,M007,983.3934,RPM,False,False,2024-08-15T11:46:38
SN040,M040,22.4849,°C,False,False,2024-12-11T20:20:59
SN112,M012,761.8719,RPM,False,False,2024-10-17T09:25:43
SN104,M004,6.5448,A,False,False,2024-02-22T19:55:10
SN013,M013,7.3698,bar,False,False,2024-06-02T10:29:04
SN077,M027,2.9909,A,False,False,2024-08-20T17:53:17
SN040,M040,69.8765,°C,False,False,2024-05-15T13:08:27
SN105,M005,6.3256,bar,False,False,2024-09-22T04:09:38
SN040,M040,42.1392,°C,False,False,2024-01-17T12:48:57
SN044,M044,2506.515,RPM,False,False,2024-05-18T19:21:57
SN083,M033,9.6876,mm/s,False,False,2024-09-09T01:11:33
SN056,M006,8.3176,bar,False,False,2024-09-18T14:11:54
SN128,M028,2493.0428,RPM,False,False,2024-08-01T05:15:39
SN036,M036,7.539,A,False,False,2024-03-11T20:01:33
SN107,M007,2685.8202,RPM,False,False,2024-05-23T23:55:29
SN102,M002,24.3199,A,False,False,2024-04-22T01:40:48
SN102,M002,57.4536,A,True,True,2024-10-28T15:56:31
SN006,M006,2365.8876,RPM,False,False,2024-02-01T22:01:47
SN145,M045,10.695,mm/s,False,False,2024-08-23T19:02:49
SN130,M030,5.5093,mm/s,False,False,2024-05-23T19:40:54
SN018,M018,32.1853,A,False,False,2024-04-17T16:57:58
SN077,M027,14.5739,A,False,False,2024-10-30T05:08:28
SN043,M043,7.6629,mm/s,False,False,2024-06-15T18:42:30
SN071,M021,506.8526,RPM,False,False,2024-10-21T21:31:10
SN063,M013,62.1881,%,False,False,2024-09-14T11:16:06
SN147,M047,48.8183,%,False,False,2024-06-17T16:39:01
SN090,M040,40.9102,%,False,False,2024-12-14T16:56:44
SN010,M010,43.6877,%,False,False,2024-04-27T16:05:37
SN068,M018,7.0211,bar,False,False,2024-09-05T00:37:18
SN079,M029,2182.6299,RPM,False,False,2024-07-27T13:36:28
SN121,M021,290.2685,RPM,False,False,2024-11-29T22:08:06
SN106,M006,2.4851,bar,False,False,2024-02-24T16:56:52
SN001,M001,36.1371,°C,False,False,2024-08-25T20:50:05
SN014,M014,9.0462,bar,False,False,2024-09-26T11:55:47
SN062,M012,320.7769,RPM,False,False,2024-03-22T18:05:11
SN093,M043,22.1645,A,False,False,2024-01-20T18:55:05
SN013,M013,9.0728,bar,False,False,2024-09-06T21:22:45
SN065,M015,40.7934,A,False,False,2024-10-24T16:17:43
SN074,M024,2.9963,mm/s,False,False,2024-09-14T13:35:12
SN019,M019,31.315,A,False,False,2024-09-26T14:44:00
SN138,M038,30.5066,°C,False,False,2024-05-21T20:40:43
SN120,M020,3.8391,mm/s,False,False,2024-04-08T20:41:35
SN027,M027,12.8423,A,False,False,2024-10-10T23:32:48
SN125,M025,43.9056,°C,False,False,2024-05-07T16:37:43
SN096,M046,57.6392,°C,False,False,2024-05-01T23:22:48
SN039,M039,28.7825,°C,False,False,2024-05-22T10:03:52
SN096,M046,21.0724,°C,False,False,2024-10-28T01:49:32
SN150,M050,9.5381,mm/s,False,False,2024-07-07T17:42:10
SN078,M028,43.7192,%,False,False,2024-07-13T19:06:43
SN026,M026,19.1165,A,False,False,2024-03-01T08:17:00
SN136,M036,37.1932,%,False,False,2024-09-05T15:47:45
SN031,M031,19.5009,A,False,False,2024-04-02T13:27:14
SN055,M005,6.5692,bar,False,False,2024-09-04T19:22:14
SN078,M028,39.6882,%,False,False,2024-06-29T14:14:41
SN027,M027,38.326,A,False,False,2024-06-21T15:51:48
SN025,M025,2790.3567,RPM,False,False,2024-09-16T23:38:31
SN126,M026,2298.9154,RPM,False,False,2024-09-26T08:12:32
SN063,M013,28.1538,%,False,False,2024-05-15T15:42:25
SN082,M032,9.4549,bar,False,False,2024-07-20T05:59:18
SN056,M006,3.4089,bar,False,False,2024-10-04T05:53:14
SN104,M004,56.307,A,True,True,2024-03-15T03:54:31
SN100,M050,0.8873,mm/s,False,False,2024-05-15T02:59:08
SN008,M008,112.044,RPM,False,False,2024-02-10T17:22:03
SN113,M013,10.7173,mm/s,False,False,2024-06-27T15:37:18
SN147,M047,37.666,%,False,False,2024-01-13T23:42:59
SN126,M026,1997.078,RPM,False,False,2024-03-10T03:59:36
SN136,M036,64.5337,%,False,False,2024-06-03T12:24:10
SN040,M040,68.4862,°C,False,False,2024-08-12T14:09:16
SN061,M011,70.4776,%,False,False,2024-12-24T14:12:48
SN150,M050,4.5806,mm/s,False,False,2024-04-07T02:02:40
SN091,M041,68.0281,°C,False,False,2024-07-08T01:22:13
SN062,M012,1920.3492,RPM,False,False,2024-05-18T06:35:15
SN135,M035,22.7626,°C,False,False,2024-01-23T10:40:08
SN117,M017,6.0874,mm/s,False,False,2024-03-24T06:20:28
SN070,M020,2756.0602,RPM,False,False,2024-03-30T12:15:57
SN089,M039,7.4029,bar,False,False,2024-08-25T17:06:31
SN002,M002,32.4163,%,False,False,2024-08-22T09:58:09
SN120,M020,3.5327,mm/s,False,False,2024-07-10T06:25:20
SN080,M030,34.8496,%,False,False,2024-06-06T08:37:52
SN058,M008,7.0543,bar,False,False,2024-10-09T09:48:30
SN146,M046,70.345,%,False,False,2024-12-09T11:34:06
SN017,M017,3.0555,mm/s,False,False,2024-01-09T16:17:10
SN051,M001,75.9471,%,False,False,2024-12-12T03:33:36
SN003,M003,2605.393,RPM,False,False,2024-09-18T13:53:20
SN059,M009,36.7735,A,False,False,2024-06-18T16:41:46
SN094,M044,437.0978,RPM,False,False,2024-11-16T03:36:41
SN007,M007,46.2797,A,False,False,2024-05-13T02:14:36
SN047,M047,7.631,mm/s,False,False,2024-04-02T03:39:09
SN121,M021,2696.0309,RPM,False,False,2024-10-01T18:46:09
SN018,M018,24.0625,A,False,False,2024-10-23T13:08:58
SN134,M034,44.6013,A,False,False,2024-02-10T06:25:32
SN023,M023,6.7139,bar,False,False,2024-03-17T04:00:31
SN043,M043,7.1435,mm/s,False,False,2024-03-05T14:52:44
SN083,M033,9.1782,mm/s,False,False,2024-02-02T01:57:56
SN028,M028,71.7265,%,False,False,2024-07-31T06:15:16
SN146,M046,29.6119,%,False,False,2024-05-09T09:09:08
SN079,M029,2160.9363,RPM,False,False,2024-05-03T16:23:07
SN116,M016,61.2111,%,False,False,2024-04-15T23:07:52
SN097,M047,33.2532,A,False,False,2024-03-11T05:46:11
SN096,M046,39.2593,°C,False,False,2024-04-21T05:32:11
SN020,M020,4.6339,A,False,False,2024-10-26T23:53:57
SN137,M037,36.3144,A,False,False,2024-09-27T09:49:40
SN088,M038,43.2093,°C,False,False,2024-06-23T19:39:35
SN049,M049,0.8688,A,False,False,2024-05-11T07:34:33
SN037,M037,26.2493,A,False,False,2024-09-08T16:25:51
SN139,M039,56.0316,°C,False,False,2024-06-21T15:35:30
SN110,M010,8.8957,mm/s,False,False,2024-07-27T13:44:30
SN072,M022,10.7057,mm/s,False,False,2024-04-11T00:58:02
SN098,M048,7.8761,A,False,False,2024-01-29T22:23:52
SN067,M017,3.0726,bar,False,False,2024-04-04T08:18:34
SN083,M033,0.6802,mm/s,False,False,2024-02-07T20:15:42
SN029,M029,31.0684,%,False,False,2024-03-21T09:55:41
SN100,M050,12.2445,mm/s,True,True,2024-07-06T01:36:50
SN102,M002,22.2639,A,False,False,2024-07-06T12:59:49
SN012,M012,30.1163,RPM,False,False,2024-06-12T19:20:52
SN124,M024,46.1379,A,False,False,2024-04-02T03:13:17
SN120,M020,8.4413,mm/s,False,False,2024-05-24T22:15:26
SN001,M001,59.743,°C,False,False,2024-09-24T14:20:42
SN017,M017,2.1152,mm/s,False,False,2024-02-06T10:21:52
SN128,M028,803.5259,RPM,False,False,2024-07-22T07:51:50
SN133,M033,2.343,A,False,False,2024-04-26T10:22:45
SN027,M027,38.6613,A,False,False,2024-03-27T08:38:30
SN012,M012,2357.264,RPM,False,False,2024-03-03T20:24:50
SN100,M050,7.4595,mm/s,False,False,2024-11-05T01:48:56
SN103,M003,1223.7892,RPM,False,False,2024-04-25T22:19:14
SN028,M028,25.4571,%,False,False,2024-01-15T08:54:40
SN083,M033,7.8054,mm/s,False,False,2024-03-30T14:11:45
SN006,M006,2598.4098,RPM,False,False,2024-11-05T04:02:49
SN146,M046,103.4864,%,True,True,2024-10-02T14:27:54
SN125,M025,33.9402,°C,False,False,2024-02-20T18:06:14
SN087,M037,2844.4397,RPM,False,False,2024-09-30T20:38:16
SN116,M016,28.0816,%,False,False,2024-01-27T20:32:13
SN096,M046,26.0653,°C,False,False,2024-06-03T05:17:47
SN140,M040,43.769,°C,False,False,2024-01-05T04:25:37
SN119,M019,2.0019,bar,False,False,2024-05-08T23:31:31
SN064,M014,2.8382,mm/s,False,False,2024-12-16T00:59:16
SN102,M002,37.0955,A,False,False,2024-05-12T09:40:48
SN044,M044,9.8247,RPM,False,False,2024-03-08T15:57:43
SN029,M029,68.1406,%,False,False,2024-10-20T21:14:47
SN007,M007,24.2271,A,False,False,2024-05-22T11:10:54
SN071,M021,403.459,RPM,False,False,2024-11-23T09:43:27
SN060,M010,11.3277,mm/s,False,False,2024-07-30T17:58:17
SN060,M010,9.4341,mm/s,False,False,2024-03-15T14:43:36
SN022,M022,3309.8406,RPM,True,True,2024-04-02T22:33:34
SN084,M034,1368.0512,RPM,False,False,2024-05-11T07:03:31
SN065,M015,10.3394,A,False,False,2024-09-25T01:45:39
SN089,M039,8.4467,bar,False,False,2024-10-12T05:08:50
SN021,M021,2585.9366,RPM,False,False,2024-10-24T03:46:57
SN023,M023,5.6162,bar,False,False,2024-03-14T13:19:13
SN023,M023,4.125,bar,False,False,2024-09-03T12:38:03
SN150,M050,6.4554,mm/s,False,False,2024-01-05T15:14:13
SN057,M007,36.0224,A,False,False,2024-08-22T03:25:02
SN117,M017,10.59,mm/s,False,False,2024-02-01T15:07:51
SN125,M025,31.6789,°C,False,False,2024-05-14T03:21:30
SN106,M006,8.7142,bar,False,False,2024-12-12T21:42:33
SN147,M047,28.4868,%,False,False,2024-12-19T10:31:27
SN098,M048,52.0721,A,True,True,2024-06-01T07:11:59
SN065,M015,11.0133,A,False,False,2024-09-03T10:49:47
SN143,M043,9.9196,A,False,False,2024-06-23T01:41:41
SN099,M049,27.5524,%,False,False,2024-08-04T10:54:06
SN117,M017,4.6023,mm/s,False,False,2024-06-29T12:08:24
SN112,M012,26.7613,RPM,False,False,2024-04-18T16:04:04
SN058,M008,9.0048,bar,False,False,2024-09-11T18:52:35
SN117,M017,7.6186,mm/s,False,False,2024-03-31T13:22:29
SN021,M021,1346.3945,RPM,False,False,2024-04-01T18:47:40
SN012,M012,504.5842,RPM,False,False,2024-08-13T07:20:06
SN108,M008,8.2372,mm/s,False,False,2024-06-24T05:23:02
SN086,M036,84.428,%,False,False,2024-12-14T00:36:07
SN068,M018,3.8924,bar,False,False,2024-10-29T17:17:42
SN001,M001,37.065,°C,False,False,2024-07-26T02:59:21
SN012,M012,1997.5921,RPM,False,False,2024-06-19T09:48:39
SN056,M006,5.6019,bar,False,False,2024-05-13T18:23:56
SN100,M050,13.1809,mm/s,True,True,2024-04-22T10:25:46
SN042,M042,47.6421,°C,False,False,2024-10-29T17:00:18
SN150,M050,4.1026,mm/s,False,False,2024-08-13T03:23:42
SN077,M027,19.6439,A,False,False,2024-02-15T13:56:23
SN027,M027,22.9955,A,False,False,2024-08-11T17:55:26
SN122,M022,41.8529,A,False,False,2024-05-20T14:37:08
SN075,M025,42.9966,%,False,False,2024-05-12T14:16:10
SN119,M019,5.8048,bar,False,False,2024-06-26T01:27:08
SN039,M039,61.4998,°C,False,False,2024-03-22T14:09:54
SN076,M026,36.3031,°C,False,False,2024-09-21T04:51:28
SN007,M007,27.5486,A,False,False,2024-08-24T10:56:26
SN130,M030,7.8122,mm/s,False,False,2024-07-24T05:16:31
SN090,M040,20.7472,%,False,False,2024-06-17T11:59:30
SN098,M048,34.6234,A,False,False,2024-03-11T16:19:42
SN105,M005,5.4149,bar,False,False,2024-12-27T18:05:50
SN105,M005,5.049,bar,False,False,2024-08-30T15:31:05
SN114,M014,78.3193,%,False,False,2024-06-19T12:04:58
SN096,M046,65.9798,°C,False,False,2024-03-20T15:51:45
SN146,M046,74.0646,%,False,False,2024-02-26T01:06:50
SN097,M047,22.2507,A,False,False,2024-03-12T08:33:31
SN114,M014,71.4388,%,False,False,2024-01-22T10:15:36
SN113,M013,11.2673,mm/s,False,False,2024-02-17T20:19:56
SN034,M034,4.5653,bar,False,False,2024-03-13T18:59:12
SN009,M009,2755.482,RPM,False,False,2024-09-10T15:52:27
SN043,M043,1.8692,mm/s,False,False,2024-03-15T19:05:27
SN062,M012,407.828,RPM,False,False,2024-08-27T12:49:49
SN059,M009,18.0065,A,False,False,2024-11-01T20:00:51
SN103,M003,2535.3514,RPM,False,False,2024-11-20T02:16:33
SN097,M047,46.2798,A,False,False,2024-10-01T20:24:33
SN059,M009,0.1095,A,False,False,2024-08-25T15:59:35
SN089,M039,2.6212,bar,False,False,2024-06-18T23:09:23
SN138,M038,39.6295,°C,False,False,2024-02-24T14:15:07
SN079,M029,1441.6677,RPM,False,False,2024-04-04T03:42:19
SN124,M024,2.3066,A,False,False,2024-11-01T01:06:35
SN098,M048,12.5828,A,False,False,2024-07-25T05:51:40
SN143,M043,25.2561,A,False,False,2024-10-29T20:56:14
SN088,M038,27.0742,°C,False,False,2024-08-12T17:28:36
SN134,M034,12.1564,A,False,False,2024-05-20T15:06:35
SN090,M040,79.2457,%,False,False,2024-07-24T14:26:00
SN002,M002,83.8249,%,False,False,2024-06-08T07:18:50
SN078,M028,43.9182,%,False,False,2024-11-06T23:11:56
SN008,M008,2449.9735,RPM,False,False,2024-06-13T18:32:43
SN141,M041,45.6278,A,False,False,2024-07-30T09:46:11
SN102,M002,53.0749,A,True,True,2024-03-29T19:29:51
SN034,M034,3.1174,bar,False,False,2024-01-30T04:32:56
SN124,M024,61.3423,A,True,True,2024-08-29T08:10:00
SN084,M034,2748.7055,RPM,False,False,2024-12-24T06:21:25
SN054,M004,7.5933,bar,False,False,2024-09-14T00:43:55
SN034,M034,5.0118,bar,False,False,2024-07-22T16:32:24
SN124,M024,42.0635,A,False,False,2024-07-12T00:57:47
SN052,M002,6.9472,bar,False,False,2024-04-07T17:03:58
SN041,M041,54.4686,°C,False,False,2024-11-05T14:28:32
SN105,M005,7.9482,bar,False,False,2024-07-03T00:58:11
SN148,M048,39.6773,%,False,False,2024-06-14T20:57:23
SN003,M003,2166.6889,RPM,False,False,2024-07-29T10:53:33
SN143,M043,22.3729,A,False,False,2024-01-08T12:41:30
SN083,M033,0.4711,mm/s,False,False,2024-07-23T16:39:29
SN125,M025,61.6001,°C,False,False,2024-02-28T06:41:18
SN006,M006,453.7511,RPM,False,False,2024-09-30T03:18:30
SN001,M001,73.9124,°C,False,False,2024-05-20T03:23:14
SN077,M027,12.9006,A,False,False,2024-06-03T16:52:49
SN071,M021,1765.6148,RPM,False,False,2024-09-12T18:07:01
SN018,M018,42.1822,A,False,False,2024-06-06T14:14:37
SN107,M007,1329.4325,RPM,False,False,2024-09-09T12:37:10
SN005,M005,16.8868,A,False,False,2024-06-06T13:53:57
SN147,M047,38.0633,%,False,False,2024-11-16T11:45:47
SN014,M014,7.1311,bar,False,False,2024-01-22T12:23:08
SN124,M024,36.4326,A,False,False,2024-04-23T12:56:34
SN139,M039,68.9043,°C,False,False,2024-03-19T07:38:13
SN004,M004,42.6271,°C,False,False,2024-07-10T14:55:34
SN037,M037,32.7177,A,False,False,2024-03-24T22:49:33
SN102,M002,30.6025,A,False,False,2024-06-14T12:53:17
SN013,M013,8.3476,bar,False,False,2024-05-10T07:46:00
SN115,M015,1.7502,mm/s,False,False,2024-02-22T06:23:48
SN103,M003,763.4896,RPM,False,False,2024-09-14T17:45:26
SN137,M037,33.4255,A,False,False,2024-08-29T03:46:26
SN118,M018,13.2474,mm/s,True,True,2024-10-07T12:56:50
SN028,M028,52.511,%,False,False,2024-11-24T22:49:46
SN124,M024,1.3162,A,False,False,2024-02-20T03:32:48
SN090,M040,28.5606,%,False,False,2024-02-16T06:38:01
SN144,M044,63.9722,°C,False,False,2024-05-17T00:37:44
SN033,M033,8.0374,mm/s,False,False,2024-08-07T11:07:58
SN116,M016,74.4528,%,False,False,2024-08-11T10:38:32
SN051,M001,58.3496,%,False,False,2024-07-15T07:47:45
SN042,M042,26.2658,°C,False,False,2024-07-26T23:27:58
SN096,M046,69.2412,°C,False,False,2024-01-31T00:43:27
SN110,M010,9.1436,mm/s,False,False,2024-09-07T20:27:07
SN114,M014,59.401,%,False,False,2024-01-08T12:47:44
SN120,M020,10.674,mm/s,False,False,2024-04-27T13:24:18
SN029,M029,83.0878,%,False,False,2024-12-21T05:59:51
SN047,M047,9.242,mm/s,False,False,2024-11-17T01:38:36
SN061,M011,30.3786,%,False,False,2024-02-20T14:21:14
SN089,M039,5.3956,bar,False,False,2024-07-30T19:37:23
SN061,M011,31.647,%,False,False,2024-09-10T15:39:43
SN148,M048,83.3939,%,False,False,2024-12-21T07:48:01
SN121,M021,671.5581,RPM,False,False,2024-12-24T20:20:38
SN112,M012,1314.1008,RPM,False,False,2024-03-07T17:46:05
SN067,M017,6.4005,bar,False,False,2024-03-17T17:19:37
SN088,M038,57.8251,°C,False,False,2024-06-28T14:15:05
SN133,M033,28.6711,A,False,False,2024-12-02T17:06:54
SN097,M047,5.2401,A,False,False,2024-12-17T01:55:26
SN104,M004,40.442,A,False,False,2024-03-27T12:39:02
SN133,M033,30.7605,A,False,False,2024-11-20T05:59:53
SN041,M041,54.7098,°C,False,False,2024-10-23T06:44:09
SN058,M008,5.5385,bar,False,False,2024-01-08T06:52:55
SN076,M026,48.6072,°C,False,False,2024-12-01T14:24:20
SN108,M008,7.1419,mm/s,False,False,2024-10-07T00:09:37
SN013,M013,1.0806,bar,False,False,2024-01-26T13:26:42
SN108,M008,5.5054,mm/s,False,False,2024-07-04T14:11:07
SN107,M007,2505.0962,RPM,False,False,2024-06-06T11:41:51
SN098,M048,46.0278,A,False,False,2024-11-19T14:49:11
SN036,M036,12.4307,A,False,False,2024-02-29T17:25:26
SN009,M009,2228.3868,RPM,False,False,2024-03-30T16:24:47
SN014,M014,1.7185,bar,False,False,2024-04-14T05:56:58
SN016,M016,7.738,mm/s,False,False,2024-02-27T14:20:06
SN120,M020,10.7641,mm/s,False,False,2024-02-14T03:17:03
SN118,M018,2.078,mm/s,False,False,2024-04-30T16:17:54
SN017,M017,10.944,mm/s,False,False,2024-05-07T11:35:38
SN108,M008,8.9827,mm/s,False,False,2024-12-07T07:01:42
SN003,M003,1486.8546,RPM,False,False,2024-02-18T21:13:41
SN058,M008,3.8047,bar,False,False,2024-07-23T20:32:46
SN070,M020,872.5983,RPM,False,False,2024-03-02T07:52:15
SN148,M048,35.8744,%,False,False,2024-11-04T08:00:46
SN083,M033,7.8021,mm/s,False,False,2024-12-20T00:40:11
SN124,M024,37.8694,A,False,False,2024-02-02T00:12:35
SN091,M041,56.1541,°C,False,False,2024-11-02T16:00:53
SN044,M044,2192.0719,RPM,False,False,2024-03-04T12:10:14
SN078,M028,71.0489,%,False,False,2024-06-05T09:17:14
SN084,M034,3556.595,RPM,True,True,2024-02-25T15:10:56
SN145,M045,12.3447,mm/s,True,True,2024-09-04T01:23:38
SN015,M015,8.1606,bar,False,False,2024-06-06T21:35:35
SN018,M018,30.6338,A,False,False,2024-04-26T22:30:41
SN038,M038,23.2223,A,False,False,2024-11-23T00:19:55
SN084,M034,1877.1774,RPM,False,False,2024-01-21T09:18:43
SN073,M023,11.8078,A,False,False,2024-06-04T13:25:06
SN127,M027,8.2549,mm/s,False,False,2024-10-18T05:48:28
SN016,M016,5.0488,mm/s,False,False,2024-05-21T05:47:15
SN069,M019,2.9094,bar,False,False,2024-03-17T07:04:25
SN079,M029,1949.1432,RPM,False,False,2024-06-04T10:33:30
SN005,M005,40.5494,A,False,False,2024-10-14T03:09:51
SN047,M047,7.8533,mm/s,False,False,2024-03-08T18:37:14
SN132,M032,1977.6527,RPM,False,False,2024-05-09T20:35:25
SN117,M017,9.4305,mm/s,False,False,2024-11-16T18:50:06
SN131,M031,10.5125,A,False,False,2024-01-08T15:33:34
SN124,M024,16.1684,A,False,False,2024-09-01T07:22:09
SN054,M004,9.379,bar,False,False,2024-06-13T07:35:00
SN080,M030,31.7057,%,False,False,2024-04-23T20:04:43
SN122,M022,1.0278,A,False,False,2024-08-09T09:18:55
SN138,M038,63.4107,°C,False,False,2024-06-27T02:47:59
SN041,M041,33.9817,°C,False,False,2024-01-18T09:46:29
SN083,M033,4.5573,mm/s,False,False,2024-02-18T17:52:14
SN064,M014,3.7239,mm/s,False,False,2024-11-14T00:16:06
SN008,M008,255.8571,RPM,False,False,2024-05-18T10:46:18
SN084,M034,1421.1704,RPM,False,False,2024-11-08T05:33:37
SN069,M019,6.9352,bar,False,False,2024-04-16T04:06:45
SN039,M039,59.3435,°C,False,False,2024-09-23T20:01:18
SN077,M027,18.6803,A,False,False,2024-01-28T15:41:31
SN021,M021,445.3679,RPM,False,False,2024-11-11T17:49:23
SN096,M046,27.9945,°C,False,False,2024-03-31T07:42:41
SN131,M031,1.6907,A,False,False,2024-07-07T20:46:33
SN133,M033,4.3288,A,False,False,2024-04-06T21:11:36
SN089,M039,3.969,bar,False,False,2024-10-15T12:32:23
SN058,M008,3.6355,bar,False,False,2024-04-08T14:47:02
SN018,M018,41.5381,A,False,False,2024-02-12T17:58:30
SN086,M036,76.2201,%,False,False,2024-05-01T23:14:30
SN092,M042,27.9436,%,False,False,2024-12-27T21:11:41
SN101,M001,34.0098,°C,False,False,2024-07-18T23:30:20
SN034,M034,4.4814,bar,False,False,2024-01-07T18:38:25
SN111,M011,44.9389,°C,False,False,2024-11-24T07:28:27
SN020,M020,41.4489,A,False,False,2024-09-12T04:55:28
SN094,M044,2040.939,RPM,False,False,2024-04-02T05:09:43
SN081,M031,77.2471,%,False,False,2024-01-01T07:13:53
SN118,M018,0.834,mm/s,False,False,2024-01-17T03:08:21
SN075,M025,40.5927,%,False,False,2024-08-06T09:44:01
SN099,M049,43.4817,%,False,False,2024-09-10T06:18:06
SN108,M008,5.2506,mm/s,False,False,2024-01-31T00:55:16
SN079,M029,614.9499,RPM,False,False,2024-06-13T01:35:45
SN007,M007,23.9964,A,False,False,2024-10-16T09:25:18
SN010,M010,25.1514,%,False,False,2024-04-20T12:00:28
SN107,M007,2421.3005,RPM,False,False,2024-10-11T13:04:06
SN056,M006,5.1275,bar,False,False,2024-07-18T09:38:50
SN135,M035,25.9634,°C,False,False,2024-08-18T15:31:10
SN054,M004,12.0383,bar,True,True,2024-12-13T21:45:07
SN101,M001,43.4418,°C,False,False,2024-04-04T09:36:16
SN143,M043,19.3625,A,False,False,2024-07-16T09:17:27
SN122,M022,34.8583,A,False,False,2024-02-04T09:45:54
SN136,M036,43.136,%,False,False,2024-06-12T07:00:33
SN012,M012,1788.9749,RPM,False,False,2024-09-13T15:27:35
SN098,M048,19.0123,A,False,False,2024-08-04T05:47:33
SN138,M038,43.0968,°C,False,False,2024-03-09T09:20:41
SN135,M035,96.0677,°C,True,True,2024-03-01T14:47:36
SN125,M025,20.108,°C,False,False,2024-09-04T21:33:35
SN142,M042,1905.9789,RPM,False,False,2024-12-01T20:32:14
SN075,M025,61.4139,%,False,False,2024-06-26T21:48:52
SN054,M004,3.4031,bar,False,False,2024-06-30T00:27:36
SN133,M033,34.4104,A,False,False,2024-10-30T08:05:12
SN008,M008,632.5436,RPM,False,False,2024-10-25T12:18:17
SN103,M003,2714.055,RPM,False,False,2024-07-21T02:44:54
SN150,M050,6.4945,mm/s,False,False,2024-02-10T02:16:06
SN066,M016,809.5585,RPM,False,False,2024-08-01T01:33:10
SN053,M003,74.1707,°C,False,False,2024-04-11T01:21:16
SN100,M050,6.433,mm/s,False,False,2024-06-17T20:27:26
SN098,M048,34.3528,A,False,False,2024-06-23T13:05:16
SN096,M046,54.0921,°C,False,False,2024-10-23T06:23:03
SN126,M026,239.4031,RPM,False,False,2024-04-28T04:29:10
SN091,M041,41.329,°C,False,False,2024-08-23T23:25:48
SN094,M044,590.6004,RPM,False,False,2024-04-27T22:24:41
SN064,M014,1.0192,mm/s,False,False,2024-01-19T22:59:03
SN113,M013,10.6248,mm/s,False,False,2024-01-07T07:31:51
SN009,M009,1508.3795,RPM,False,False,2024-05-14T09:53:47
SN110,M010,9.0175,mm/s,False,False,2024-04-03T07:04:21
SN121,M021,1374.0163,RPM,False,False,2024-04-03T23:10:35
SN005,M005,4.7225,A,False,False,2024-07-11T06:56:14
SN143,M043,28.1154,A,False,False,2024-03-03T11:35:14
SN107,M007,807.0382,RPM,False,False,2024-07-05T14:27:32
SN040,M040,88.7234,°C,True,True,2024-04-11T23:48:24
SN015,M015,4.1871,bar,False,False,2024-11-13T16:54:50
SN075,M025,21.5573,%,False,False,2024-01-23T10:46:03
SN088,M038,80.2976,°C,False,False,2024-07-16T00:11:59
SN010,M010,58.3928,%,False,False,2024-08-01T19:36:17
SN054,M004,5.2158,bar,False,False,2024-09-02T02:15:14
SN118,M018,5.814,mm/s,False,False,2024-02-22T11:15:58
SN080,M030,45.6582,%,False,False,2024-01-06T02:56:09
SN052,M002,7.5615,bar,False,False,2024-04-06T14:20:15
SN135,M035,60.7785,°C,False,False,2024-01-11T16:17:27
SN008,M008,829.4916,RPM,False,False,2024-05-01T12:10:20
SN041,M041,57.5715,°C,False,False,2024-03-28T18:42:34
SN005,M005,46.2488,A,False,False,2024-04-17T22:57:30
SN028,M028,57.2131,%,False,False,2024-09-07T00:49:07
SN106,M006,3.3075,bar,False,False,2024-10-20T01:20:01
SN100,M050,7.0588,mm/s,False,False,2024-09-26T04:58:17
SN050,M050,5.9493,mm/s,False,False,2024-11-06T02:04:04
SN097,M047,15.9991,A,False,False,2024-06-24T16:07:46
SN084,M034,158.7074,RPM,False,False,2024-03-05T10:36:47
SN033,M033,1.4779,mm/s,False,False,2024-12-14T05:17:11
SN074,M024,13.295,mm/s,True,True,2024-06-30T18:59:14
SN116,M016,83.9014,%,False,False,2024-02-09T15:29:48
SN048,M048,60.0522,°C,False,False,2024-07-20T10:14:04
SN145,M045,9.4171,mm/s,False,False,2024-02-09T17:24:08
SN133,M033,7.8851,A,False,False,2024-11-30T18:57:23
SN130,M030,0.1365,mm/s,False,False,2024-01-27T23:19:06
SN106,M006,1.3693,bar,False,False,2024-07-29T14:16:32
SN030,M030,2.4796,mm/s,False,False,2024-02-19T08:33:43
SN125,M025,37.8552,°C,False,False,2024-04-16T23:00:57
SN125,M025,22.044,°C,False,False,2024-08-04T06:26:24
SN098,M048,19.7735,A,False,False,2024-05-06T18:07:44
SN036,M036,29.0462,A,False,False,2024-11-18T00:01:51
SN142,M042,2438.2012,RPM,False,False,2024-04-19T11:00:56
SN078,M028,20.9703,%,False,False,2024-03-03T03:58:00
SN067,M017,2.268,bar,False,False,2024-07-27T10:19:25
SN140,M040,31.6271,°C,False,False,2024-01-28T09:04:33
SN063,M013,35.3732,%,False,False,2024-01-30T19:54:56
SN077,M027,10.7523,A,False,False,2024-01-29T14:41:08
SN029,M029,22.0676,%,False,False,2024-02-29T05:23:56
SN098,M048,29.9867,A,False,False,2024-11-11T10:00:14
SN032,M032,67.8702,°C,False,False,2024-08-22T16:19:25
SN064,M014,4.6599,mm/s,False,False,2024-05-28T20:00:25
SN022,M022,3373.3981,RPM,True,True,2024-10-30T21:32:05
SN024,M024,26.9734,A,False,False,2024-10-16T01:54:41
SN032,M032,69.4859,°C,False,False,2024-11-08T08:02:10
SN033,M033,9.6558,mm/s,False,False,2024-05-26T22:37:05
SN037,M037,34.4984,A,False,False,2024-06-07T22:05:06
SN144,M044,67.2066,°C,False,False,2024-04-22T10:01:08
SN017,M017,2.5131,mm/s,False,False,2024-01-31T11:35:53
SN072,M022,8.6141,mm/s,False,False,2024-07-19T06:22:49
SN027,M027,40.7486,A,False,False,2024-11-28T00:12:09
SN144,M044,38.9571,°C,False,False,2024-05-12T17:51:46
SN022,M022,659.6492,RPM,False,False,2024-05-02T06:44:04
SN030,M030,6.6946,mm/s,False,False,2024-01-01T20:45:07
SN080,M030,22.5252,%,False,False,2024-05-20T06:14:27
SN107,M007,3573.9397,RPM,True,True,2024-11-03T17:33:45
SN013,M013,8.6732,bar,False,False,2024-06-25T00:27:34
SN026,M026,38.8326,A,False,False,2024-06-27T04:03:30
SN135,M035,21.3232,°C,False,False,2024-02-10T14:37:48
SN068,M018,4.0063,bar,False,False,2024-12-19T13:46:31
SN100,M050,5.4013,mm/s,False,False,2024-10-23T22:18:48
SN040,M040,60.1796,°C,False,False,2024-07-02T11:03:16
SN069,M019,4.8674,bar,False,False,2024-04-13T23:24:56
SN007,M007,40.7479,A,False,False,2024-12-30T00:49:12
SN116,M016,60.4945,%,False,False,2024-08-13T11:48:43
SN135,M035,56.7093,°C,False,False,2024-03-30T04:41:02
SN064,M014,8.0714,mm/s,False,False,2024-06-01T16:44:39
SN074,M024,9.3004,mm/s,False,False,2024-06-06T02:24:15
SN077,M027,39.5891,A,False,False,2024-01-07T13:43:07
SN058,M008,7.4522,bar,False,False,2024-06-24T02:52:53
SN090,M040,24.2816,%,False,False,2024-09-07T20:15:34
SN143,M043,56.6225,A,True,True,2024-06-03T00:22:10
SN062,M012,2384.0703,RPM,False,False,2024-02-01T12:58:16
SN007,M007,28.6216,A,False,False,2024-09-07T02:34:52
SN086,M036,71.5358,%,False,False,2024-03-05T08:50:32
SN083,M033,0.427,mm/s,False,False,2024-12-27T13:44:39
SN074,M024,13.0153,mm/s,True,True,2024-04-22T20:31:25
SN134,M034,28.4737,A,False,False,2024-12-06T12:29:54
SN144,M044,58.6113,°C,False,False,2024-08-14T18:08:21
SN133,M033,24.1664,A,False,False,2024-07-19T16:35:39
SN018,M018,42.6637,A,False,False,2024-04-05T17:08:23
SN104,M004,1.2043,A,False,False,2024-01-21T19:11:22
SN117,M017,0.0448,mm/s,False,False,2024-01-28T21:22:24
SN114,M014,82.602,%,False,False,2024-11-30T14:54:16
SN057,M007,14.8769,A,False,False,2024-12-18T10:04:34
SN080,M030,72.9859,%,False,False,2024-11-12T20:29:24
SN010,M010,26.7638,%,False,False,2024-12-27T18:55:48
SN019,M019,27.2524,A,False,False,2024-10-21T17:21:51
SN109,M009,85.0219,%,False,False,2024-04-17T23:26:45
SN007,M007,4.4092,A,False,False,2024-04-21T07:26:10
SN076,M026,79.0331,°C,False,False,2024-05-18T12:25:37
SN086,M036,47.6983,%,False,False,2024-04-18T11:24:51
SN059,M009,31.6152,A,False,False,2024-07-20T13:16:14
SN078,M028,67.8419,%,False,False,2024-09-29T08:51:59
SN088,M038,29.8268,°C,False,False,2024-08-08T09:55:14
SN028,M028,64.5207,%,False,False,2024-11-13T21:22:42
SN055,M005,4.0616,bar,False,False,2024-12-18T04:39:18
SN001,M001,65.9957,°C,False,False,2024-04-30T19:49:04
SN150,M050,4.3859,mm/s,False,False,2024-06-05T23:35:20
SN090,M040,45.2776,%,False,False,2024-02-13T08:49:21
SN123,M023,21.6772,A,False,False,2024-02-10T07:09:57
SN117,M017,6.4743,mm/s,False,False,2024-04-27T20:15:09
SN110,M010,1.7644,mm/s,False,False,2024-07-15T17:32:40
SN127,M027,1.7355,mm/s,False,False,2024-12-22T14:41:50
SN051,M001,73.1721,%,False,False,2024-11-15T11:57:48
SN090,M040,44.6356,%,False,False,2024-05-07T23:48:36
SN063,M013,30.0499,%,False,False,2024-07-05T02:07:02
SN100,M050,7.5671,mm/s,False,False,2024-04-11T06:35:40
SN021,M021,2733.0328,RPM,False,False,2024-04-16T05:00:51
SN148,M048,28.1461,%,False,False,2024-10-24T03:18:22
SN124,M024,18.5496,A,False,False,2024-12-29T23:34:32
SN009,M009,1041.0802,RPM,False,False,2024-08-05T04:15:43
SN026,M026,10.8773,A,False,False,2024-05-04T01:18:12
SN119,M019,2.0068,bar,False,False,2024-10-05T11:50:36
SN032,M032,40.5943,°C,False,False,2024-06-01T16:54:12
SN143,M043,44.387,A,False,False,2024-05-24T01:55:07
SN068,M018,4.4055,bar,False,False,2024-11-14T07:19:17
SN137,M037,21.2734,A,False,False,2024-02-09T11:12:26
SN076,M026,58.1748,°C,False,False,2024-05-07T05:59:25
SN093,M043,40.2304,A,False,False,2024-03-30T14:59:34
SN061,M011,28.667,%,False,False,2024-09-27T03:33:25
SN026,M026,46.8143,A,False,False,2024-06-03T09:16:25
SN150,M050,4.1281,mm/s,False,False,2024-02-18T23:44:22
SN015,M015,6.2797,bar,False,False,2024-03-08T10:23:29
SN100,M050,0.0808,mm/s,False,False,2024-09-15T23:06:43
SN021,M021,2269.3761,RPM,False,False,2024-02-13T03:23:45
SN015,M015,3.777,bar,False,False,2024-01-29T15:51:43
SN107,M007,1668.4465,RPM,False,False,2024-03-15T18:28:35
SN144,M044,35.332,°C,False,False,2024-10-26T13:11:12
SN132,M032,2700.5427,RPM,False,False,2024-11-28T05:03:08
SN060,M010,14.0963,mm/s,True,True,2024-08-03T22:40:45
SN132,M032,2176.7773,RPM,False,False,2024-07-25T03:56:04
SN078,M028,44.5932,%,False,False,2024-08-10T12:22:51
SN014,M014,6.8361,bar,False,False,2024-12-11T12:12:14
SN144,M044,49.0428,°C,False,False,2024-03-17T08:50:15
SN056,M006,3.2414,bar,False,False,2024-04-11T21:44:22
SN136,M036,64.2956,%,False,False,2024-06-30T01:20:05
SN063,M013,47.0313,%,False,False,2024-12-15T22:20:42
SN093,M043,34.4204,A,False,False,2024-01-28T06:22:45
SN036,M036,3.4115,A,False,False,2024-07-24T22:48:46
SN141,M041,6.6362,A,False,False,2024-06-08T11:38:06
SN055,M005,5.4733,bar,False,False,2024-06-03T10:13:44
SN074,M024,4.3822,mm/s,False,False,2024-09-04T19:17:24
SN058,M008,2.3221,bar,False,False,2024-06-09T13:43:35
SN068,M018,6.8674,bar,False,False,2024-06-18T11:11:17
SN062,M012,539.4314,RPM,False,False,2024-12-20T14:20:38
SN017,M017,5.2718,mm/s,False,False,2024-04-16T09:04:24
SN004,M004,28.951,°C,False,False,2024-10-30T12:35:45
SN148,M048,66.7026,%,False,False,2024-10-12T02:59:06
SN059,M009,46.4318,A,False,False,2024-02-24T08:04:27
SN137,M037,42.1264,A,False,False,2024-11-08T15:31:42
SN103,M003,2597.8016,RPM,False,False,2024-03-08T21:17:58
SN098,M048,11.419,A,False,False,2024-08-14T11:34:10
SN067,M017,6.3092,bar,False,False,2024-05-04T14:48:05
SN043,M043,3.5684,mm/s,False,False,2024-12-18T05:49:44
SN107,M007,735.6939,RPM,False,False,2024-09-22T13:25:23
SN134,M034,45.6681,A,False,False,2024-11-07T05:54:49
SN110,M010,8.318,mm/s,False,False,2024-06-17T22:33:08
SN130,M030,11.0807,mm/s,False,False,2024-02-15T02:33:59
SN020,M020,46.1269,A,False,False,2024-03-26T17:52:43
SN012,M012,69.2783,RPM,False,False,2024-10-01T18:40:48
SN134,M034,57.4622,A,True,True,2024-07-04T23:41:51
SN022,M022,904.2025,RPM,False,False,2024-05-15T00:59:07
SN015,M015,8.7337,bar,False,False,2024-09-28T07:25:40
SN043,M043,6.0494,mm/s,False,False,2024-12-26T19:34:19
SN014,M014,4.0288,bar,False,False,2024-02-08T01:08:12
SN039,M039,100.9663,°C,True,True,2024-05-31T12:40:49
SN061,M011,27.6131,%,False,False,2024-03-10T08:27:48
SN102,M002,1.0681,A,False,False,2024-02-26T14:31:39
SN049,M049,14.1054,A,False,False,2024-07-26T20:18:29
SN002,M002,40.9256,%,False,False,2024-09-12T12:00:57
SN146,M046,50.6807,%,False,False,2024-03-29T07:19:16
SN117,M017,9.0819,mm/s,False,False,2024-03-16T22:48:04
SN092,M042,75.8528,%,False,False,2024-05-02T15:54:31
SN089,M039,9.1742,bar,False,False,2024-11-12T22:49:28
SN038,M038,21.4434,A,False,False,2024-09-21T22:28:05
SN022,M022,1366.5302,RPM,False,False,2024-03-25T02:35:31
SN101,M001,47.705,°C,False,False,2024-03-25T19:48:11
SN136,M036,82.9652,%,False,False,2024-06-01T14:30:41
SN119,M019,1.8846,bar,False,False,2024-03-03T06:13:20
SN094,M044,831.2414,RPM,False,False,2024-11-26T04:05:13
SN042,M042,21.8607,°C,False,False,2024-01-06T14:20:43
SN140,M040,94.4794,°C,True,True,2024-04-06T19:07:44
SN009,M009,1448.2659,RPM,False,False,2024-02-26T18:14:36
SN148,M048,61.1522,%,False,False,2024-09-04T13:52:23
SN144,M044,48.33,°C,False,False,2024-12-19T01:32:44
SN044,M044,112.0489,RPM,False,False,2024-07-02T04:35:33
SN134,M034,3.9532,A,False,False,2024-09-04T06:15:25
SN113,M013,4.8651,mm/s,False,False,2024-05-17T03:31:15
SN075,M025,29.7822,%,False,False,2024-01-02T00:52:49
SN121,M021,182.5522,RPM,False,False,2024-06-23T10:44:45
SN006,M006,392.5212,RPM,False,False,2024-07-01T12:20:50
SN065,M015,3.2944,A,False,False,2024-09-21T19:34:02
SN042,M042,62.4149,°C,False,False,2024-10-22T22:39:25
SN054,M004,3.7731,bar,False,False,2024-03-01T23:26:26
SN084,M034,260.4171,RPM,False,False,2024-10-02T11:51:00
SN005,M005,55.1795,A,True,True,2024-02-01T08:46:32
SN009,M009,1762.5638,RPM,False,False,2024-09-24T10:32:56
SN138,M038,63.1328,°C,False,False,2024-02-20T00:42:06
SN110,M010,2.3711,mm/s,False,False,2024-01-19T12:11:23
SN004,M004,20.6522,°C,False,False,2024-06-24T11:03:05
SN035,M035,15.3063,A,False,False,2024-02-29T15:06:12
SN136,M036,66.203,%,False,False,2024-03-14T22:39:46
SN070,M020,2499.8927,RPM,False,False,2024-09-05T10:51:18
SN071,M021,1302.1554,RPM,False,False,2024-11-09T08:39:12
SN053,M003,79.5721,°C,False,False,2024-10-25T01:48:19
SN147,M047,82.664,%,False,False,2024-01-12T16:53:11
SN029,M029,66.4699,%,False,False,2024-03-26T20:55:39
SN032,M032,74.666,°C,False,False,2024-06-14T13:08:51
SN099,M049,50.8666,%,False,False,2024-09-19T13:20:52
SN079,M029,3202.3755,RPM,True,True,2024-01-01T13:22:30
SN066,M016,2593.1626,RPM,False,False,2024-01-25T23:06:38
SN005,M005,20.705,A,False,False,2024-04-12T11:45:21
SN149,M049,21.8606,°C,False,False,2024-07-31T06:38:22
SN074,M024,8.3719,mm/s,False,False,2024-08-02T11:59:11
SN008,M008,2077.2743,RPM,False,False,2024-02-06T21:18:43
SN126,M026,406.6986,RPM,False,False,2024-06-09T08:15:57
SN044,M044,1671.0933,RPM,False,False,2024-04-24T20:17:34
SN025,M025,17.3029,RPM,False,False,2024-11-13T17:23:50
SN005,M005,45.8054,A,False,False,2024-06-07T10:19:37
SN147,M047,47.2285,%,False,False,2024-10-10T19:37:23
SN050,M050,9.5356,mm/s,False,False,2024-10-02T02:17:04
SN085,M035,7.9587,mm/s,False,False,2024-09-27T10:07:05
SN042,M042,68.1859,°C,False,False,2024-08-02T15:17:58
SN013,M013,8.1184,bar,False,False,2024-03-15T23:53:00
SN117,M017,7.25,mm/s,False,False,2024-04-01T06:28:02
SN090,M040,68.4811,%,False,False,2024-09-28T15:13:20
SN079,M029,1153.0869,RPM,False,False,2024-12-30T10:42:14
SN088,M038,61.089,°C,False,False,2024-08-19T09:23:33
SN094,M044,3133.4898,RPM,True,True,2024-02-14T23:26:28
SN085,M035,9.3146,mm/s,False,False,2024-05-04T00:28:35
SN130,M030,9.517,mm/s,False,False,2024-06-28T19:32:11
SN115,M015,6.2947,mm/s,False,False,2024-03-09T19:19:41
SN103,M003,3116.8947,RPM,True,True,2024-06-21T21:01:33
SN071,M021,53.2409,RPM,False,False,2024-04-02T09:56:47
SN006,M006,2746.9467,RPM,False,False,2024-11-07T14:21:58
SN137,M037,24.1062,A,False,False,2024-10-01T10:54:32
SN121,M021,1549.1705,RPM,False,False,2024-01-27T04:16:42
SN080,M030,28.5966,%,False,False,2024-08-24T13:42:36
SN057,M007,33.3696,A,False,False,2024-09-25T19:10:45
SN076,M026,42.1413,°C,False,False,2024-12-07T11:29:55
SN047,M047,14.2726,mm/s,True,True,2024-05-16T22:41:52
SN145,M045,3.6614,mm/s,False,False,2024-07-11T14:21:34
SN023,M023,2.6011,bar,False,False,2024-06-23T10:58:05
SN141,M041,33.6605,A,False,False,2024-10-21T14:37:42
SN085,M035,11.0759,mm/s,False,False,2024-06-20T17:09:16
SN065,M015,41.2291,A,False,False,2024-02-10T10:05:42
SN023,M023,1.0048,bar,False,False,2024-08-09T08:39:52
SN092,M042,57.3638,%,False,False,2024-12-20T00:23:22
SN010,M010,27.1414,%,False,False,2024-05-15T09:28:19
SN043,M043,8.8531,mm/s,False,False,2024-03-19T05:20:51
SN098,M048,28.2679,A,False,False,2024-05-26T00:12:38
SN016,M016,13.6587,mm/s,True,True,2024-04-15T17:58:10
SN118,M018,8.531,mm/s,False,False,2024-02-20T10:47:58
SN130,M030,10.1246,mm/s,False,False,2024-08-15T20:32:52
SN059,M009,62.3665,A,True,True,2024-07-11T13:34:58
SN072,M022,1.2064,mm/s,False,False,2024-02-15T08:57:10
SN064,M014,6.5236,mm/s,False,False,2024-10-20T06:03:17
SN123,M023,40.8643,A,False,False,2024-08-18T20:09:14
SN033,M033,7.2208,mm/s,False,False,2024-12-26T19:05:48
SN085,M035,10.6595,mm/s,False,False,2024-12-20T07:51:40
SN057,M007,32.1461,A,False,False,2024-10-17T13:26:01
SN139,M039,61.105,°C,False,False,2024-12-08T17:38:03
SN038,M038,34.8593,A,False,False,2024-08-05T19:14:06
SN132,M032,1858.0892,RPM,False,False,2024-07-31T02:00:15
SN067,M017,9.2378,bar,False,False,2024-06-30T12:35:31
SN102,M002,2.4296,A,False,False,2024-12-19T03:55:16
SN146,M046,91.8843,%,True,True,2024-04-02T02:58:31
SN128,M028,1754.1081,RPM,False,False,2024-08-25T13:38:19
SN077,M027,14.8501,A,False,False,2024-09-22T15:15:30
SN065,M015,14.7111,A,False,False,2024-02-12T20:15:02
SN012,M012,1657.3616,RPM,False,False,2024-11-17T16:40:43
SN044,M044,385.9975,RPM,False,False,2024-09-05T15:33:28
SN088,M038,34.1098,°C,False,False,2024-10-25T11:47:56
SN116,M016,85.0752,%,False,False,2024-02-12T09:07:13
SN101,M001,102.3465,°C,True,True,2024-04-10T15:07:55
SN064,M014,7.4358,mm/s,False,False,2024-07-19T03:48:25
SN054,M004,5.3837,bar,False,False,2024-08-31T09:01:52
SN146,M046,50.265,%,False,False,2024-08-23T08:03:01
SN147,M047,43.8338,%,False,False,2024-11-28T01:50:56
SN081,M031,69.5395,%,False,False,2024-12-24T01:02:12
SN128,M028,1898.0805,RPM,False,False,2024-11-05T16:00:37
SN142,M042,1359.3113,RPM,False,False,2024-04-30T04:05:48
SN056,M006,6.7561,bar,False,False,2024-07-08T19:59:57
SN054,M004,4.7643,bar,False,False,2024-09-17T04:08:38
SN026,M026,39.9094,A,False,False,2024-06-29T20:33:41
SN100,M050,10.5017,mm/s,False,False,2024-09-04T07:36:05
SN050,M050,0.2912,mm/s,False,False,2024-08-31T06:38:23
SN001,M001,52.477,°C,False,False,2024-05-30T15:31:45
SN150,M050,2.1745,mm/s,False,False,2024-10-04T20:54:40
SN129,M029,20.8943,%,False,False,2024-12-17T03:39:41
SN049,M049,27.9238,A,False,False,2024-05-12T01:39:33
SN034,M034,3.8308,bar,False,False,2024-10-24T10:01:48
SN012,M012,638.9937,RPM,False,False,2024-10-24T02:07:25
SN036,M036,32.4604,A,False,False,2024-06-01T11:11:05
SN081,M031,50.0383,%,False,False,2024-05-01T18:36:33
SN085,M035,3.2461,mm/s,False,False,2024-06-23T22:52:26
SN040,M040,61.9158,°C,False,False,2024-03-14T03:46:41
SN036,M036,11.6692,A,False,False,2024-07-06T05:13:52
SN125,M025,45.7508,°C,False,False,2024-08-25T19:44:29
SN085,M035,6.6708,mm/s,False,False,2024-10-02T21:02:45
SN092,M042,42.5763,%,False,False,2024-06-24T08:08:28
SN011,M011,1.6963,mm/s,False,False,2024-01-16T21:43:25
SN106,M006,3.1375,bar,False,False,2024-03-16T13:26:43
SN108,M008,3.0263,mm/s,False,False,2024-12-28T11:25:49
SN093,M043,37.9677,A,False,False,2024-11-06T09:02:28
SN101,M001,29.7271,°C,False,False,2024-08-01T23:48:25
SN145,M045,7.5545,mm/s,False,False,2024-02-06T05:05:42
SN038,M038,34.7899,A,False,False,2024-11-01T03:12:47
SN004,M004,39.7394,°C,False,False,2024-06-18T22:43:21
SN104,M004,7.3065,A,False,False,2024-12-03T14:29:47
SN039,M039,52.867,°C,False,False,2024-04-01T23:39:04
SN007,M007,14.0619,A,False,False,2024-06-11T19:39:32
SN143,M043,11.7958,A,False,False,2024-01-02T16:44:24
SN066,M016,922.9498,RPM,False,False,2024-12-30T21:29:58
SN088,M038,23.1016,°C,False,False,2024-06-07T09:48:34
SN055,M005,4.644,bar,False,False,2024-07-13T01:45:01
SN128,M028,1535.9607,RPM,False,False,2024-11-07T11:16:32
SN080,M030,34.1734,%,False,False,2024-09-07T22:42:13
SN036,M036,40.7467,A,False,False,2024-03-15T10:38:40
SN148,M048,24.0424,%,False,False,2024-09-20T10:54:20
SN106,M006,11.395,bar,True,True,2024-09-26T15:10:01
SN063,M013,44.6954,%,False,False,2024-09-13T14:04:19
SN037,M037,20.1442,A,False,False,2024-12-26T20:07:42
SN145,M045,14.8536,mm/s,True,True,2024-03-12T08:46:55
SN039,M039,46.9804,°C,False,False,2024-05-10T22:32:48
SN006,M006,1305.0479,RPM,False,False,2024-08-23T03:35:45
SN010,M010,81.4751,%,False,False,2024-06-28T12:16:12
SN007,M007,3.1889,A,False,False,2024-05-12T08:06:58
SN028,M028,23.656,%,False,False,2024-08-14T19:26:52
SN054,M004,6.1986,bar,False,False,2024-06-26T12:26:30
SN112,M012,2548.0333,RPM,False,False,2024-12-20T07:51:12
SN030,M030,8.3005,mm/s,False,False,2024-08-02T01:51:50
SN050,M050,8.606,mm/s,False,False,2024-11-13T15:21:28
SN060,M010,7.2412,mm/s,False,False,2024-11-21T20:47:18
SN019,M019,7.4837,A,False,False,2024-12-23T05:45:40
SN097,M047,28.9465,A,False,False,2024-02-13T16:20:31
SN001,M001,33.6281,°C,False,False,2024-07-05T13:30:10
SN022,M022,2620.9862,RPM,False,False,2024-01-17T08:37:17
SN015,M015,2.0703,bar,False,False,2024-02-26T10:27:30
SN131,M031,22.0068,A,False,False,2024-10-17T17:26:09
SN072,M022,8.8852,mm/s,False,False,2024-05-02T13:12:00
SN074,M024,3.6953,mm/s,False,False,2024-10-12T13:50:53
SN139,M039,47.0279,°C,False,False,2024-03-05T16:01:54
SN141,M041,2.9516,A,False,False,2024-03-16T03:41:48
SN039,M039,60.1092,°C,False,False,2024-11-18T13:42:16
SN007,M007,46.5904,A,False,False,2024-03-06T00:23:02
SN108,M008,6.3088,mm/s,False,False,2024-12-16T02:55:54
SN075,M025,66.0916,%,False,False,2024-05-22T00:20:11
SN129,M029,28.9967,%,False,False,2024-12-08T03:52:50
SN070,M020,37.4517,RPM,False,False,2024-08-08T12:54:54
SN107,M007,2342.4594,RPM,False,False,2024-09-08T03:58:57
SN110,M010,10.8392,mm/s,False,False,2024-06-19T20:43:51
SN040,M040,35.617,°C,False,False,2024-11-13T02:58:49
SN088,M038,48.0077,°C,False,False,2024-06-24T22:43:07
SN141,M041,11.9039,A,False,False,2024-07-11T04:02:18
SN141,M041,12.3914,A,False,False,2024-06-20T11:15:13
SN001,M001,62.4688,°C,False,False,2024-04-15T20:40:21
SN107,M007,1334.0928,RPM,False,False,2024-10-28T03:35:20
SN014,M014,1.7345,bar,False,False,2024-12-17T10:06:37
SN132,M032,1293.2168,RPM,False,False,2024-12-23T18:56:57
SN040,M040,29.4201,°C,False,False,2024-07-21T21:36:42
SN016,M016,1.5542,mm/s,False,False,2024-11-05T09:18:21
SN038,M038,32.6333,A,False,False,2024-01-28T15:38:22
SN097,M047,20.7835,A,False,False,2024-01-01T12:12:29
SN088,M038,49.931,°C,False,False,2024-09-07T16:15:05
SN133,M033,1.5806,A,False,False,2024-05-30T08:53:46
SN102,M002,0.5023,A,False,False,2024-03-19T03:55:25
SN020,M020,45.7755,A,False,False,2024-06-04T21:29:56
SN097,M047,22.4176,A,False,False,2024-12-03T20:28:35
SN148,M048,61.6565,%,False,False,2024-02-26T01:23:42
SN120,M020,2.1764,mm/s,False,False,2024-02-17T20:24:24
SN045,M045,9.472,bar,False,False,2024-02-21T20:38:49
SN143,M043,11.3156,A,False,False,2024-05-24T21:21:48
SN070,M020,1136.8923,RPM,False,False,2024-01-07T23:49:32
SN022,M022,243.9597,RPM,False,False,2024-08-27T13:02:16
SN143,M043,26.4178,A,False,False,2024-07-21T20:11:02
SN113,M013,14.1788,mm/s,True,True,2024-07-02T00:39:29
SN001,M001,67.3513,°C,False,False,2024-09-23T02:06:25
SN103,M003,2560.4744,RPM,False,False,2024-05-22T12:51:56
SN044,M044,3382.4641,RPM,True,True,2024-02-10T04:19:20
SN015,M015,3.4245,bar,False,False,2024-04-20T16:13:04
SN058,M008,9.2879,bar,False,False,2024-08-12T20:29:43
SN096,M046,56.274,°C,False,False,2024-06-24T22:22:30
SN039,M039,37.8405,°C,False,False,2024-02-02T07:49:46
SN014,M014,1.5727,bar,False,False,2024-01-14T14:06:34
SN147,M047,23.3563,%,False,False,2024-07-01T03:13:39
SN014,M014,5.2191,bar,False,False,2024-10-13T04:29:30
SN093,M043,53.031,A,True,True,2024-05-24T13:22:45
SN013,M013,6.6536,bar,False,False,2024-08-07T13:24:25
SN122,M022,36.2236,A,False,False,2024-08-31T09:25:57
SN059,M009,29.3442,A,False,False,2024-01-13T17:27:29
SN021,M021,3525.4611,RPM,True,True,2024-08-28T19:47:19
SN121,M021,1779.4553,RPM,False,False,2024-08-22T04:47:48
SN122,M022,21.8838,A,False,False,2024-09-26T01:32:20
SN086,M036,76.8642,%,False,False,2024-06-12T23:45:26
SN083,M033,8.5326,mm/s,False,False,2024-06-24T06:28:02
SN080,M030,69.7855,%,False,False,2024-05-14T14:04:02
SN039,M039,61.2007,°C,False,False,2024-08-27T01:09:22
SN067,M017,2.409,bar,False,False,2024-04-19T05:43:32
SN022,M022,322.0665,RPM,False,False,2024-10-29T08:42:28
SN055,M005,1.3345,bar,False,False,2024-11-04T02:30:47
SN094,M044,2559.5033,RPM,False,False,2024-03-13T21:03:50
SN062,M012,2225.7836,RPM,False,False,2024-08-25T21:56:15
SN059,M009,37.4972,A,False,False,2024-11-05T05:19:15
SN102,M002,36.6437,A,False,False,2024-09-23T16:45:35
SN115,M015,1.3134,mm/s,False,False,2024-09-19T13:19:56
SN097,M047,0.2279,A,False,False,2024-07-24T21:46:15
SN082,M032,7.518,bar,False,False,2024-11-09T22:13:24
SN118,M018,7.4932,mm/s,False,False,2024-11-06T15:58:03
SN093,M043,29.2304,A,False,False,2024-05-31T20:14:55
SN133,M033,13.064,A,False,False,2024-08-16T10:42:29
SN009,M009,602.6008,RPM,False,False,2024-11-14T06:10:31
SN087,M037,487.109,RPM,False,False,2024-10-12T05:46:10
SN012,M012,1265.9949,RPM,False,False,2024-04-13T02:56:59
SN085,M035,13.9435,mm/s,True,True,2024-08-04T15:27:20
SN112,M012,736.5456,RPM,False,False,2024-10-24T00:56:35
SN063,M013,83.7979,%,False,False,2024-10-13T01:57:32
SN028,M028,27.6347,%,False,False,2024-09-25T13:00:32
SN015,M015,5.4037,bar,False,False,2024-11-06T22:53:10
SN019,M019,11.8886,A,False,False,2024-09-20T02:05:12
SN109,M009,59.9346,%,False,False,2024-09-16T13:07:10
SN083,M033,9.331,mm/s,False,False,2024-01-30T15:51:31
SN063,M013,57.7853,%,False,False,2024-02-15T17:49:50
SN129,M029,23.4267,%,False,False,2024-09-12T23:04:00
SN117,M017,2.2636,mm/s,False,False,2024-04-16T19:10:10
SN137,M037,59.7326,A,True,True,2024-12-09T14:27:55
SN040,M040,72.1494,°C,False,False,2024-04-12T19:09:25
SN040,M040,78.7942,°C,False,False,2024-07-11T08:54:15
SN035,M035,60.793,A,True,True,2024-04-25T03:38:34
SN140,M040,69.9751,°C,False,False,2024-07-19T19:10:38
SN124,M024,26.0329,A,False,False,2024-02-09T14:28:20
SN037,M037,40.5586,A,False,False,2024-11-08T09:13:44
SN073,M023,32.4467,A,False,False,2024-08-24T10:53:43
SN139,M039,38.5316,°C,False,False,2024-01-02T21:51:23
SN076,M026,35.0603,°C,False,False,2024-06-25T23:07:34
SN027,M027,26.0131,A,False,False,2024-04-07T21:27:44
SN122,M022,41.78,A,False,False,2024-02-01T07:17:03
SN068,M018,4.8931,bar,False,False,2024-07-12T19:21:26
SN087,M037,2304.7157,RPM,False,False,2024-05-13T15:35:25
SN037,M037,42.6101,A,False,False,2024-06-13T14:19:09
SN115,M015,9.5638,mm/s,False,False,2024-08-28T15:46:32
SN129,M029,60.5222,%,False,False,2024-08-17T00:13:06
SN139,M039,77.148,°C,False,False,2024-05-08T09:48:54
SN076,M026,51.1478,°C,False,False,2024-12-09T02:36:30
SN116,M016,83.3042,%,False,False,2024-04-01T11:57:09
SN072,M022,14.7739,mm/s,True,True,2024-12-25T16:51:01
SN035,M035,27.6091,A,False,False,2024-09-25T17:10:06
SN055,M005,8.5694,bar,False,False,2024-01-02T06:23:43
SN085,M035,4.9586,mm/s,False,False,2024-09-27T01:24:23
SN117,M017,11.2979,mm/s,False,False,2024-09-28T04:34:24
SN149,M049,42.8953,°C,False,False,2024-04-06T18:40:21
SN133,M033,5.2668,A,False,False,2024-11-22T08:07:42
SN072,M022,6.019,mm/s,False,False,2024-11-01T21:12:22
SN076,M026,34.7259,°C,False,False,2024-10-06T03:23:36
SN090,M040,80.3335,%,False,False,2024-01-28T03:33:58
SN093,M043,38.1576,A,False,False,2024-02-22T20:34:23
SN034,M034,3.0399,bar,False,False,2024-12-14T01:43:50
SN016,M016,9.2498,mm/s,False,False,2024-01-11T23:03:22
SN108,M008,2.8765,mm/s,False,False,2024-01-12T18:00:22
SN081,M031,26.69,%,False,False,2024-01-14T15:22:19
SN034,M034,4.8208,bar,False,False,2024-12-24T18:28:10
SN077,M027,2.5107,A,False,False,2024-11-21T01:22:28
SN113,M013,2.0094,mm/s,False,False,2024-12-09T16:20:59
SN126,M026,1179.4907,RPM,False,False,2024-09-08T22:19:25
SN042,M042,47.7365,°C,False,False,2024-12-05T13:25:07
SN091,M041,72.3408,°C,False,False,2024-11-06T14:40:59
SN027,M027,3.6337,A,False,False,2024-07-30T02:46:42
SN004,M004,71.4817,°C,False,False,2024-08-04T13:12:53
SN125,M025,68.4752,°C,False,False,2024-12-17T22:07:23
SN102,M002,15.1501,A,False,False,2024-12-08T12:52:39
SN077,M027,40.9339,A,False,False,2024-05-08T16:12:41
SN132,M032,660.1934,RPM,False,False,2024-06-17T03:55:51
SN084,M034,844.8876,RPM,False,False,2024-07-22T01:38:40
SN008,M008,2435.366,RPM,False,False,2024-09-21T08:13:46
SN134,M034,6.6267,A,False,False,2024-12-30T08:06:49
SN044,M044,1491.438,RPM,False,False,2024-07-28T19:54:34
SN098,M048,1.9714,A,False,False,2024-12-25T08:39:50
SN081,M031,60.1812,%,False,False,2024-05-31T12:07:09
SN135,M035,30.6679,°C,False,False,2024-07-13T18:19:58
SN041,M041,71.0724,°C,False,False,2024-04-21T06:55:06
SN115,M015,3.7431,mm/s,False,False,2024-01-18T06:21:36
SN063,M013,34.4244,%,False,False,2024-09-18T22:54:19
SN043,M043,6.1605,mm/s,False,False,2024-12-02T17:28:13
SN118,M018,8.3629,mm/s,False,False,2024-12-01T21:12:30
SN043,M043,1.8165,mm/s,False,False,2024-01-07T12:18:47
SN054,M004,9.0295,bar,False,False,2024-07-22T02:17:14
SN112,M012,361.3116,RPM,False,False,2024-06-20T20:31:44
SN124,M024,6.4687,A,False,False,2024-07-29T07:52:40
SN087,M037,410.4717,RPM,False,False,2024-06-28T17:18:51
SN097,M047,34.3128,A,False,False,2024-02-28T01:50:38
SN002,M002,79.7863,%,False,False,2024-06-23T07:27:10
SN144,M044,36.3197,°C,False,False,2024-02-01T01:35:38
SN002,M002,63.6124,%,False,False,2024-03-29T08:58:31
SN057,M007,30.0815,A,False,False,2024-11-11T20:11:12
SN095,M045,16.2508,A,False,False,2024-06-14T03:55:23
SN045,M045,6.5282,bar,False,False,2024-11-29T12:23:41
SN116,M016,66.7563,%,False,False,2024-01-15T04:40:37
SN015,M015,2.8102,bar,False,False,2024-07-25T02:51:37
SN092,M042,50.773,%,False,False,2024-01-24T15:35:18
SN033,M033,2.5151,mm/s,False,False,2024-09-04T00:12:50
SN033,M033,3.9261,mm/s,False,False,2024-12-25T00:39:51
SN115,M015,0.2582,mm/s,False,False,2024-10-02T10:05:26
SN042,M042,22.5368,°C,False,False,2024-10-09T06:27:41
SN040,M040,40.5184,°C,False,False,2024-12-18T17:25:37
SN106,M006,7.1748,bar,False,False,2024-09-28T23:48:31
SN058,M008,7.764,bar,False,False,2024-12-12T13:31:11
SN118,M018,3.3422,mm/s,False,False,2024-02-10T09:20:25
SN107,M007,1590.0651,RPM,False,False,2024-11-27T14:04:33
SN018,M018,27.7296,A,False,False,2024-09-04T15:09:33
SN074,M024,7.3521,mm/s,False,False,2024-03-31T10:17:17
SN136,M036,71.5335,%,False,False,2024-12-05T07:58:23
SN088,M038,20.6172,°C,False,False,2024-04-18T04:09:26
SN132,M032,2558.664,RPM,False,False,2024-10-16T18:24:57
SN111,M011,33.867,°C,False,False,2024-03-13T18:48:33
SN046,M046,201.0764,RPM,False,False,2024-09-24T21:14:58
SN042,M042,56.589,°C,False,False,2024-05-16T19:12:04
SN137,M037,32.7499,A,False,False,2024-01-12T06:22:07
SN003,M003,1206.2358,RPM,False,False,2024-03-03T18:58:30
SN062,M012,746.0456,RPM,False,False,2024-05-01T11:22:27
SN150,M050,7.7234,mm/s,False,False,2024-04-18T08:54:37
SN041,M041,21.9303,°C,False,False,2024-06-09T05:31:41
SN007,M007,28.2454,A,False,False,2024-03-21T03:07:31
SN016,M016,10.7622,mm/s,False,False,2024-01-19T07:55:18
SN058,M008,3.082,bar,False,False,2024-07-17T16:56:39
SN008,M008,687.7731,RPM,False,False,2024-07-14T22:47:21
SN128,M028,2163.7394,RPM,False,False,2024-02-25T20:08:01
SN140,M040,41.6181,°C,False,False,2024-08-01T11:47:49
SN014,M014,8.5447,bar,False,False,2024-10-28T00:05:20
SN020,M020,58.7471,A,True,True,2024-02-15T10:13:14
SN094,M044,589.1122,RPM,False,False,2024-04-18T19:41:09
SN051,M001,50.0242,%,False,False,2024-02-20T05:10:01
SN116,M016,53.5028,%,False,False,2024-06-27T23:02:07
SN019,M019,43.9851,A,False,False,2024-05-22T01:38:11
SN111,M011,42.3615,°C,False,False,2024-09-27T14:59:49
SN149,M049,37.9708,°C,False,False,2024-07-11T02:21:17
SN088,M038,57.155,°C,False,False,2024-05-24T00:36:20
SN095,M045,54.9399,A,True,True,2024-12-14T04:27:37
SN062,M012,1102.1597,RPM,False,False,2024-08-06T16:53:31
SN022,M022,856.0331,RPM,False,False,2024-05-21T13:51:03
SN074,M024,6.3743,mm/s,False,False,2024-08-30T10:34:38
SN089,M039,6.8623,bar,False,False,2024-02-20T20:50:08
SN094,M044,2659.1315,RPM,False,False,2024-12-31T23:50:38
SN117,M017,8.8195,mm/s,False,False,2024-09-07T14:03:05
SN129,M029,69.7346,%,False,False,2024-06-02T03:40:44
SN081,M031,24.3951,%,False,False,2024-09-01T08:07:29
SN048,M048,70.558,°C,False,False,2024-05-25T08:21:50
SN126,M026,843.1769,RPM,False,False,2024-02-27T20:12:02
SN016,M016,0.4601,mm/s,False,False,2024-11-09T08:13:44
SN035,M035,18.3216,A,False,False,2024-08-29T22:25:07
SN068,M018,1.2186,bar,False,False,2024-10-10T18:09:42
SN141,M041,45.1759,A,False,False,2024-03-14T05:26:23
SN093,M043,11.4937,A,False,False,2024-10-07T23:27:58
SN024,M024,35.0468,A,False,False,2024-04-20T11:51:24
SN074,M024,14.1782,mm/s,True,True,2024-08-14T07:37:10
SN052,M002,4.7103,bar,False,False,2024-04-22T10:54:32
SN006,M006,257.2244,RPM,False,False,2024-11-05T14:36:00
SN023,M023,8.66,bar,False,False,2024-05-20T11:15:51
SN043,M043,6.5171,mm/s,False,False,2024-08-14T09:54:12
SN146,M046,21.7626,%,False,False,2024-12-25T06:18:17
SN123,M023,12.0118,A,False,False,2024-02-22T22:21:57
SN061,M011,41.2821,%,False,False,2024-06-06T22:07:30
SN003,M003,2565.1265,RPM,False,False,2024-02-03T18:31:46
SN030,M030,3.4497,mm/s,False,False,2024-10-10T10:47:47
SN060,M010,5.7267,mm/s,False,False,2024-05-22T11:39:37
SN122,M022,10.1811,A,False,False,2024-10-24T22:14:10
SN111,M011,74.219,°C,False,False,2024-06-15T00:45:56
SN140,M040,31.2776,°C,False,False,2024-04-02T21:39:38
SN075,M025,27.5963,%,False,False,2024-02-15T05:49:59
SN039,M039,89.934,°C,True,True,2024-02-03T12:29:23
SN053,M003,80.3814,°C,False,False,2024-01-16T07:32:48
SN024,M024,40.8166,A,False,False,2024-08-05T16:05:04
SN009,M009,1498.0812,RPM,False,False,2024-08-21T22:13:58
SN013,M013,6.4802,bar,False,False,2024-10-03T06:46:20
SN018,M018,32.1778,A,False,False,2024-04-27T07:01:01
SN093,M043,5.5583,A,False,False,2024-08-10T06:01:41
SN028,M028,76.9103,%,False,False,2024-01-15T00:28:46
SN132,M032,1911.4983,RPM,False,False,2024-03-15T15:22:16
SN083,M033,6.4021,mm/s,False,False,2024-11-13T03:38:34
SN053,M003,78.2654,°C,False,False,2024-03-31T16:25:13
SN111,M011,58.0316,°C,False,False,2024-07-08T22:19:59
SN014,M014,9.2773,bar,False,False,2024-10-03T07:53:31
SN018,M018,4.0411,A,False,False,2024-11-29T07:32:25
SN056,M006,8.6663,bar,False,False,2024-02-05T19:45:18
SN030,M030,9.0423,mm/s,False,False,2024-07-05T01:50:56
SN075,M025,108.632,%,True,True,2024-01-12T17:13:40
SN029,M029,33.4893,%,False,False,2024-03-02T16:56:42
SN006,M006,2810.3929,RPM,False,False,2024-04-15T19:14:21
SN068,M018,4.6538,bar,False,False,2024-07-10T11:57:26
SN020,M020,24.6638,A,False,False,2024-10-26T00:25:25
SN101,M001,70.2024,°C,False,False,2024-07-11T14:24:59
SN117,M017,8.0183,mm/s,False,False,2024-05-19T01:47:22
SN118,M018,0.8578,mm/s,False,False,2024-05-26T12:55:03
SN054,M004,1.2218,bar,False,False,2024-03-17T01:25:09
SN128,M028,1435.9112,RPM,False,False,2024-01-30T20:06:04
SN024,M024,40.5069,A,False,False,2024-10-16T01:52:28
SN015,M015,8.5549,bar,False,False,2024-10-20T05:30:43
SN113,M013,11.0699,mm/s,False,False,2024-03-13T23:56:43
SN147,M047,76.3112,%,False,False,2024-03-20T21:57:18
SN016,M016,9.914,mm/s,False,False,2024-01-09T19:40:18
SN004,M004,56.9078,°C,False,False,2024-06-05T08:26:42
SN102,M002,28.7183,A,False,False,2024-11-30T11:52:05
SN036,M036,11.7714,A,False,False,2024-09-24T23:28:09
SN119,M019,5.1918,bar,False,False,2024-10-15T05:42:25
SN082,M032,1.0757,bar,False,False,2024-01-11T06:19:36
SN149,M049,75.4691,°C,False,False,2024-04-16T13:06:40
SN013,M013,2.6822,bar,False,False,2024-03-11T22:00:30
SN056,M006,8.1772,bar,False,False,2024-11-06T07:58:43
SN104,M004,25.3895,A,False,False,2024-07-09T15:42:25
SN076,M026,62.2726,°C,False,False,2024-09-26T07:47:27
SN135,M035,57.8504,°C,False,False,2024-09-09T20:36:16
SN044,M044,954.9032,RPM,False,False,2024-10-11T08:40:37
SN002,M002,52.2841,%,False,False,2024-02-25T04:50:48
SN135,M035,39.7451,°C,False,False,2024-07-29T09:22:33
SN037,M037,26.1445,A,False,False,2024-05-11T03:15:57
SN071,M021,2846.9681,RPM,False,False,2024-02-13T17:13:32
SN055,M005,1.9718,bar,False,False,2024-08-11T17:43:07
SN108,M008,10.988,mm/s,False,False,2024-12-23T00:51:01
SN080,M030,30.8136,%,False,False,2024-10-18T15:44:36
SN061,M011,55.5443,%,False,False,2024-12-18T23:20:06
SN053,M003,49.7091,°C,False,False,2024-06-02T22:31:20
SN145,M045,2.1946,mm/s,False,False,2024-04-03T09:48:52
SN137,M037,53.9681,A,True,True,2024-04-01T09:57:12
SN106,M006,4.0948,bar,False,False,2024-04-30T20:36:10
SN106,M006,7.7963,bar,False,False,2024-07-19T21:13:07
SN111,M011,77.3316,°C,False,False,2024-04-13T04:57:35
SN026,M026,23.327,A,False,False,2024-02-04T07:21:22
SN034,M034,10.7244,bar,True,True,2024-06-26T14:58:58
SN086,M036,31.047,%,False,False,2024-06-20T18:12:29
SN124,M024,5.7868,A,False,False,2024-05-19T04:03:59
SN132,M032,1461.6823,RPM,False,False,2024-02-13T01:44:19
SN069,M019,1.6755,bar,False,False,2024-06-19T15:37:12
SN046,M046,2014.1908,RPM,False,False,2024-10-03T06:09:45
SN055,M005,8.5789,bar,False,False,2024-01-29T05:32:07
SN107,M007,337.0488,RPM,False,False,2024-04-29T04:39:43
SN099,M049,76.3135,%,False,False,2024-12-06T18:25:57
SN097,M047,24.5289,A,False,False,2024-03-05T14:49:45
SN103,M003,63.0855,RPM,False,False,2024-05-09T06:21:50
SN088,M038,58.3085,°C,False,False,2024-05-27T05:19:02
SN090,M040,31.492,%,False,False,2024-06-03T15:50:00
SN129,M029,44.8753,%,False,False,2024-10-19T11:01:26
SN066,M016,2687.7931,RPM,False,False,2024-11-24T09:48:11
SN060,M010,1.0204,mm/s,False,False,2024-04-13T15:51:03
SN007,M007,41.671,A,False,False,2024-09-19T18:54:53
SN070,M020,897.0686,RPM,False,False,2024-05-11T06:02:20
SN146,M046,46.8728,%,False,False,2024-06-13T15:53:09
SN008,M008,3744.8086,RPM,True,True,2024-11-26T14:00:32
SN023,M023,9.1199,bar,False,False,2024-09-06T22:07:24
SN036,M036,36.8332,A,False,False,2024-03-26T15:38:32
SN134,M034,27.8846,A,False,False,2024-12-18T06:45:27
SN069,M019,6.869,bar,False,False,2024-09-10T01:39:36
SN114,M014,72.5914,%,False,False,2024-05-31T16:27:31
SN136,M036,44.0811,%,False,False,2024-11-01T07:00:58
SN015,M015,3.7612,bar,False,False,2024-09-20T18:25:05
SN116,M016,108.1529,%,True,True,2024-03-16T05:12:58
SN067,M017,11.8471,bar,True,True,2024-08-10T18:12:57
SN022,M022,2618.3567,RPM,False,False,2024-05-20T02:04:24
SN009,M009,198.4546,RPM,False,False,2024-06-08T22:50:37
SN067,M017,7.4057,bar,False,False,2024-01-08T11:31:15
SN062,M012,1503.917,RPM,False,False,2024-04-07T19:40:09
SN144,M044,72.95,°C,False,False,2024-07-03T00:42:23
SN119,M019,11.7894,bar,True,True,2024-03-08T01:52:19
SN125,M025,40.0912,°C,False,False,2024-09-13T14:47:22
SN148,M048,66.4935,%,False,False,2024-04-28T09:41:46
SN047,M047,4.0516,mm/s,False,False,2024-04-20T17:10:25
SN100,M050,3.7541,mm/s,False,False,2024-02-23T16:00:25
SN022,M022,2141.9834,RPM,False,False,2024-07-03T20:26:49
SN091,M041,27.9237,°C,False,False,2024-05-13T03:04:49
SN044,M044,2756.6029,RPM,False,False,2024-02-13T14:12:30
SN107,M007,2116.0849,RPM,False,False,2024-12-10T20:07:53
SN018,M018,21.2244,A,False,False,2024-04-15T04:59:26
SN079,M029,1887.4524,RPM,False,False,2024-04-20T12:20:57
SN082,M032,2.991,bar,False,False,2024-09-18T19:36:25
SN031,M031,33.8009,A,False,False,2024-08-01T21:51:15
SN059,M009,20.0717,A,False,False,2024-12-19T04:39:31
SN132,M032,2047.5309,RPM,False,False,2024-09-23T17:55:13
SN012,M012,1268.1247,RPM,False,False,2024-06-29T15:15:48
SN143,M043,4.9134,A,False,False,2024-09-22T06:50:32
SN073,M023,16.0474,A,False,False,2024-06-06T07:12:22
SN020,M020,11.3719,A,False,False,2024-11-28T14:33:06
SN070,M020,2217.8301,RPM,False,False,2024-12-31T00:35:45
SN145,M045,3.213,mm/s,False,False,2024-09-28T09:45:44
SN074,M024,8.044,mm/s,False,False,2024-09-04T10:12:02
SN063,M013,42.9646,%,False,False,2024-02-28T03:47:11
SN139,M039,32.956,°C,False,False,2024-03-06T15:01:34
SN137,M037,33.8647,A,False,False,2024-11-29T18:36:37
SN104,M004,27.2545,A,False,False,2024-08-03T11:03:52
SN032,M032,22.9329,°C,False,False,2024-02-23T19:06:37
SN107,M007,1078.3178,RPM,False,False,2024-09-04T11:15:43
SN117,M017,5.3848,mm/s,False,False,2024-11-17T12:56:53
SN022,M022,1597.0477,RPM,False,False,2024-12-09T03:06:36
SN017,M017,9.8645,mm/s,False,False,2024-07-01T01:00:32
SN010,M010,54.174,%,False,False,2024-08-18T21:18:18
SN072,M022,8.2255,mm/s,False,False,2024-01-01T18:54:44
SN125,M025,27.3399,°C,False,False,2024-06-10T18:15:54
SN031,M031,44.3187,A,False,False,2024-04-10T02:49:28
SN066,M016,1851.4621,RPM,False,False,2024-02-10T00:41:32
SN150,M050,2.7487,mm/s,False,False,2024-10-21T11:23:18
SN148,M048,72.416,%,False,False,2024-03-07T23:27:40
SN078,M028,52.0605,%,False,False,2024-10-11T03:39:04
SN133,M033,40.754,A,False,False,2024-10-24T05:59:31
SN087,M037,526.4653,RPM,False,False,2024-07-12T00:45:51
SN124,M024,26.5795,A,False,False,2024-11-21T18:01:05
SN127,M027,0.6442,mm/s,False,False,2024-08-05T14:32:14
SN144,M044,58.4258,°C,False,False,2024-05-12T06:57:59
SN063,M013,81.0081,%,False,False,2024-03-01T21:42:24
SN023,M023,7.1801,bar,False,False,2024-08-03T12:17:46
SN008,M008,465.7599,RPM,False,False,2024-03-05T11:12:18
SN104,M004,46.1505,A,False,False,2024-01-24T10:59:42
SN105,M005,4.5014,bar,False,False,2024-01-08T14:01:14
SN038,M038,17.1278,A,False,False,2024-10-06T04:51:41
SN053,M003,33.0617,°C,False,False,2024-08-09T18:57:09
SN093,M043,19.4687,A,False,False,2024-06-05T07:40:29
SN136,M036,27.1013,%,False,False,2024-10-05T13:31:35
SN001,M001,31.4764,°C,False,False,2024-10-16T08:07:28
SN121,M021,3582.3389,RPM,True,True,2024-08-18T13:56:26
SN006,M006,2310.6164,RPM,False,False,2024-07-08T07:03:59
SN134,M034,25.0672,A,False,False,2024-07-17T21:15:58
SN107,M007,2009.3889,RPM,False,False,2024-06-17T19:10:18
SN149,M049,22.2225,°C,False,False,2024-11-06T21:39:08
SN009,M009,2534.5106,RPM,False,False,2024-07-18T22:44:47
SN061,M011,37.7715,%,False,False,2024-03-01T00:30:56
SN112,M012,867.735,RPM,False,False,2024-06-19T23:30:09
SN105,M005,2.496,bar,False,False,2024-06-08T04:02:24
SN089,M039,5.0356,bar,False,False,2024-04-21T05:24:50
SN069,M019,4.3572,bar,False,False,2024-06-20T12:23:59
SN035,M035,18.7704,A,False,False,2024-09-19T21:55:37
SN071,M021,1704.5358,RPM,False,False,2024-03-03T04:47:47
SN129,M029,85.3648,%,False,False,2024-04-15T10:03:45
SN128,M028,997.5712,RPM,False,False,2024-11-29T15:26:04
SN011,M011,3.8058,mm/s,False,False,2024-02-21T09:50:31
SN039,M039,46.5759,°C,False,False,2024-03-10T17:32:19
SN102,M002,46.3931,A,False,False,2024-01-23T15:50:20
SN056,M006,7.3171,bar,False,False,2024-09-14T14:25:27
SN066,M016,2716.1365,RPM,False,False,2024-05-24T03:59:35
SN114,M014,20.6621,%,False,False,2024-12-19T14:39:57
SN009,M009,1315.1225,RPM,False,False,2024-10-28T02:05:25
SN067,M017,1.3334,bar,False,False,2024-05-28T00:05:03
SN059,M009,20.5523,A,False,False,2024-05-13T03:24:11
SN038,M038,12.9087,A,False,False,2024-06-04T05:35:11
SN123,M023,5.9444,A,False,False,2024-10-01T23:52:44
SN143,M043,36.1027,A,False,False,2024-08-11T05:06:47
SN007,M007,37.9313,A,False,False,2024-11-22T10:36:32
SN054,M004,8.8553,bar,False,False,2024-06-07T12:38:59
SN054,M004,5.1868,bar,False,False,2024-03-30T12:51:52
SN056,M006,2.1009,bar,False,False,2024-07-25T21:57:52
SN091,M041,29.68,°C,False,False,2024-10-26T08:10:22
SN134,M034,6.6411,A,False,False,2024-11-01T10:55:37
SN057,M007,8.3939,A,False,False,2024-05-10T21:14:27
SN149,M049,22.1472,°C,False,False,2024-11-10T12:56:13
SN059,M009,39.1662,A,False,False,2024-10-11T19:18:31
SN014,M014,11.7937,bar,True,True,2024-05-01T05:51:34
SN037,M037,11.9217,A,False,False,2024-12-14T00:23:53
SN009,M009,1270.447,RPM,False,False,2024-04-13T17:31:55
SN051,M001,78.0912,%,False,False,2024-03-17T08:56:16
SN032,M032,52.6474,°C,False,False,2024-11-10T20:15:04
SN132,M032,800.6527,RPM,False,False,2024-06-03T19:26:30
SN022,M022,1840.1587,RPM,False,False,2024-12-11T23:20:32
SN141,M041,0.6005,A,False,False,2024-06-29T11:41:27
SN057,M007,28.141,A,False,False,2024-11-07T01:21:54
SN096,M046,61.7403,°C,False,False,2024-02-14T03:29:52
SN123,M023,27.1399,A,False,False,2024-05-29T18:26:51
SN139,M039,105.8051,°C,True,True,2024-08-31T19:49:59
SN099,M049,75.2919,%,False,False,2024-05-18T11:12:52
SN079,M029,2371.1965,RPM,False,False,2024-02-25T22:55:04
SN025,M025,1897.2102,RPM,False,False,2024-07-28T11:22:48
SN057,M007,31.7641,A,False,False,2024-06-17T23:12:15
SN075,M025,96.0696,%,True,True,2024-02-26T11:52:29
SN116,M016,83.5168,%,False,False,2024-08-22T00:01:52
SN110,M010,4.1343,mm/s,False,False,2024-03-20T07:04:44
SN068,M018,2.1287,bar,False,False,2024-08-03T23:09:33
SN055,M005,5.8634,bar,False,False,2024-03-26T19:23:18
SN117,M017,6.922,mm/s,False,False,2024-12-20T20:21:02
SN133,M033,32.1917,A,False,False,2024-02-01T04:28:30
SN096,M046,89.9254,°C,True,True,2024-08-18T15:12:12
SN131,M031,27.6286,A,False,False,2024-09-18T19:55:51
SN108,M008,9.0957,mm/s,False,False,2024-10-29T16:19:26
SN021,M021,2073.33,RPM,False,False,2024-02-19T14:52:21
SN085,M035,13.4431,mm/s,True,True,2024-12-06T13:46:30
SN135,M035,60.769,°C,False,False,2024-01-15T07:13:13
SN104,M004,10.5998,A,False,False,2024-04-25T14:25:57
SN127,M027,1.0673,mm/s,False,False,2024-04-25T16:05:51
SN146,M046,54.8389,%,False,False,2024-04-05T18:36:03
SN037,M037,17.0228,A,False,False,2024-08-27T02:09:37
SN023,M023,1.0082,bar,False,False,2024-07-23T22:52:00
SN086,M036,29.6047,%,False,False,2024-07-01T09:56:49
SN098,M048,4.9003,A,False,False,2024-05-16T21:15:19
SN145,M045,2.759,mm/s,False,False,2024-09-19T22:08:25
SN114,M014,57.5158,%,False,False,2024-06-10T00:39:06
SN059,M009,12.2156,A,False,False,2024-05-10T19:21:39
SN074,M024,13.7755,mm/s,True,True,2024-05-15T02:20:57
SN083,M033,3.2604,mm/s,False,False,2024-05-20T16:49:24
SN112,M012,1860.8169,RPM,False,False,2024-03-18T01:05:42
SN020,M020,24.3935,A,False,False,2024-03-25T08:27:17
SN009,M009,2104.2429,RPM,False,False,2024-02-05T08:33:08
SN005,M005,34.9743,A,False,False,2024-06-30T15:40:44
SN053,M003,42.8446,°C,False,False,2024-09-22T05:03:17
SN043,M043,4.4519,mm/s,False,False,2024-11-04T15:24:56
SN119,M019,6.9881,bar,False,False,2024-03-13T04:35:50
SN044,M044,582.8395,RPM,False,False,2024-12-22T13:32:15
SN130,M030,6.4328,mm/s,False,False,2024-08-20T09:23:40
SN017,M017,4.4624,mm/s,False,False,2024-11-05T12:05:46
SN025,M025,95.148,RPM,False,False,2024-01-05T00:42:58
SN078,M028,48.2168,%,False,False,2024-10-06T14:51:46
SN006,M006,592.4372,RPM,False,False,2024-11-29T13:08:01
SN040,M040,38.4806,°C,False,False,2024-10-20T09:20:56
SN115,M015,6.3569,mm/s,False,False,2024-08-09T18:17:22
SN051,M001,53.6734,%,False,False,2024-08-26T11:14:46
SN093,M043,13.2712,A,False,False,2024-07-07T02:24:42
SN111,M011,67.8037,°C,False,False,2024-08-27T08:53:31
SN006,M006,1412.5992,RPM,False,False,2024-12-22T16:38:28
SN107,M007,2672.4735,RPM,False,False,2024-10-01T16:07:16
SN094,M044,1593.7973,RPM,False,False,2024-01-06T14:57:13
SN074,M024,5.5956,mm/s,False,False,2024-04-05T21:30:21
SN070,M020,2739.8933,RPM,False,False,2024-11-20T10:24:50
SN077,M027,23.4535,A,False,False,2024-03-23T21:06:25
SN060,M010,8.7565,mm/s,False,False,2024-12-08T14:32:32
SN015,M015,7.6842,bar,False,False,2024-10-03T08:01:41
SN084,M034,2688.6466,RPM,False,False,2024-01-12T15:34:06
SN085,M035,3.9304,mm/s,False,False,2024-02-04T03:03:40
SN142,M042,1545.6129,RPM,False,False,2024-12-13T04:01:19
SN078,M028,48.9865,%,False,False,2024-08-18T11:01:43
SN136,M036,55.3534,%,False,False,2024-04-01T19:18:34
SN114,M014,73.4014,%,False,False,2024-05-17T18:36:16
SN012,M012,1149.3386,RPM,False,False,2024-05-03T20:28:09
SN055,M005,4.3581,bar,False,False,2024-10-17T01:40:21
SN083,M033,2.7331,mm/s,False,False,2024-07-17T15:33:45
SN147,M047,74.2797,%,False,False,2024-05-31T10:27:10
SN072,M022,6.9342,mm/s,False,False,2024-09-05T11:10:57
SN043,M043,2.5341,mm/s,False,False,2024-10-27T19:07:42
SN060,M010,6.0236,mm/s,False,False,2024-08-19T00:32:24
SN085,M035,1.2779,mm/s,False,False,2024-11-14T13:15:46
SN027,M027,18.4716,A,False,False,2024-11-15T10:40:15
SN061,M011,24.1591,%,False,False,2024-07-21T09:07:30
SN140,M040,93.1538,°C,True,True,2024-04-30T12:35:28
SN108,M008,4.3521,mm/s,False,False,2024-01-01T06:26:51
SN077,M027,2.7834,A,False,False,2024-07-04T05:23:51
SN104,M004,13.1197,A,False,False,2024-06-16T02:48:15
SN150,M050,8.4551,mm/s,False,False,2024-02-01T19:32:11
SN110,M010,2.0226,mm/s,False,False,2024-11-11T12:57:09
SN087,M037,3580.6455,RPM,True,True,2024-10-09T08:21:35
SN148,M048,46.5315,%,False,False,2024-05-01T13:27:42
SN090,M040,46.7748,%,False,False,2024-07-14T05:34:56
SN018,M018,42.8897,A,False,False,2024-01-18T05:58:22
SN011,M011,3.4508,mm/s,False,False,2024-05-01T21:20:58
SN134,M034,10.2057,A,False,False,2024-05-24T18:48:42
SN034,M034,4.5359,bar,False,False,2024-10-04T17:25:35
SN103,M003,3622.2965,RPM,True,True,2024-07-19T05:58:21
SN081,M031,20.0212,%,False,False,2024-12-01T00:04:43
SN007,M007,16.09,A,False,False,2024-11-27T21:17:46
SN124,M024,24.6363,A,False,False,2024-02-11T03:19:14
SN008,M008,2438.3664,RPM,False,False,2024-11-10T19:46:32
SN091,M041,25.7516,°C,False,False,2024-07-29T11:35:37
SN024,M024,26.5495,A,False,False,2024-05-29T10:17:15
SN024,M024,28.8603,A,False,False,2024-10-26T07:40:50
SN149,M049,75.4858,°C,False,False,2024-08-30T21:49:28
SN096,M046,93.6645,°C,True,True,2024-02-16T22:04:09
SN148,M048,73.2501,%,False,False,2024-11-10T18:57:40
SN057,M007,27.3784,A,False,False,2024-07-25T16:58:27
SN113,M013,4.9373,mm/s,False,False,2024-09-13T10:06:33
SN127,M027,0.0888,mm/s,False,False,2024-01-05T10:53:26
SN080,M030,29.668,%,False,False,2024-11-26T09:00:12
SN053,M003,65.6362,°C,False,False,2024-11-25T22:56:28
SN143,M043,45.3255,A,False,False,2024-11-25T03:01:02
SN094,M044,3693.7023,RPM,True,True,2024-09-29T15:03:53
SN026,M026,3.9771,A,False,False,2024-08-17T12:26:26
SN057,M007,6.6736,A,False,False,2024-10-23T02:08:26
SN050,M050,4.0244,mm/s,False,False,2024-02-22T08:08:21
SN011,M011,10.7389,mm/s,False,False,2024-10-26T16:28:34
SN068,M018,10.32,bar,True,True,2024-11-17T02:44:32
SN055,M005,6.7479,bar,False,False,2024-12-29T08:44:19
SN121,M021,1488.1283,RPM,False,False,2024-05-15T10:38:48
SN099,M049,49.4073,%,False,False,2024-07-29T01:33:55
SN002,M002,26.9572,%,False,False,2024-09-25T03:58:54
SN047,M047,8.9945,mm/s,False,False,2024-10-14T15:25:06
SN034,M034,6.5222,bar,False,False,2024-12-22T01:39:42
SN016,M016,6.7478,mm/s,False,False,2024-11-18T09:43:06
SN095,M045,20.393,A,False,False,2024-07-09T10:44:04
SN024,M024,5.5993,A,False,False,2024-06-16T15:00:19
SN013,M013,1.5395,bar,False,False,2024-02-01T19:04:20
SN032,M032,28.0044,°C,False,False,2024-09-16T11:50:21
SN059,M009,29.1926,A,False,False,2024-08-24T09:30:01
SN057,M007,8.6502,A,False,False,2024-05-18T17:07:59
SN150,M050,5.7908,mm/s,False,False,2024-07-11T08:43:46
SN149,M049,28.2412,°C,False,False,2024-06-15T16:21:01
SN039,M039,68.0358,°C,False,False,2024-11-12T21:36:59
SN088,M038,53.7145,°C,False,False,2024-09-24T00:11:16
SN130,M030,11.3594,mm/s,False,False,2024-11-12T16:37:23
SN027,M027,41.87,A,False,False,2024-09-30T08:45:20
SN100,M050,6.5062,mm/s,False,False,2024-06-06T02:47:06
SN141,M041,54.3144,A,True,True,2024-01-12T23:27:50
SN089,M039,1.5534,bar,False,False,2024-10-20T00:46:12
SN013,M013,7.7372,bar,False,False,2024-01-03T06:51:33
SN133,M033,37.3361,A,False,False,2024-10-28T08:36:08
SN027,M027,42.2729,A,False,False,2024-10-25T12:36:38
SN004,M004,65.3894,°C,False,False,2024-11-09T12:19:47
SN105,M005,8.4498,bar,False,False,2024-09-29T10:10:02
SN020,M020,23.7293,A,False,False,2024-02-09T16:38:13
SN066,M016,3594.3501,RPM,True,True,2024-11-22T12:38:23
SN061,M011,56.937,%,False,False,2024-04-12T09:02:33
SN072,M022,4.0173,mm/s,False,False,2024-11-14T13:04:09
SN104,M004,58.8212,A,True,True,2024-11-25T23:15:28
SN086,M036,79.7178,%,False,False,2024-01-14T11:43:16
SN106,M006,6.8846,bar,False,False,2024-06-26T09:03:54
SN068,M018,4.6737,bar,False,False,2024-08-04T12:17:38
SN057,M007,30.2897,A,False,False,2024-12-21T04:14:51
SN090,M040,22.6607,%,False,False,2024-04-10T03:43:25
SN037,M037,13.0235,A,False,False,2024-04-28T11:15:49
SN037,M037,31.2514,A,False,False,2024-04-22T18:18:46
SN092,M042,76.2904,%,False,False,2024-09-09T15:29:42
SN114,M014,31.7338,%,False,False,2024-11-25T07:40:18
SN049,M049,29.7873,A,False,False,2024-04-21T17:08:12
SN117,M017,4.4521,mm/s,False,False,2024-02-03T05:37:10
SN089,M039,1.8137,bar,False,False,2024-12-30T08:14:14
SN074,M024,5.9786,mm/s,False,False,2024-09-01T16:09:47
SN103,M003,2819.3012,RPM,False,False,2024-09-18T02:15:12
SN097,M047,15.208,A,False,False,2024-12-18T02:27:56
SN004,M004,67.5258,°C,False,False,2024-09-23T13:32:22
SN100,M050,9.1957,mm/s,False,False,2024-05-30T17:12:34
SN022,M022,1112.1546,RPM,False,False,2024-02-23T05:54:58
SN139,M039,20.4786,°C,False,False,2024-03-14T15:34:55
SN079,M029,363.3029,RPM,False,False,2024-11-09T18:18:04
SN103,M003,1694.3137,RPM,False,False,2024-09-02T04:23:25
SN106,M006,1.3908,bar,False,False,2024-06-02T17:26:26
SN095,M045,39.8614,A,False,False,2024-10-16T17:19:52
SN126,M026,841.7543,RPM,False,False,2024-03-02T09:56:40
SN017,M017,9.3692,mm/s,False,False,2024-07-12T02:36:57
SN034,M034,7.0928,bar,False,False,2024-02-27T06:57:51
SN083,M033,2.0442,mm/s,False,False,2024-03-19T20:50:02
SN088,M038,70.2891,°C,False,False,2024-05-31T13:39:27
SN009,M009,3281.5101,RPM,True,True,2024-11-21T00:38:08
SN134,M034,14.6727,A,False,False,2024-05-31T15:31:38
SN017,M017,1.2312,mm/s,False,False,2024-11-25T19:20:58
SN015,M015,2.2767,bar,False,False,2024-08-31T02:09:34
SN093,M043,42.612,A,False,False,2024-05-08T08:05:28
SN051,M001,32.3414,%,False,False,2024-02-16T05:24:44
SN132,M032,2617.8449,RPM,False,False,2024-01-07T11:15:58
SN085,M035,9.4543,mm/s,False,False,2024-03-30T07:09:16
SN074,M024,2.7611,mm/s,False,False,2024-02-19T06:33:51
SN032,M032,88.3656,°C,True,True,2024-02-27T01:03:28
SN149,M049,35.6822,°C,False,False,2024-10-16T00:10:11
SN058,M008,7.7391,bar,False,False,2024-04-17T15:21:11
SN020,M020,1.471,A,False,False,2024-12-16T19:48:19
SN138,M038,49.4928,°C,False,False,2024-03-27T09:20:33
SN068,M018,7.803,bar,False,False,2024-03-17T10:37:49
SN120,M020,5.4915,mm/s,False,False,2024-10-22T22:54:20
SN140,M040,73.0877,°C,False,False,2024-01-18T12:39:52
SN039,M039,26.9715,°C,False,False,2024-12-27T09:26:55
SN136,M036,26.0738,%,False,False,2024-07-10T02:34:33
SN145,M045,10.2737,mm/s,False,False,2024-07-19T19:12:30
SN021,M021,1861.4592,RPM,False,False,2024-01-17T13:23:01
SN146,M046,76.4293,%,False,False,2024-03-04T03:46:24
SN105,M005,4.9369,bar,False,False,2024-10-26T22:53:17
SN112,M012,1935.9557,RPM,False,False,2024-05-20T10:33:37
SN130,M030,11.0854,mm/s,False,False,2024-10-28T11:39:28
SN089,M039,4.5446,bar,False,False,2024-10-24T23:14:16
SN077,M027,45.1416,A,False,False,2024-02-25T19:26:16
SN051,M001,84.9852,%,False,False,2024-11-15T23:54:37
SN039,M039,37.9472,°C,False,False,2024-03-13T02:39:27
SN033,M033,2.3096,mm/s,False,False,2024-02-15T08:14:11
SN018,M018,46.0749,A,False,False,2024-09-20T21:59:21
SN143,M043,26.2931,A,False,False,2024-05-08T14:15:00
SN012,M012,717.5312,RPM,False,False,2024-05-21T22:55:29
SN059,M009,25.0452,A,False,False,2024-07-17T08:51:20
SN121,M021,2812.9825,RPM,False,False,2024-06-20T09:58:00
SN102,M002,18.0353,A,False,False,2024-05-27T03:15:52
SN012,M012,1539.9566,RPM,False,False,2024-07-11T07:04:32
SN077,M027,33.0741,A,False,False,2024-07-13T09:30:03
SN115,M015,7.5824,mm/s,False,False,2024-01-22T14:22:28
SN121,M021,205.9273,RPM,False,False,2024-11-23T00:02:42
SN056,M006,4.3152,bar,False,False,2024-05-19T18:34:59
SN049,M049,36.9139,A,False,False,2024-10-02T11:36:06
SN035,M035,4.5259,A,False,False,2024-09-11T07:32:56
SN009,M009,842.2726,RPM,False,False,2024-12-14T22:25:15
SN022,M022,2720.8812,RPM,False,False,2024-03-26T09:18:56
SN001,M001,27.3982,°C,False,False,2024-11-08T17:39:17
SN100,M050,10.5105,mm/s,False,False,2024-05-18T01:14:21
SN037,M037,41.1951,A,False,False,2024-05-28T08:02:36
SN079,M029,1314.8783,RPM,False,False,2024-04-15T07:57:44
SN053,M003,56.1559,°C,False,False,2024-08-25T19:19:54
SN123,M023,5.8179,A,False,False,2024-11-26T14:37:42
SN093,M043,38.8877,A,False,False,2024-12-10T12:58:04
SN071,M021,2658.5851,RPM,False,False,2024-03-04T22:26:27
SN111,M011,48.3947,°C,False,False,2024-02-05T19:41:29
SN007,M007,35.4498,A,False,False,2024-11-03T12:19:45
SN078,M028,39.7501,%,False,False,2024-08-20T21:08:46
SN128,M028,2027.6021,RPM,False,False,2024-09-29T05:56:31
SN092,M042,66.9596,%,False,False,2024-08-31T11:07:16
SN018,M018,24.8659,A,False,False,2024-02-05T20:29:14
SN122,M022,2.5501,A,False,False,2024-10-02T22:50:59
SN034,M034,5.8678,bar,False,False,2024-02-29T14:13:26
SN128,M028,619.4486,RPM,False,False,2024-06-18T18:06:47
SN057,M007,23.3246,A,False,False,2024-04-22T00:41:53
SN150,M050,10.8594,mm/s,False,False,2024-03-22T19:27:25
SN055,M005,2.4227,bar,False,False,2024-03-29T23:28:35
SN083,M033,0.4669,mm/s,False,False,2024-12-07T16:36:21
SN113,M013,13.4833,mm/s,True,True,2024-09-23T07:46:05
SN031,M031,34.7622,A,False,False,2024-12-07T03:04:53
SN135,M035,44.0778,°C,False,False,2024-06-28T22:29:22
SN080,M030,67.3602,%,False,False,2024-07-11T18:29:57
SN066,M016,3072.4192,RPM,True,True,2024-06-05T09:20:11
SN099,M049,85.3701,%,False,False,2024-10-23T01:20:20
SN091,M041,20.2267,°C,False,False,2024-06-23T11:36:01
SN097,M047,6.6144,A,False,False,2024-11-27T23:22:53
SN141,M041,5.7069,A,False,False,2024-03-11T06:54:22
SN138,M038,55.2975,°C,False,False,2024-12-26T08:56:47
SN055,M005,5.2793,bar,False,False,2024-12-02T00:21:26
SN138,M038,53.7525,°C,False,False,2024-04-11T14:11:14
SN113,M013,2.9803,mm/s,False,False,2024-11-02T23:28:21
SN056,M006,2.6793,bar,False,False,2024-01-05T07:23:53
SN077,M027,17.1073,A,False,False,2024-08-15T16:03:18
SN111,M011,60.2321,°C,False,False,2024-01-15T05:55:10
SN103,M003,2754.8737,RPM,False,False,2024-01-13T14:33:48
SN070,M020,2817.3306,RPM,False,False,2024-02-06T16:48:38
SN047,M047,7.4491,mm/s,False,False,2024-04-12T18:28:24
SN053,M003,51.6539,°C,False,False,2024-10-09T08:10:13
SN071,M021,2849.0485,RPM,False,False,2024-02-05T13:30:58
SN029,M029,63.0875,%,False,False,2024-11-30T01:46:18
SN111,M011,29.3567,°C,False,False,2024-04-11T12:18:55
SN047,M047,9.9513,mm/s,False,False,2024-10-18T00:33:18
SN061,M011,64.6847,%,False,False,2024-07-03T00:30:22
SN005,M005,33.7403,A,False,False,2024-12-30T06:29:12
SN058,M008,3.1456,bar,False,False,2024-07-24T10:53:27
SN025,M025,1170.6937,RPM,False,False,2024-05-11T06:51:34
SN149,M049,41.9569,°C,False,False,2024-11-14T13:26:58
SN142,M042,2022.7879,RPM,False,False,2024-08-10T10:06:04
SN067,M017,6.2927,bar,False,False,2024-07-13T00:59:18
SN147,M047,80.3514,%,False,False,2024-03-22T00:02:54
SN105,M005,6.8595,bar,False,False,2024-05-10T15:58:39
SN148,M048,52.0204,%,False,False,2024-06-28T02:50:40
SN110,M010,5.4291,mm/s,False,False,2024-05-22T04:22:00
SN146,M046,71.6345,%,False,False,2024-06-14T02:38:30
SN019,M019,36.839,A,False,False,2024-02-04T16:19:31
SN125,M025,56.1836,°C,False,False,2024-08-15T02:57:24
SN089,M039,7.9192,bar,False,False,2024-08-03T16:40:59
SN007,M007,30.987,A,False,False,2024-11-06T11:23:21
SN077,M027,37.3646,A,False,False,2024-11-28T00:51:15
SN034,M034,6.1663,bar,False,False,2024-01-06T01:02:19
SN126,M026,327.6972,RPM,False,False,2024-12-02T06:38:50
SN008,M008,3111.7472,RPM,True,True,2024-03-27T23:18:28
SN028,M028,54.4327,%,False,False,2024-01-01T02:04:29
SN079,M029,2135.7437,RPM,False,False,2024-06-09T06:37:31
SN065,M015,7.4235,A,False,False,2024-01-29T23:11:22
SN067,M017,6.1315,bar,False,False,2024-02-03T19:11:12
SN001,M001,51.8679,°C,False,False,2024-06-01T22:17:45
SN025,M025,1095.7492,RPM,False,False,2024-11-14T04:10:30
SN065,M015,33.4417,A,False,False,2024-01-08T04:52:53
SN080,M030,84.2405,%,False,False,2024-09-12T19:17:02
SN147,M047,42.4421,%,False,False,2024-12-17T18:04:23
SN124,M024,31.4203,A,False,False,2024-01-11T09:25:57
SN098,M048,44.5838,A,False,False,2024-05-27T22:09:09
SN119,M019,4.2904,bar,False,False,2024-03-11T11:46:12
SN010,M010,45.8334,%,False,False,2024-01-18T11:56:18
SN047,M047,5.222,mm/s,False,False,2024-06-16T21:46:45
SN079,M029,494.3354,RPM,False,False,2024-05-21T07:10:23
SN131,M031,26.9617,A,False,False,2024-06-19T10:12:28
SN041,M041,75.3537,°C,False,False,2024-08-28T23:00:43
SN121,M021,2406.1129,RPM,False,False,2024-09-07T17:28:02
SN094,M044,1943.7687,RPM,False,False,2024-08-28T00:45:36
SN051,M001,77.4071,%,False,False,2024-06-30T07:52:15
SN002,M002,64.6245,%,False,False,2024-04-29T17:08:23
SN025,M025,1329.6527,RPM,False,False,2024-07-12T20:17:55
SN053,M003,31.1104,°C,False,False,2024-11-20T22:32:39
SN106,M006,12.4227,bar,True,True,2024-06-13T16:03:52
SN131,M031,24.1483,A,False,False,2024-09-24T03:19:09
SN138,M038,61.715,°C,False,False,2024-06-12T03:37:30
SN017,M017,14.3271,mm/s,True,True,2024-05-13T05:12:01
SN122,M022,16.4715,A,False,False,2024-05-26T23:53:47
SN123,M023,38.8483,A,False,False,2024-11-18T13:40:53
SN076,M026,77.6452,°C,False,False,2024-12-21T15:55:40
SN050,M050,4.6822,mm/s,False,False,2024-04-15T10:57:14
SN128,M028,1090.6346,RPM,False,False,2024-02-28T09:38:59
SN126,M026,1404.4647,RPM,False,False,2024-06-13T18:44:07
SN090,M040,72.9551,%,False,False,2024-11-06T02:31:25
SN068,M018,5.4051,bar,False,False,2024-09-11T16:42:36
SN100,M050,2.9558,mm/s,False,False,2024-08-14T13:22:43
SN068,M018,7.3289,bar,False,False,2024-05-15T11:42:30
SN091,M041,69.1558,°C,False,False,2024-04-02T16:02:17
SN071,M021,2585.3045,RPM,False,False,2024-12-01T08:43:25
SN082,M032,7.0937,bar,False,False,2024-02-20T08:58:13
SN065,M015,55.1923,A,True,True,2024-06-20T22:06:34
SN127,M027,7.381,mm/s,False,False,2024-08-05T03:43:55
SN070,M020,2131.9059,RPM,False,False,2024-08-25T08:15:03
SN102,M002,10.7821,A,False,False,2024-08-30T05:42:37
SN067,M017,1.2294,bar,False,False,2024-06-20T05:43:50
SN090,M040,76.7819,%,False,False,2024-01-13T15:16:38
SN124,M024,17.7934,A,False,False,2024-07-25T15:29:30
SN056,M006,5.5363,bar,False,False,2024-12-25T04:48:45
SN104,M004,8.8602,A,False,False,2024-08-23T19:09:55
SN031,M031,28.5397,A,False,False,2024-04-27T15:38:29
SN135,M035,104.6626,°C,True,True,2024-11-11T03:00:18
SN008,M008,1307.0045,RPM,False,False,2024-01-22T12:00:59
SN071,M021,3.7277,RPM,False,False,2024-12-07T17:22:00
SN099,M049,73.1073,%,False,False,2024-10-01T09:16:47
SN066,M016,895.5443,RPM,False,False,2024-01-18T19:43:18
SN037,M037,24.535,A,False,False,2024-12-03T14:55:21
SN137,M037,27.6177,A,False,False,2024-03-20T23:49:49
SN052,M002,8.8585,bar,False,False,2024-06-30T11:21:24
SN072,M022,3.0378,mm/s,False,False,2024-11-02T07:03:17
SN101,M001,65.2932,°C,False,False,2024-04-06T04:10:20
SN056,M006,9.089,bar,False,False,2024-12-16T20:34:05
SN125,M025,67.6153,°C,False,False,2024-08-28T12:35:04
SN122,M022,15.9445,A,False,False,2024-02-26T22:45:07
SN014,M014,7.4422,bar,False,False,2024-04-20T04:03:45
SN018,M018,4.2174,A,False,False,2024-03-10T12:46:00
SN126,M026,1376.3754,RPM,False,False,2024-07-26T02:54:07
SN029,M029,59.0593,%,False,False,2024-02-14T15:44:05
SN101,M001,51.4532,°C,False,False,2024-08-17T20:53:58
SN119,M019,6.3877,bar,False,False,2024-03-19T12:29:49
SN133,M033,11.2128,A,False,False,2024-11-20T02:21:12
SN006,M006,751.2194,RPM,False,False,2024-03-24T11:35:56
SN083,M033,7.4704,mm/s,False,False,2024-04-14T16:46:34
SN122,M022,9.9927,A,False,False,2024-05-12T14:01:04
SN006,M006,2597.1616,RPM,False,False,2024-09-16T16:33:45
SN047,M047,2.1173,mm/s,False,False,2024-06-30T11:56:41
SN008,M008,2453.0446,RPM,False,False,2024-07-01T16:10:38
SN086,M036,50.8142,%,False,False,2024-07-05T18:10:35
SN022,M022,2605.7622,RPM,False,False,2024-07-29T09:29:24
SN031,M031,28.4864,A,False,False,2024-04-02T21:05:23
SN103,M003,2458.6818,RPM,False,False,2024-08-09T08:38:54
SN029,M029,52.225,%,False,False,2024-04-08T11:17:27
SN094,M044,1676.5116,RPM,False,False,2024-04-25T13:47:39
SN027,M027,45.8865,A,False,False,2024-12-19T02:36:25
SN064,M014,10.661,mm/s,False,False,2024-06-22T04:02:08
SN003,M003,1976.2572,RPM,False,False,2024-10-29T08:09:33
SN003,M003,188.4938,RPM,False,False,2024-01-18T10:13:10
SN104,M004,17.2598,A,False,False,2024-12-10T06:17:28
SN008,M008,761.8852,RPM,False,False,2024-07-11T14:39:48
SN010,M010,54.565,%,False,False,2024-10-22T16:18:48
SN138,M038,38.3095,°C,False,False,2024-07-25T04:25:18
SN069,M019,2.6684,bar,False,False,2024-01-05T03:04:45
SN059,M009,39.9677,A,False,False,2024-05-16T10:03:58
SN119,M019,8.9024,bar,False,False,2024-05-07T14:25:53
SN073,M023,0.3438,A,False,False,2024-04-23T00:49:11
SN068,M018,5.0733,bar,False,False,2024-07-18T15:30:18
SN015,M015,2.6077,bar,False,False,2024-12-02T15:49:35
SN116,M016,73.6555,%,False,False,2024-04-05T02:14:35
SN100,M050,2.9221,mm/s,False,False,2024-10-14T03:18:28
SN022,M022,2120.9866,RPM,False,False,2024-05-06T11:01:02
SN129,M029,82.1048,%,False,False,2024-04-13T18:01:47
SN011,M011,7.5125,mm/s,False,False,2024-12-15T21:55:45
SN081,M031,58.4893,%,False,False,2024-01-10T07:16:35
SN052,M002,9.2596,bar,False,False,2024-01-14T01:52:02
SN119,M019,4.1598,bar,False,False,2024-01-02T23:20:18
SN088,M038,57.6233,°C,False,False,2024-10-30T09:39:54
SN014,M014,4.0736,bar,False,False,2024-03-21T06:47:40
SN010,M010,59.7619,%,False,False,2024-08-20T06:51:03
SN103,M003,623.9929,RPM,False,False,2024-08-21T04:06:27
SN043,M043,4.0837,mm/s,False,False,2024-06-04T04:04:53
SN091,M041,20.1954,°C,False,False,2024-04-05T01:56:09
SN008,M008,1831.6011,RPM,False,False,2024-02-15T13:40:58
SN091,M041,68.2871,°C,False,False,2024-01-24T08:22:18
SN047,M047,2.3767,mm/s,False,False,2024-03-04T10:33:17
SN007,M007,41.1531,A,False,False,2024-08-31T20:58:09
SN092,M042,56.5769,%,False,False,2024-12-23T19:56:04
SN084,M034,3261.6223,RPM,True,True,2024-03-18T20:35:22
SN021,M021,1515.3452,RPM,False,False,2024-09-28T18:27:11
SN010,M010,65.3828,%,False,False,2024-05-29T07:53:16
SN133,M033,43.1569,A,False,False,2024-04-26T21:07:02
SN136,M036,71.2054,%,False,False,2024-01-13T15:13:35
SN146,M046,83.3846,%,False,False,2024-12-19T05:33:33
SN089,M039,3.447,bar,False,False,2024-06-23T02:20:31
SN056,M006,4.0508,bar,False,False,2024-10-20T18:58:17
SN125,M025,73.7623,°C,False,False,2024-08-15T22:25:25
SN135,M035,29.1344,°C,False,False,2024-11-18T17:44:22
SN085,M035,3.7326,mm/s,False,False,2024-07-23T09:09:40
SN027,M027,4.0207,A,False,False,2024-03-01T21:36:46
SN125,M025,61.2183,°C,False,False,2024-10-23T23:24:56
SN132,M032,1244.2838,RPM,False,False,2024-04-16T14:24:42
SN034,M034,8.3786,bar,False,False,2024-02-08T05:46:30
SN130,M030,9.9274,mm/s,False,False,2024-05-21T19:15:19
SN120,M020,8.8237,mm/s,False,False,2024-10-31T06:12:47
SN135,M035,24.8154,°C,False,False,2024-12-17T13:40:09
SN087,M037,694.4833,RPM,False,False,2024-12-29T20:10:13
SN132,M032,1206.1825,RPM,False,False,2024-10-09T05:31:08
SN085,M035,2.9845,mm/s,False,False,2024-07-13T21:11:21
SN117,M017,7.6974,mm/s,False,False,2024-05-11T11:49:59
SN004,M004,66.3041,°C,False,False,2024-07-18T00:50:04
SN142,M042,2107.4354,RPM,False,False,2024-12-09T14:42:09
SN084,M034,1454.6999,RPM,False,False,2024-02-22T21:45:30
SN066,M016,2028.7593,RPM,False,False,2024-01-16T22:48:36
SN061,M011,21.7529,%,False,False,2024-12-28T06:06:26
SN106,M006,4.0695,bar,False,False,2024-10-31T10:03:05
SN091,M041,68.5953,°C,False,False,2024-12-28T18:57:41
SN054,M004,3.8275,bar,False,False,2024-07-17T08:48:40
SN020,M020,24.12,A,False,False,2024-10-03T10:30:32
SN035,M035,21.2152,A,False,False,2024-10-28T08:30:37
SN085,M035,8.7511,mm/s,False,False,2024-06-24T13:11:15
SN128,M028,773.8018,RPM,False,False,2024-08-11T02:01:08
SN047,M047,10.025,mm/s,False,False,2024-02-15T14:55:05
SN033,M033,5.1001,mm/s,False,False,2024-11-26T16:47:47
SN074,M024,9.2595,mm/s,False,False,2024-04-06T10:30:17
SN124,M024,29.2455,A,False,False,2024-01-07T14:42:06
SN127,M027,3.2493,mm/s,False,False,2024-05-08T12:31:40
SN094,M044,809.9942,RPM,False,False,2024-11-19T03:59:35
SN080,M030,68.2874,%,False,False,2024-06-28T08:42:30
SN068,M018,8.1863,bar,False,False,2024-02-10T23:32:37
SN112,M012,562.8122,RPM,False,False,2024-08-06T21:30:15
SN088,M038,60.0337,°C,False,False,2024-07-08T17:53:09
SN031,M031,17.2907,A,False,False,2024-03-26T19:50:24
SN088,M038,76.5053,°C,False,False,2024-10-28T13:43:16
SN116,M016,37.2597,%,False,False,2024-10-12T03:35:24
SN006,M006,353.186,RPM,False,False,2024-03-01T03:26:34
SN040,M040,61.2821,°C,False,False,2024-06-03T07:06:42
SN093,M043,2.9808,A,False,False,2024-04-19T22:00:03
SN095,M045,32.938,A,False,False,2024-03-19T10:23:14
SN071,M021,2583.2458,RPM,False,False,2024-09-04T08:59:09
SN013,M013,3.4048,bar,False,False,2024-05-21T13:43:52
SN087,M037,2252.3713,RPM,False,False,2024-05-17T03:59:23
SN092,M042,42.0219,%,False,False,2024-11-18T15:25:35
SN094,M044,2284.0473,RPM,False,False,2024-02-17T18:41:08
SN109,M009,82.6384,%,False,False,2024-09-14T16:50:42
SN055,M005,7.7518,bar,False,False,2024-12-26T07:39:09
SN124,M024,40.8805,A,False,False,2024-06-10T00:28:00
SN107,M007,1597.3985,RPM,False,False,2024-10-30T19:44:36
SN092,M042,39.7497,%,False,False,2024-11-08T01:28:09
SN149,M049,50.5416,°C,False,False,2024-10-21T19:37:34
SN014,M014,1.6754,bar,False,False,2024-02-04T11:37:26
SN095,M045,32.3234,A,False,False,2024-08-05T03:42:22
SN083,M033,1.0658,mm/s,False,False,2024-10-05T22:05:01
SN149,M049,34.0645,°C,False,False,2024-05-31T20:05:44
SN143,M043,2.1957,A,False,False,2024-12-30T08:00:00
SN063,M013,63.769,%,False,False,2024-06-12T04:51:52
SN010,M010,82.596,%,False,False,2024-12-09T01:26:51
SN133,M033,25.9503,A,False,False,2024-09-07T23:17:53
SN007,M007,1.5871,A,False,False,2024-05-24T09:28:43
SN142,M042,223.0948,RPM,False,False,2024-02-11T22:53:00
SN095,M045,8.2275,A,False,False,2024-03-03T19:44:39
SN104,M004,1.5665,A,False,False,2024-10-02T00:33:09
SN049,M049,34.8445,A,False,False,2024-10-01T19:26:54
SN056,M006,4.6841,bar,False,False,2024-07-13T02:14:00
SN011,M011,0.0278,mm/s,False,False,2024-09-16T20:34:06
SN061,M011,61.6764,%,False,False,2024-07-20T11:11:36
SN044,M044,2833.7064,RPM,False,False,2024-01-25T09:11:18
SN144,M044,32.8337,°C,False,False,2024-04-25T09:40:40
SN073,M023,21.3652,A,False,False,2024-02-08T13:54:46
SN106,M006,4.6744,bar,False,False,2024-04-06T11:52:10
SN070,M020,2292.4965,RPM,False,False,2024-10-14T01:21:39
SN003,M003,852.0863,RPM,False,False,2024-09-28T14:30:10
SN024,M024,8.8515,A,False,False,2024-10-24T10:56:12
SN104,M004,22.8349,A,False,False,2024-02-27T19:50:31
SN106,M006,8.2099,bar,False,False,2024-04-10T01:32:20
SN119,M019,2.6501,bar,False,False,2024-09-22T17:25:47
SN043,M043,6.8317,mm/s,False,False,2024-06-17T14:02:55
SN105,M005,6.048,bar,False,False,2024-09-09T21:40:10
SN084,M034,1946.8332,RPM,False,False,2024-08-01T11:15:34
SN122,M022,40.6,A,False,False,2024-04-15T21:03:35
SN146,M046,45.4252,%,False,False,2024-06-22T03:45:19
SN023,M023,9.0739,bar,False,False,2024-05-29T03:20:47
SN056,M006,5.8368,bar,False,False,2024-09-30T01:43:21
SN086,M036,73.0795,%,False,False,2024-05-08T06:26:37
SN112,M012,1862.7443,RPM,False,False,2024-03-17T02:42:18
SN072,M022,12.6612,mm/s,True,True,2024-05-27T03:10:53
SN150,M050,9.6546,mm/s,False,False,2024-12-30T13:42:58
SN145,M045,3.0583,mm/s,False,False,2024-08-16T19:16:30
SN100,M050,7.6115,mm/s,False,False,2024-11-09T17:26:16
SN133,M033,42.6253,A,False,False,2024-09-13T19:39:09
SN138,M038,28.4506,°C,False,False,2024-10-30T12:07:45
SN038,M038,36.6753,A,False,False,2024-09-01T17:22:22
SN035,M035,26.6088,A,False,False,2024-02-23T08:23:22
SN048,M048,33.7633,°C,False,False,2024-03-21T16:43:53
SN059,M009,26.5049,A,False,False,2024-04-14T19:06:15
SN014,M014,6.7417,bar,False,False,2024-01-25T23:31:22
SN053,M003,49.8853,°C,False,False,2024-04-26T19:40:28
SN134,M034,23.5492,A,False,False,2024-04-04T23:54:27
SN014,M014,7.6914,bar,False,False,2024-05-07T07:51:28
SN150,M050,9.1209,mm/s,False,False,2024-12-11T10:29:30
SN084,M034,1280.6636,RPM,False,False,2024-06-04T02:37:34
SN096,M046,47.9678,°C,False,False,2024-05-29T15:56:12
SN144,M044,23.2873,°C,False,False,2024-05-16T22:06:48
SN087,M037,2094.0679,RPM,False,False,2024-12-21T22:59:44
SN102,M002,22.7514,A,False,False,2024-06-13T19:13:12
SN067,M017,8.9954,bar,False,False,2024-04-12T12:21:24
SN055,M005,8.7817,bar,False,False,2024-03-05T07:35:09
SN120,M020,13.3746,mm/s,True,True,2024-04-09T04:07:41
SN112,M012,2516.0095,RPM,False,False,2024-11-06T13:08:55
SN065,M015,2.919,A,False,False,2024-02-28T14:43:40
SN023,M023,5.3359,bar,False,False,2024-06-21T01:46:30
SN065,M015,4.7382,A,False,False,2024-05-23T04:08:51
SN036,M036,15.4754,A,False,False,2024-09-02T06:40:45
SN148,M048,83.6012,%,False,False,2024-05-14T23:52:49
SN006,M006,1165.2166,RPM,False,False,2024-08-31T15:19:16
SN026,M026,15.0384,A,False,False,2024-11-26T23:14:36
SN141,M041,25.8126,A,False,False,2024-08-31T01:53:05
SN068,M018,8.7557,bar,False,False,2024-11-19T11:42:34
SN048,M048,50.4178,°C,False,False,2024-12-26T20:06:15
SN122,M022,19.5109,A,False,False,2024-03-20T12:59:08
SN048,M048,60.8008,°C,False,False,2024-09-25T16:24:30
SN013,M013,2.0953,bar,False,False,2024-03-20T09:39:39
SN141,M041,19.1051,A,False,False,2024-12-23T07:53:10
SN130,M030,0.8826,mm/s,False,False,2024-11-15T19:19:59
SN126,M026,3310.905,RPM,True,True,2024-02-19T06:53:01
SN021,M021,996.2794,RPM,False,False,2024-12-15T14:17:24
SN076,M026,66.5723,°C,False,False,2024-05-20T12:40:54
SN006,M006,378.2107,RPM,False,False,2024-01-08T08:35:07
SN047,M047,7.073,mm/s,False,False,2024-02-07T03:49:32
SN029,M029,34.1198,%,False,False,2024-12-16T21:50:40
SN129,M029,22.9309,%,False,False,2024-12-31T21:43:10
SN002,M002,51.3833,%,False,False,2024-12-14T07:14:48
SN094,M044,114.4232,RPM,False,False,2024-01-30T19:55:39
SN003,M003,436.4568,RPM,False,False,2024-12-11T10:13:34
SN036,M036,26.1136,A,False,False,2024-06-26T00:07:30
SN074,M024,10.6688,mm/s,False,False,2024-11-15T15:54:17
SN118,M018,11.3811,mm/s,False,False,2024-04-02T21:34:07
SN040,M040,91.506,°C,True,True,2024-08-24T17:46:56
SN033,M033,2.8376,mm/s,False,False,2024-02-03T18:47:33
SN046,M046,1172.0156,RPM,False,False,2024-06-03T14:57:57
SN012,M012,573.552,RPM,False,False,2024-02-03T13:45:10
SN106,M006,3.8879,bar,False,False,2024-01-09T14:38:43
SN108,M008,2.8562,mm/s,False,False,2024-05-06T13:15:56
SN085,M035,4.7992,mm/s,False,False,2024-12-31T03:04:50
SN036,M036,32.0365,A,False,False,2024-06-06T08:34:28
SN122,M022,6.8387,A,False,False,2024-10-08T04:23:08
SN081,M031,20.5046,%,False,False,2024-05-18T08:27:34
SN112,M012,118.7575,RPM,False,False,2024-08-12T21:06:43
SN001,M001,78.1336,°C,False,False,2024-10-27T01:10:01
SN019,M019,3.9534,A,False,False,2024-07-21T22:31:09
SN024,M024,21.5479,A,False,False,2024-09-24T06:04:45
SN052,M002,9.2606,bar,False,False,2024-05-21T17:49:03
SN049,M049,10.9077,A,False,False,2024-09-27T09:37:46
SN060,M010,14.6275,mm/s,True,True,2024-04-15T21:13:12
SN136,M036,58.1709,%,False,False,2024-05-04T03:33:24
SN021,M021,1193.0198,RPM,False,False,2024-07-02T17:25:42
SN015,M015,5.9443,bar,False,False,2024-03-14T03:30:25
SN038,M038,33.5475,A,False,False,2024-03-29T05:40:38
SN009,M009,503.4171,RPM,False,False,2024-09-22T09:47:17
SN068,M018,5.4907,bar,False,False,2024-05-09T20:09:46
SN085,M035,6.5383,mm/s,False,False,2024-02-25T09:54:57
SN009,M009,2440.1529,RPM,False,False,2024-09-10T09:14:00
SN017,M017,3.4745,mm/s,False,False,2024-07-14T21:34:29
SN009,M009,280.7998,RPM,False,False,2024-08-23T15:42:31
SN057,M007,18.5892,A,False,False,2024-05-21T18:16:37
SN064,M014,4.7498,mm/s,False,False,2024-10-23T16:33:27
SN061,M011,101.7773,%,True,True,2024-10-26T21:51:17
SN095,M045,9.1916,A,False,False,2024-09-29T01:39:59
SN014,M014,12.0852,bar,True,True,2024-12-15T09:53:19
SN073,M023,36.6258,A,False,False,2024-04-12T08:26:07
SN060,M010,5.1183,mm/s,False,False,2024-09-05T11:15:06
SN038,M038,21.965,A,False,False,2024-11-17T17:45:15
SN070,M020,317.2595,RPM,False,False,2024-03-12T10:24:33
SN088,M038,73.0848,°C,False,False,2024-03-06T20:56:41
SN142,M042,2378.8216,RPM,False,False,2024-03-27T23:35:46
SN055,M005,6.3345,bar,False,False,2024-08-07T13:53:12
SN121,M021,1829.5398,RPM,False,False,2024-11-24T21:12:45
SN139,M039,52.1481,°C,False,False,2024-06-25T07:42:39
SN097,M047,17.8113,A,False,False,2024-05-17T17:10:01
SN025,M025,2107.5656,RPM,False,False,2024-09-24T17:52:50
SN145,M045,8.7036,mm/s,False,False,2024-01-27T20:53:30
SN015,M015,7.1294,bar,False,False,2024-12-12T14:30:58
SN022,M022,1728.7405,RPM,False,False,2024-07-31T21:33:33
SN049,M049,30.8969,A,False,False,2024-07-08T13:39:53
SN055,M005,4.1942,bar,False,False,2024-09-06T22:37:47
SN128,M028,3475.4891,RPM,True,True,2024-11-13T03:27:47
SN066,M016,123.0071,RPM,False,False,2024-05-16T01:49:47
SN076,M026,72.8594,°C,False,False,2024-11-17T13:50:32
SN039,M039,40.2935,°C,False,False,2024-03-19T16:39:56
SN095,M045,31.5375,A,False,False,2024-11-27T01:48:01
SN098,M048,0.3186,A,False,False,2024-04-11T08:19:15
SN101,M001,20.7503,°C,False,False,2024-07-27T22:22:49
SN083,M033,7.4391,mm/s,False,False,2024-10-07T02:25:38
SN047,M047,6.623,mm/s,False,False,2024-11-13T23:32:34
SN041,M041,66.1753,°C,False,False,2024-12-28T01:52:15
SN099,M049,73.6499,%,False,False,2024-01-26T04:29:28
SN032,M032,51.1364,°C,False,False,2024-12-01T23:25:59
SN006,M006,75.2102,RPM,False,False,2024-08-23T11:43:17
SN057,M007,0.1533,A,False,False,2024-09-09T04:24:33
SN018,M018,40.1051,A,False,False,2024-01-02T08:30:43
SN143,M043,22.1993,A,False,False,2024-01-20T00:36:43
SN051,M001,52.7234,%,False,False,2024-06-06T18:12:38
SN044,M044,982.4684,RPM,False,False,2024-11-23T18:43:55
SN135,M035,70.0143,°C,False,False,2024-11-26T13:10:24
SN127,M027,0.9647,mm/s,False,False,2024-09-17T14:24:08
SN119,M019,4.2784,bar,False,False,2024-02-20T06:29:18
SN026,M026,15.9529,A,False,False,2024-09-08T10:56:48
SN103,M003,80.2885,RPM,False,False,2024-07-09T15:07:11
SN116,M016,40.8247,%,False,False,2024-08-18T22:19:01
SN093,M043,37.9125,A,False,False,2024-09-23T08:33:16
SN029,M029,73.542,%,False,False,2024-02-27T23:32:35
SN010,M010,73.445,%,False,False,2024-11-23T21:27:23
SN031,M031,17.4988,A,False,False,2024-04-03T06:26:09
SN146,M046,63.4197,%,False,False,2024-11-05T13:19:46
SN073,M023,37.1657,A,False,False,2024-08-24T19:51:16
SN045,M045,1.414,bar,False,False,2024-05-18T14:46:36
SN028,M028,68.929,%,False,False,2024-12-07T11:29:24
SN135,M035,48.7277,°C,False,False,2024-05-21T00:23:39
SN139,M039,27.9411,°C,False,False,2024-02-13T21:17:20
SN126,M026,747.0997,RPM,False,False,2024-06-23T11:32:34
SN073,M023,28.8426,A,False,False,2024-05-25T04:13:00
SN086,M036,40.1016,%,False,False,2024-07-27T13:38:26
SN061,M011,59.5889,%,False,False,2024-08-17T05:34:20
SN121,M021,505.7147,RPM,False,False,2024-02-26T03:43:33
SN010,M010,60.062,%,False,False,2024-01-24T21:59:09
SN098,M048,20.2248,A,False,False,2024-08-12T10:41:49
SN032,M032,69.1987,°C,False,False,2024-02-13T11:19:06
SN148,M048,47.525,%,False,False,2024-08-15T07:05:39
SN148,M048,44.2062,%,False,False,2024-09-20T09:41:26
SN010,M010,24.9978,%,False,False,2024-10-23T23:06:19
SN143,M043,10.2956,A,False,False,2024-05-04T15:20:49
SN101,M001,51.3227,°C,False,False,2024-10-13T15:03:57
SN123,M023,11.1825,A,False,False,2024-11-23T10:17:10
SN085,M035,7.8608,mm/s,False,False,2024-01-21T16:26:59
SN035,M035,13.1464,A,False,False,2024-08-01T03:45:05
SN126,M026,1436.9153,RPM,False,False,2024-02-14T04:05:59
SN048,M048,44.4963,°C,False,False,2024-11-27T20:27:28
SN051,M001,44.1295,%,False,False,2024-06-24T13:28:57
SN060,M010,1.8833,mm/s,False,False,2024-02-19T12:42:34
SN036,M036,3.9284,A,False,False,2024-09-07T09:52:12
SN118,M018,3.8264,mm/s,False,False,2024-12-28T05:24:39
SN003,M003,1617.8254,RPM,False,False,2024-04-17T12:55:22
SN113,M013,8.6416,mm/s,False,False,2024-09-08T19:16:13
SN015,M015,9.2062,bar,False,False,2024-09-26T00:38:53
SN127,M027,8.9031,mm/s,False,False,2024-08-06T11:17:21
SN021,M021,580.944,RPM,False,False,2024-12-21T04:57:13
SN033,M033,2.4132,mm/s,False,False,2024-09-05T20:07:14
SN082,M032,3.1049,bar,False,False,2024-12-25T05:33:16
SN020,M020,15.6952,A,False,False,2024-05-16T14:15:11
SN009,M009,401.0592,RPM,False,False,2024-06-27T10:10:20
SN041,M041,36.5042,°C,False,False,2024-01-14T10:51:46
SN049,M049,33.3369,A,False,False,2024-05-24T22:06:07
SN116,M016,84.9636,%,False,False,2024-03-13T09:52:14
SN066,M016,1643.361,RPM,False,False,2024-06-07T00:55:28
SN138,M038,70.2271,°C,False,False,2024-06-27T21:12:49
SN002,M002,55.1805,%,False,False,2024-05-06T00:40:52
SN005,M005,36.0533,A,False,False,2024-03-29T11:31:20
SN149,M049,36.5596,°C,False,False,2024-11-07T09:55:40
SN028,M028,66.9539,%,False,False,2024-01-07T01:47:21
SN077,M027,23.1223,A,False,False,2024-10-17T18:08:28
SN122,M022,9.1652,A,False,False,2024-04-18T02:55:25
SN150,M050,10.4974,mm/s,False,False,2024-01-01T13:01:10
SN028,M028,72.3801,%,False,False,2024-07-15T02:17:17
SN140,M040,57.3584,°C,False,False,2024-08-25T09:41:17
SN030,M030,1.7741,mm/s,False,False,2024-11-25T03:29:02
SN063,M013,83.6091,%,False,False,2024-05-04T15:33:34
SN054,M004,7.7709,bar,False,False,2024-12-10T18:19:36
SN020,M020,15.4352,A,False,False,2024-07-12T23:31:58
SN010,M010,39.6217,%,False,False,2024-05-23T11:20:57
SN102,M002,4.3942,A,False,False,2024-11-21T02:29:14
SN106,M006,8.9307,bar,False,False,2024-09-23T20:23:11
SN042,M042,38.3397,°C,False,False,2024-12-31T08:57:40
SN086,M036,38.591,%,False,False,2024-03-04T04:09:38
SN001,M001,78.4119,°C,False,False,2024-11-18T13:05:26
SN060,M010,2.8575,mm/s,False,False,2024-05-31T05:20:32
SN044,M044,712.3819,RPM,False,False,2024-04-20T11:38:46
SN002,M002,76.3363,%,False,False,2024-10-18T13:29:23
SN114,M014,39.3293,%,False,False,2024-04-17T06:19:20
SN099,M049,24.0649,%,False,False,2024-11-07T05:56:45
SN088,M038,35.7457,°C,False,False,2024-09-23T02:20:40
SN013,M013,1.4304,bar,False,False,2024-01-20T16:46:46
SN064,M014,5.9906,mm/s,False,False,2024-01-30T21:36:54
SN014,M014,9.4593,bar,False,False,2024-05-18T19:51:55
SN028,M028,42.093,%,False,False,2024-01-29T22:56:12
SN067,M017,7.2742,bar,False,False,2024-10-14T11:16:58
SN046,M046,3177.6153,RPM,True,True,2024-04-23T00:55:26
SN028,M028,46.1581,%,False,False,2024-05-28T17:32:12
SN132,M032,3479.0872,RPM,True,True,2024-06-18T08:57:24
SN065,M015,4.08,A,False,False,2024-10-11T06:06:08
SN086,M036,32.5593,%,False,False,2024-09-18T19:10:24
SN051,M001,43.5575,%,False,False,2024-11-08T02:16:16
SN004,M004,40.6881,°C,False,False,2024-12-31T04:55:01
SN018,M018,20.477,A,False,False,2024-10-21T18:33:33
SN082,M032,4.7336,bar,False,False,2024-08-25T22:04:18
SN026,M026,34.5338,A,False,False,2024-08-01T03:13:35
SN044,M044,2006.0861,RPM,False,False,2024-03-10T00:05:21
SN078,M028,31.147,%,False,False,2024-11-12T07:07:49
SN150,M050,7.3316,mm/s,False,False,2024-02-09T20:42:42
SN073,M023,27.6876,A,False,False,2024-08-23T23:16:56
SN070,M020,827.0505,RPM,False,False,2024-04-20T09:20:36
SN002,M002,34.1741,%,False,False,2024-07-18T07:38:41
SN093,M043,18.8466,A,False,False,2024-08-12T04:19:35
SN149,M049,27.3506,°C,False,False,2024-11-27T22:34:26
SN044,M044,438.4333,RPM,False,False,2024-12-17T18:20:21
SN031,M031,38.9876,A,False,False,2024-01-12T20:32:53
SN028,M028,78.2969,%,False,False,2024-02-29T02:06:39
SN014,M014,5.3018,bar,False,False,2024-04-27T13:36:40
SN079,M029,2792.1241,RPM,False,False,2024-07-18T10:04:17
SN134,M034,17.2894,A,False,False,2024-04-25T10:59:24
SN140,M040,52.9546,°C,False,False,2024-06-28T22:44:43
SN048,M048,56.4414,°C,False,False,2024-04-06T00:56:14
SN099,M049,63.7556,%,False,False,2024-08-23T14:35:00
SN027,M027,14.8281,A,False,False,2024-04-16T01:34:33
SN148,M048,79.5302,%,False,False,2024-05-01T16:40:43
SN049,M049,34.1678,A,False,False,2024-08-05T09:12:54
SN007,M007,4.6728,A,False,False,2024-01-24T22:29:31
SN133,M033,6.5262,A,False,False,2024-02-09T17:53:14
SN092,M042,77.4974,%,False,False,2024-10-25T01:38:31
SN044,M044,672.0943,RPM,False,False,2024-03-12T01:58:13
SN140,M040,63.4524,°C,False,False,2024-01-05T19:17:43
SN033,M033,8.2824,mm/s,False,False,2024-10-12T08:36:34
SN065,M015,44.7768,A,False,False,2024-07-04T02:21:38
SN021,M021,2847.3553,RPM,False,False,2024-03-02T09:35:01
SN003,M003,892.434,RPM,False,False,2024-12-30T00:12:39
SN065,M015,25.5026,A,False,False,2024-06-20T06:31:27
SN011,M011,5.4046,mm/s,False,False,2024-01-12T12:14:40
SN080,M030,60.5497,%,False,False,2024-10-11T04:19:15
SN051,M001,61.5585,%,False,False,2024-09-13T18:02:14
SN138,M038,62.8943,°C,False,False,2024-12-15T10:28:27
SN110,M010,10.3735,mm/s,False,False,2024-04-27T10:25:21
SN014,M014,6.9568,bar,False,False,2024-12-13T20:26:15
SN128,M028,382.1666,RPM,False,False,2024-01-16T10:11:28
SN115,M015,2.0347,mm/s,False,False,2024-04-23T10:41:09
SN014,M014,12.1149,bar,True,True,2024-09-28T10:45:38
SN010,M010,44.2593,%,False,False,2024-01-29T08:48:22
SN005,M005,38.6828,A,False,False,2024-10-19T22:50:29
SN127,M027,1.6489,mm/s,False,False,2024-11-06T00:29:51
SN119,M019,2.1693,bar,False,False,2024-04-17T09:15:12
SN047,M047,3.2985,mm/s,False,False,2024-01-26T03:20:27
SN112,M012,1899.3154,RPM,False,False,2024-07-25T13:11:48
SN054,M004,5.1259,bar,False,False,2024-11-23T18:40:48
SN112,M012,2717.4821,RPM,False,False,2024-10-02T13:44:28
SN060,M010,3.6373,mm/s,False,False,2024-03-12T22:56:12
SN057,M007,4.9114,A,False,False,2024-08-02T02:47:10
SN044,M044,1457.1744,RPM,False,False,2024-03-15T01:40:46
SN098,M048,46.0867,A,False,False,2024-08-31T07:56:48
SN043,M043,5.2374,mm/s,False,False,2024-09-09T18:55:13
SN110,M010,5.4504,mm/s,False,False,2024-10-13T10:52:18
SN011,M011,7.4181,mm/s,False,False,2024-03-31T04:43:07
SN091,M041,47.739,°C,False,False,2024-09-09T14:31:42
SN060,M010,7.0018,mm/s,False,False,2024-05-22T14:41:55
SN149,M049,69.8526,°C,False,False,2024-10-08T17:50:49
SN110,M010,6.7621,mm/s,False,False,2024-09-18T22:26:33
SN021,M021,908.4332,RPM,False,False,2024-05-01T08:21:05
SN120,M020,3.9465,mm/s,False,False,2024-11-12T13:14:36
SN121,M021,2840.4813,RPM,False,False,2024-01-02T06:43:32
SN127,M027,0.0699,mm/s,False,False,2024-08-04T22:26:03
SN142,M042,2571.8018,RPM,False,False,2024-08-07T22:41:36
SN073,M023,28.9475,A,False,False,2024-11-03T17:24:39
SN103,M003,987.5338,RPM,False,False,2024-05-26T18:08:29
SN130,M030,10.9234,mm/s,False,False,2024-02-18T15:22:30
SN019,M019,44.3823,A,False,False,2024-11-11T07:08:43
SN084,M034,1021.4485,RPM,False,False,2024-08-25T05:53:00
SN066,M016,2108.5669,RPM,False,False,2024-04-17T22:15:10
SN044,M044,1056.7438,RPM,False,False,2024-05-09T06:01:20
SN087,M037,2328.8253,RPM,False,False,2024-11-16T04:35:46
SN049,M049,35.2686,A,False,False,2024-08-25T19:21:49
SN018,M018,4.5727,A,False,False,2024-06-09T13:49:28
SN054,M004,4.0123,bar,False,False,2024-12-23T13:43:22
SN026,M026,55.7233,A,True,True,2024-04-29T20:34:11
SN088,M038,33.9963,°C,False,False,2024-11-30T05:01:19
SN110,M010,8.6219,mm/s,False,False,2024-10-12T02:37:50
SN003,M003,955.2477,RPM,False,False,2024-01-12T19:42:26
SN065,M015,11.2742,A,False,False,2024-12-08T21:15:01
SN037,M037,12.3887,A,False,False,2024-06-12T00:54:17
SN125,M025,67.8009,°C,False,False,2024-06-30T00:34:14
SN011,M011,2.2654,mm/s,False,False,2024-11-16T19:25:45
SN045,M045,8.0171,bar,False,False,2024-02-13T12:15:33
SN036,M036,20.964,A,False,False,2024-12-10T09:58:32
SN135,M035,59.7209,°C,False,False,2024-08-09T10:40:29
SN059,M009,40.8842,A,False,False,2024-09-19T01:05:03
SN114,M014,75.7804,%,False,False,2024-05-04T08:04:56
SN036,M036,5.7002,A,False,False,2024-12-16T18:02:31
SN042,M042,39.2683,°C,False,False,2024-08-13T18:31:13
SN109,M009,76.1092,%,False,False,2024-12-12T02:05:57
SN056,M006,3.5994,bar,False,False,2024-11-22T17:08:11
SN053,M003,80.0225,°C,False,False,2024-12-14T14:50:59
SN005,M005,23.9338,A,False,False,2024-03-03T21:42:22
SN062,M012,1231.1566,RPM,False,False,2024-10-24T19:32:36
SN086,M036,58.086,%,False,False,2024-04-10T17:55:51
SN007,M007,60.3614,A,True,True,2024-07-25T19:41:56
SN025,M025,53.3305,RPM,False,False,2024-09-30T18:55:45
SN107,M007,2712.7299,RPM,False,False,2024-10-04T18:44:15
SN024,M024,43.5905,A,False,False,2024-02-20T02:15:59
SN018,M018,14.4662,A,False,False,2024-10-01T08:19:46
SN065,M015,52.0033,A,True,True,2024-01-18T16:28:28
SN035,M035,46.1945,A,False,False,2024-01-25T08:13:50
SN109,M009,50.8231,%,False,False,2024-06-22T01:26:01
SN050,M050,0.7322,mm/s,False,False,2024-08-08T12:57:02
SN147,M047,79.9168,%,False,False,2024-01-05T04:09:03
SN054,M004,9.1825,bar,False,False,2024-04-18T18:45:40
SN049,M049,31.5538,A,False,False,2024-04-09T08:20:53
SN055,M005,3.6077,bar,False,False,2024-02-20T08:58:41
SN027,M027,55.1541,A,True,True,2024-12-04T04:20:16
SN012,M012,838.5521,RPM,False,False,2024-06-02T10:34:58
SN001,M001,58.2121,°C,False,False,2024-02-12T22:10:07
SN052,M002,3.8579,bar,False,False,2024-05-09T16:42:53
SN117,M017,1.518,mm/s,False,False,2024-10-06T21:53:32
SN121,M021,2845.7435,RPM,False,False,2024-09-22T21:14:15
SN033,M033,6.8035,mm/s,False,False,2024-05-18T18:39:24
SN109,M009,85.207,%,False,False,2024-06-29T07:09:01
SN034,M034,5.1575,bar,False,False,2024-11-04T17:06:23
SN020,M020,38.035,A,False,False,2024-08-20T23:33:55
SN144,M044,53.6747,°C,False,False,2024-10-04T19:12:45
SN142,M042,2346.0385,RPM,False,False,2024-07-09T17:26:40
SN109,M009,48.686,%,False,False,2024-05-24T02:34:46
SN017,M017,5.4764,mm/s,False,False,2024-09-11T20:59:22
SN020,M020,10.1214,A,False,False,2024-07-27T13:37:13
SN022,M022,1635.2181,RPM,False,False,2024-08-26T17:38:38
SN117,M017,9.1186,mm/s,False,False,2024-01-17T04:51:22
SN072,M022,2.563,mm/s,False,False,2024-04-16T18:21:13
SN093,M043,12.0134,A,False,False,2024-05-12T15:46:49
SN129,M029,53.3923,%,False,False,2024-11-17T23:10:23
SN022,M022,2252.5424,RPM,False,False,2024-11-17T16:18:29
SN058,M008,5.5777,bar,False,False,2024-12-15T01:41:14
SN008,M008,2777.2699,RPM,False,False,2024-09-12T06:40:19
SN104,M004,34.5759,A,False,False,2024-01-16T13:17:38
SN064,M014,9.0671,mm/s,False,False,2024-05-15T02:03:58
SN125,M025,50.9824,°C,False,False,2024-08-28T17:06:28
SN050,M050,1.2089,mm/s,False,False,2024-07-28T10:56:53
SN084,M034,1115.1982,RPM,False,False,2024-02-24T10:50:37
SN009,M009,794.9439,RPM,False,False,2024-04-28T17:01:04
SN049,M049,27.7176,A,False,False,2024-06-23T00:12:21
SN021,M021,901.1704,RPM,False,False,2024-01-13T01:50:33
SN106,M006,3.6691,bar,False,False,2024-06-12T07:07:32
SN117,M017,14.9369,mm/s,True,True,2024-10-13T22:52:30
SN120,M020,0.8516,mm/s,False,False,2024-05-17T21:54:58
SN051,M001,63.0158,%,False,False,2024-03-13T04:49:11
SN015,M015,3.9441,bar,False,False,2024-09-22T00:48:57
SN090,M040,69.5024,%,False,False,2024-09-18T15:59:19
SN082,M032,8.9642,bar,False,False,2024-11-25T21:09:40
SN010,M010,81.5087,%,False,False,2024-07-19T10:51:12
SN106,M006,6.9376,bar,False,False,2024-07-14T11:25:35
SN135,M035,68.7515,°C,False,False,2024-12-26T01:27:54
SN043,M043,10.2314,mm/s,False,False,2024-02-22T14:14:43
SN028,M028,22.0491,%,False,False,2024-01-16T00:42:08
SN117,M017,7.7422,mm/s,False,False,2024-01-04T13:16:24
SN071,M021,3581.7067,RPM,True,True,2024-04-30T12:43:28
SN127,M027,0.7758,mm/s,False,False,2024-02-18T11:10:33
SN045,M045,1.898,bar,False,False,2024-06-21T06:35:14
SN094,M044,1531.6324,RPM,False,False,2024-01-07T01:37:38
SN072,M022,10.12,mm/s,False,False,2024-09-26T13:04:23
SN080,M030,46.78,%,False,False,2024-02-01T18:36:20
SN134,M034,45.1742,A,False,False,2024-02-27T20:10:25
SN111,M011,37.7599,°C,False,False,2024-11-15T21:40:45
SN128,M028,737.4694,RPM,False,False,2024-08-01T01:27:11
SN107,M007,327.6941,RPM,False,False,2024-01-07T02:04:13
SN031,M031,22.1446,A,False,False,2024-01-06T08:26:11
SN060,M010,3.7198,mm/s,False,False,2024-10-28T14:02:45
SN013,M013,6.6067,bar,False,False,2024-03-28T01:01:56
SN008,M008,383.6208,RPM,False,False,2024-11-22T06:22:08
SN097,M047,36.7022,A,False,False,2024-08-07T22:14:56
SN124,M024,12.1774,A,False,False,2024-11-11T01:43:45
SN016,M016,7.2856,mm/s,False,False,2024-01-23T03:43:00
SN067,M017,2.9344,bar,False,False,2024-02-09T06:19:40
SN119,M019,6.0558,bar,False,False,2024-10-14T15:41:46
SN129,M029,57.5587,%,False,False,2024-04-11T09:49:53
SN104,M004,7.6401,A,False,False,2024-06-30T09:50:13
SN006,M006,1503.0797,RPM,False,False,2024-02-10T21:18:01
SN050,M050,5.8329,mm/s,False,False,2024-10-25T04:27:00
SN074,M024,2.8211,mm/s,False,False,2024-11-12T03:41:49
SN068,M018,6.8594,bar,False,False,2024-11-12T17:51:20
SN096,M046,67.8189,°C,False,False,2024-03-05T11:42:30
SN119,M019,1.6857,bar,False,False,2024-11-13T05:52:10
SN122,M022,11.6722,A,False,False,2024-04-03T23:54:37
SN118,M018,8.3087,mm/s,False,False,2024-03-01T00:34:33
SN091,M041,68.9685,°C,False,False,2024-07-01T03:21:39
SN076,M026,102.5847,°C,True,True,2024-10-30T17:10:53
SN085,M035,1.574,mm/s,False,False,2024-02-05T11:59:56
SN040,M040,24.4371,°C,False,False,2024-05-10T16:56:23
SN067,M017,1.5649,bar,False,False,2024-08-17T20:39:09
SN007,M007,1.319,A,False,False,2024-01-05T11:56:10
SN126,M026,2100.4653,RPM,False,False,2024-09-09T06:51:10
SN150,M050,8.9383,mm/s,False,False,2024-05-19T23:55:29
SN033,M033,11.1466,mm/s,False,False,2024-04-30T02:48:36
SN068,M018,8.3492,bar,False,False,2024-10-31T13:02:52
SN113,M013,10.787,mm/s,False,False,2024-10-17T14:18:52
SN094,M044,1597.5337,RPM,False,False,2024-09-17T02:45:10
SN035,M035,20.16,A,False,False,2024-02-18T00:54:27
SN105,M005,6.8261,bar,False,False,2024-09-16T10:54:52
SN147,M047,40.3759,%,False,False,2024-10-12T06:34:44
SN037,M037,33.3344,A,False,False,2024-07-26T08:40:00
SN071,M021,938.9337,RPM,False,False,2024-03-22T10:07:07
SN113,M013,11.3631,mm/s,False,False,2024-05-03T00:08:26
SN138,M038,44.3897,°C,False,False,2024-02-19T10:04:42
SN095,M045,5.0572,A,False,False,2024-11-26T16:41:21
SN149,M049,59.9072,°C,False,False,2024-01-13T04:39:50
SN047,M047,1.5227,mm/s,False,False,2024-05-14T21:25:10
SN143,M043,10.9245,A,False,False,2024-05-15T01:51:04
SN131,M031,9.7971,A,False,False,2024-09-17T01:42:45
SN086,M036,31.2264,%,False,False,2024-07-20T02:54:46
SN008,M008,2639.2633,RPM,False,False,2024-07-11T13:32:20
SN081,M031,102.0894,%,True,True,2024-09-15T12:19:59
SN131,M031,32.591,A,False,False,2024-12-12T07:31:35
SN116,M016,43.6266,%,False,False,2024-11-02T04:04:18
SN076,M026,41.7563,°C,False,False,2024-04-18T22:26:16
SN122,M022,22.9151,A,False,False,2024-04-20T18:56:54
SN071,M021,753.9484,RPM,False,False,2024-08-16T02:02:14
SN063,M013,100.6418,%,True,True,2024-11-09T07:17:30
SN014,M014,10.22,bar,True,True,2024-08-08T16:56:25
SN137,M037,43.8866,A,False,False,2024-05-31T12:41:27
SN077,M027,5.9805,A,False,False,2024-10-15T01:17:24
SN118,M018,4.1611,mm/s,False,False,2024-03-21T17:42:01
SN128,M028,649.4293,RPM,False,False,2024-12-10T01:49:00
SN144,M044,59.5839,°C,False,False,2024-04-22T17:21:31
SN098,M048,52.1578,A,True,True,2024-02-17T02:26:36
SN006,M006,724.3665,RPM,False,False,2024-06-30T16:06:16
SN041,M041,35.3868,°C,False,False,2024-05-17T13:38:31
SN051,M001,22.8508,%,False,False,2024-10-20T11:19:06
SN112,M012,2376.5056,RPM,False,False,2024-08-26T15:31:14
SN057,M007,30.0311,A,False,False,2024-04-08T04:56:26
SN120,M020,13.7957,mm/s,True,True,2024-06-03T05:36:09
SN035,M035,44.5586,A,False,False,2024-11-04T08:44:31
SN027,M027,14.0908,A,False,False,2024-02-18T07:15:38
SN101,M001,33.2196,°C,False,False,2024-05-24T08:48:08
SN016,M016,2.635,mm/s,False,False,2024-09-21T05:45:50
SN150,M050,7.6834,mm/s,False,False,2024-08-20T00:58:46
SN131,M031,12.2862,A,False,False,2024-04-13T20:41:55
SN040,M040,54.8223,°C,False,False,2024-03-01T07:26:45
SN063,M013,71.5065,%,False,False,2024-07-12T22:31:00
SN068,M018,7.1702,bar,False,False,2024-05-10T12:53:45
SN079,M029,2133.1016,RPM,False,False,2024-05-17T14:43:38
SN091,M041,64.5325,°C,False,False,2024-12-06T03:28:54
SN030,M030,8.2666,mm/s,False,False,2024-10-08T19:31:40
SN028,M028,77.2524,%,False,False,2024-09-21T11:52:59
SN037,M037,5.0573,A,False,False,2024-03-29T18:32:11
SN034,M034,8.9201,bar,False,False,2024-04-18T16:28:50
SN007,M007,28.4858,A,False,False,2024-03-22T00:55:54
SN101,M001,75.5392,°C,False,False,2024-07-03T18:44:58
SN100,M050,4.6587,mm/s,False,False,2024-11-12T18:53:13
SN070,M020,2184.3698,RPM,False,False,2024-04-17T11:42:37
SN011,M011,10.5224,mm/s,False,False,2024-05-10T15:04:08
SN094,M044,465.6061,RPM,False,False,2024-05-26T17:06:02
SN060,M010,10.9098,mm/s,False,False,2024-01-07T04:16:31
SN090,M040,94.6122,%,True,True,2024-12-03T15:50:58
SN034,M034,6.1264,bar,False,False,2024-01-15T16:53:26
SN123,M023,13.8678,A,False,False,2024-09-04T03:57:57
SN087,M037,483.6682,RPM,False,False,2024-12-27T23:25:45
SN135,M035,77.5529,°C,False,False,2024-06-20T19:01:56
SN108,M008,9.0583,mm/s,False,False,2024-03-11T21:35:10
SN053,M003,39.3395,°C,False,False,2024-04-12T21:55:49
SN056,M006,2.9485,bar,False,False,2024-09-05T01:35:31
SN117,M017,8.9779,mm/s,False,False,2024-10-04T20:29:31
SN113,M013,2.4618,mm/s,False,False,2024-06-11T10:11:30
SN149,M049,70.111,°C,False,False,2024-05-13T20:57:14
SN031,M031,52.5865,A,True,True,2024-01-01T13:11:25
SN126,M026,470.632,RPM,False,False,2024-04-09T23:41:53
SN050,M050,7.1437,mm/s,False,False,2024-09-27T15:39:18
SN134,M034,41.6674,A,False,False,2024-09-15T20:04:16
SN098,M048,44.0061,A,False,False,2024-05-13T07:28:24
SN056,M006,1.5804,bar,False,False,2024-12-16T12:52:41
SN092,M042,27.2966,%,False,False,2024-01-11T05:33:30
SN092,M042,56.7006,%,False,False,2024-08-05T06:17:11
SN050,M050,5.1662,mm/s,False,False,2024-01-12T18:36:50
SN146,M046,23.3889,%,False,False,2024-08-29T19:57:17
SN054,M004,4.9701,bar,False,False,2024-11-26T02:29:25
SN059,M009,6.1835,A,False,False,2024-07-03T23:45:24
SN050,M050,3.1368,mm/s,False,False,2024-02-03T06:10:32
SN080,M030,23.3845,%,False,False,2024-10-24T22:45:29
SN041,M041,47.5725,°C,False,False,2024-12-20T08:38:25
SN096,M046,70.3895,°C,False,False,2024-09-27T13:55:06
SN007,M007,19.5688,A,False,False,2024-10-05T03:17:53
SN005,M005,51.6761,A,True,True,2024-02-28T13:01:46
SN045,M045,11.707,bar,True,True,2024-07-04T11:27:10
SN022,M022,2689.737,RPM,False,False,2024-02-17T02:01:33
SN134,M034,35.7478,A,False,False,2024-04-18T11:02:48
SN089,M039,6.0678,bar,False,False,2024-09-06T18:52:35
SN083,M033,8.8057,mm/s,False,False,2024-02-21T00:46:56
SN061,M011,73.2423,%,False,False,2024-11-10T20:11:17
SN133,M033,44.9386,A,False,False,2024-02-14T15:45:50
SN118,M018,9.001,mm/s,False,False,2024-01-12T11:28:58
SN051,M001,20.9013,%,False,False,2024-12-29T11:39:18
SN142,M042,161.5583,RPM,False,False,2024-06-17T12:41:44
SN001,M001,37.1928,°C,False,False,2024-01-27T00:50:08
SN120,M020,1.93,mm/s,False,False,2024-11-04T20:41:19
SN072,M022,2.5198,mm/s,False,False,2024-01-10T07:52:14
SN013,M013,6.3148,bar,False,False,2024-06-13T08:28:51
SN127,M027,5.8787,mm/s,False,False,2024-10-30T10:53:48
SN125,M025,61.4784,°C,False,False,2024-05-11T07:10:29
SN002,M002,57.6651,%,False,False,2024-02-07T15:47:19
SN078,M028,39.4323,%,False,False,2024-11-17T21:23:44
SN113,M013,2.8284,mm/s,False,False,2024-06-09T02:55:42
SN075,M025,28.3798,%,False,False,2024-03-10T02:54:24
SN129,M029,42.2121,%,False,False,2024-07-28T18:48:42
SN032,M032,61.9053,°C,False,False,2024-01-16T06:51:46
SN079,M029,2618.7458,RPM,False,False,2024-09-09T22:33:54
SN142,M042,1887.0704,RPM,False,False,2024-12-20T16:36:55
SN012,M012,1963.0082,RPM,False,False,2024-12-18T02:43:47
SN103,M003,1387.9327,RPM,False,False,2024-05-29T22:23:47
SN067,M017,8.8971,bar,False,False,2024-08-22T20:54:12
SN052,M002,8.6861,bar,False,False,2024-02-11T09:45:46
SN109,M009,80.3551,%,False,False,2024-10-04T14:59:46
SN097,M047,46.011,A,False,False,2024-06-20T12:11:41
SN143,M043,26.5878,A,False,False,2024-12-06T14:21:12
SN108,M008,8.3878,mm/s,False,False,2024-12-01T21:20:59
SN093,M043,21.2096,A,False,False,2024-08-29T00:21:26
SN020,M020,4.087,A,False,False,2024-06-02T12:23:07
SN112,M012,431.0232,RPM,False,False,2024-06-15T12:37:34
SN075,M025,53.0122,%,False,False,2024-08-30T15:41:27
SN061,M011,49.4761,%,False,False,2024-08-25T08:19:56
SN082,M032,5.018,bar,False,False,2024-01-29T03:33:20
SN041,M041,32.9252,°C,False,False,2024-11-23T14:05:09
SN029,M029,37.421,%,False,False,2024-09-19T10:48:22
SN134,M034,43.9994,A,False,False,2024-04-10T11:04:28
SN064,M014,4.9994,mm/s,False,False,2024-01-06T15:59:17
SN070,M020,834.2675,RPM,False,False,2024-07-06T08:58:22
SN052,M002,1.5803,bar,False,False,2024-07-16T15:51:32
SN115,M015,8.9646,mm/s,False,False,2024-03-10T07:07:39
SN111,M011,74.8431,°C,False,False,2024-02-24T04:48:35
SN013,M013,7.5744,bar,False,False,2024-12-31T05:51:12
SN057,M007,45.0561,A,False,False,2024-03-02T18:19:03
SN121,M021,2747.1149,RPM,False,False,2024-10-28T11:46:30
SN128,M028,1037.9867,RPM,False,False,2024-12-12T00:57:46
SN124,M024,46.9779,A,False,False,2024-02-29T22:10:22
SN064,M014,13.7651,mm/s,True,True,2024-05-12T14:12:15
SN118,M018,9.8328,mm/s,False,False,2024-05-15T12:13:47
SN030,M030,1.6172,mm/s,False,False,2024-04-28T10:11:48
SN047,M047,4.4273,mm/s,False,False,2024-01-08T15:48:45
SN002,M002,71.3835,%,False,False,2024-11-27T16:33:04
SN001,M001,40.2689,°C,False,False,2024-07-09T17:26:01
SN138,M038,59.6918,°C,False,False,2024-01-18T22:24:27
SN053,M003,104.3316,°C,True,True,2024-04-14T08:09:54
SN019,M019,46.338,A,False,False,2024-11-15T03:51:53
SN104,M004,8.9798,A,False,False,2024-08-16T11:25:00
SN132,M032,2086.9875,RPM,False,False,2024-07-27T04:51:56
SN069,M019,6.7771,bar,False,False,2024-11-29T15:32:09
SN114,M014,72.5769,%,False,False,2024-11-13T01:05:33
SN008,M008,2283.6142,RPM,False,False,2024-06-14T12:22:50
SN012,M012,3247.9255,RPM,True,True,2024-05-26T12:56:40
SN026,M026,37.391,A,False,False,2024-04-06T03:03:31
SN114,M014,92.8533,%,True,True,2024-04-17T21:05:02
SN021,M021,1882.3572,RPM,False,False,2024-04-29T22:53:49
SN073,M023,26.5914,A,False,False,2024-02-02T00:28:21
SN098,M048,43.2452,A,False,False,2024-06-27T00:53:32
SN112,M012,226.1069,RPM,False,False,2024-05-18T22:49:12
SN123,M023,37.9996,A,False,False,2024-11-19T06:59:17
SN002,M002,36.7003,%,False,False,2024-05-25T12:02:59
SN129,M029,27.987,%,False,False,2024-02-27T23:01:27
SN075,M025,67.4504,%,False,False,2024-04-29T11:05:50
SN018,M018,23.2291,A,False,False,2024-05-20T09:52:06
SN060,M010,2.8579,mm/s,False,False,2024-10-08T20:52:51
SN129,M029,31.3394,%,False,False,2024-03-21T11:36:57
SN067,M017,2.4622,bar,False,False,2024-09-02T19:55:17
SN042,M042,63.3607,°C,False,False,2024-08-11T18:57:46
SN150,M050,5.9753,mm/s,False,False,2024-11-22T12:48:37
SN041,M041,54.2136,°C,False,False,2024-01-10T05:55:44
SN004,M004,69.9487,°C,False,False,2024-03-23T04:27:29
SN036,M036,0.3192,A,False,False,2024-10-05T23:44:12
SN070,M020,736.9173,RPM,False,False,2024-10-30T03:24:15
SN090,M040,80.4998,%,False,False,2024-07-06T13:40:38
SN019,M019,39.3123,A,False,False,2024-04-13T06:32:26
SN029,M029,50.4352,%,False,False,2024-09-27T04:40:25
SN098,M048,14.0933,A,False,False,2024-06-11T05:09:02
SN141,M041,10.957,A,False,False,2024-02-02T19:46:25
SN026,M026,38.8927,A,False,False,2024-04-30T10:29:49
SN095,M045,19.0319,A,False,False,2024-12-23T12:50:54
SN116,M016,46.1672,%,False,False,2024-05-24T15:25:04
SN122,M022,18.2812,A,False,False,2024-11-30T12:09:22
SN065,M015,18.7173,A,False,False,2024-08-06T07:30:47
SN091,M041,50.3831,°C,False,False,2024-10-13T08:59:27
SN088,M038,28.4855,°C,False,False,2024-06-18T05:51:37
SN080,M030,41.0029,%,False,False,2024-03-12T20:44:54
SN019,M019,2.9461,A,False,False,2024-08-10T14:51:23
SN138,M038,52.1501,°C,False,False,2024-08-18T09:48:49
SN143,M043,47.3132,A,False,False,2024-06-30T18:15:34
SN093,M043,13.104,A,False,False,2024-03-05T16:55:46
SN002,M002,64.9945,%,False,False,2024-08-03T03:45:09
SN093,M043,19.6723,A,False,False,2024-08-23T20:40:20
SN044,M044,1528.1978,RPM,False,False,2024-10-31T08:01:12
SN060,M010,4.9225,mm/s,False,False,2024-09-23T05:59:09
SN071,M021,3322.1334,RPM,True,True,2024-07-05T00:09:45
SN036,M036,40.8899,A,False,False,2024-06-16T16:35:45
SN052,M002,3.0889,bar,False,False,2024-11-06T17:28:34
SN023,M023,1.4727,bar,False,False,2024-02-04T13:11:10
SN140,M040,80.7393,°C,False,False,2024-11-14T18:02:53
SN062,M012,56.4819,RPM,False,False,2024-01-31T16:08:47
SN028,M028,72.4636,%,False,False,2024-07-16T09:47:41
SN068,M018,4.4041,bar,False,False,2024-04-07T17:00:24
SN129,M029,42.4755,%,False,False,2024-07-12T11:07:09
SN082,M032,6.9205,bar,False,False,2024-05-18T01:18:21
SN040,M040,26.3388,°C,False,False,2024-01-30T01:22:13
SN071,M021,1734.5464,RPM,False,False,2024-12-29T15:54:18
SN065,M015,33.6068,A,False,False,2024-07-22T05:20:45
SN055,M005,8.9684,bar,False,False,2024-08-10T02:12:57
SN140,M040,50.4765,°C,False,False,2024-10-03T18:05:31
SN023,M023,3.7895,bar,False,False,2024-06-03T08:11:31
SN109,M009,48.2977,%,False,False,2024-12-06T12:04:11
SN064,M014,2.318,mm/s,False,False,2024-11-22T14:25:26
SN139,M039,54.9414,°C,False,False,2024-10-02T23:11:11
SN138,M038,35.2079,°C,False,False,2024-06-29T04:33:46
SN137,M037,15.5335,A,False,False,2024-09-22T01:31:01
SN100,M050,7.8945,mm/s,False,False,2024-08-21T00:27:34
SN150,M050,8.834,mm/s,False,False,2024-12-21T18:55:31
SN111,M011,72.2882,°C,False,False,2024-12-28T20:02:30
SN079,M029,1199.5796,RPM,False,False,2024-03-06T06:59:53
SN051,M001,77.9888,%,False,False,2024-12-29T10:50:15
SN138,M038,46.2206,°C,False,False,2024-11-29T23:50:08
SN093,M043,23.0492,A,False,False,2024-08-17T01:50:40
SN118,M018,5.4878,mm/s,False,False,2024-10-09T07:04:00
SN013,M013,8.4607,bar,False,False,2024-02-20T22:05:28
SN127,M027,6.9166,mm/s,False,False,2024-01-23T13:47:39
SN081,M031,68.549,%,False,False,2024-12-01T11:53:39
SN033,M033,2.1417,mm/s,False,False,2024-09-13T11:27:20
SN117,M017,10.4322,mm/s,False,False,2024-02-18T05:37:41
SN094,M044,1630.5739,RPM,False,False,2024-09-03T04:29:02
SN071,M021,2083.3776,RPM,False,False,2024-05-28T14:56:12
SN044,M044,2324.2017,RPM,False,False,2024-10-07T20:01:32
SN070,M020,521.1858,RPM,False,False,2024-01-14T20:17:39
SN025,M025,1211.3153,RPM,False,False,2024-03-25T07:12:14
SN061,M011,84.5444,%,False,False,2024-05-17T00:24:02
SN010,M010,38.8607,%,False,False,2024-10-11T04:48:25
SN034,M034,3.7458,bar,False,False,2024-09-18T14:22:31
SN138,M038,36.7983,°C,False,False,2024-04-01T06:31:21
SN014,M014,3.668,bar,False,False,2024-11-28T02:21:40
SN135,M035,23.9819,°C,False,False,2024-04-16T06:38:38
SN041,M041,73.7118,°C,False,False,2024-07-24T12:41:02
SN077,M027,45.0331,A,False,False,2024-01-20T03:13:55
SN125,M025,20.8798,°C,False,False,2024-10-16T13:46:24
SN055,M005,3.0974,bar,False,False,2024-03-12T11:54:08
SN132,M032,1665.1336,RPM,False,False,2024-12-31T03:51:32
SN145,M045,5.3082,mm/s,False,False,2024-02-24T06:13:39
SN068,M018,3.5694,bar,False,False,2024-11-01T22:13:14
SN052,M002,8.712,bar,False,False,2024-01-05T16:04:39
SN120,M020,7.6297,mm/s,False,False,2024-03-08T12:46:28
SN061,M011,66.0206,%,False,False,2024-04-03T19:11:12
SN034,M034,5.1562,bar,False,False,2024-09-01T12:17:43
SN057,M007,16.8435,A,False,False,2024-04-09T21:47:28
SN113,M013,4.9883,mm/s,False,False,2024-06-21T08:38:17
SN092,M042,34.7533,%,False,False,2024-05-04T11:11:21
SN080,M030,26.9914,%,False,False,2024-06-30T19:29:58
SN025,M025,1110.4566,RPM,False,False,2024-06-15T05:09:44
SN028,M028,64.7589,%,False,False,2024-08-13T06:54:09
SN056,M006,5.9054,bar,False,False,2024-12-03T20:37:52
SN033,M033,2.0432,mm/s,False,False,2024-10-01T21:11:59
SN014,M014,9.1746,bar,False,False,2024-05-14T06:35:02
SN016,M016,1.1197,mm/s,False,False,2024-12-09T14:01:21
SN066,M016,634.3628,RPM,False,False,2024-04-06T22:04:34
SN146,M046,30.3226,%,False,False,2024-08-28T06:58:57
SN139,M039,59.1251,°C,False,False,2024-05-08T09:03:54
SN130,M030,3.2834,mm/s,False,False,2024-06-22T09:20:16
SN122,M022,33.4807,A,False,False,2024-11-19T04:58:44
SN145,M045,1.5002,mm/s,False,False,2024-12-01T21:09:22
SN012,M012,2619.0326,RPM,False,False,2024-09-24T10:44:17
SN029,M029,48.9251,%,False,False,2024-08-20T19:19:10
SN063,M013,71.5821,%,False,False,2024-05-02T08:33:20
SN119,M019,1.744,bar,False,False,2024-04-21T18:42:30
SN047,M047,8.4291,mm/s,False,False,2024-06-12T15:56:29
SN048,M048,22.041,°C,False,False,2024-12-25T16:14:27
SN101,M001,63.8399,°C,False,False,2024-05-06T07:06:27
SN023,M023,11.8494,bar,True,True,2024-11-19T22:56:12
SN065,M015,11.9313,A,False,False,2024-03-24T17:26:58
SN101,M001,35.247,°C,False,False,2024-11-15T21:33:13
SN042,M042,54.2282,°C,False,False,2024-11-04T12:10:40
SN108,M008,2.8829,mm/s,False,False,2024-03-01T16:54:57
SN002,M002,50.3519,%,False,False,2024-02-28T08:23:42
SN043,M043,10.9171,mm/s,False,False,2024-06-03T13:22:53
SN129,M029,30.2973,%,False,False,2024-07-16T12:36:38
SN013,M013,5.3118,bar,False,False,2024-12-08T17:30:41
SN115,M015,3.6435,mm/s,False,False,2024-07-06T08:19:44
SN028,M028,79.9981,%,False,False,2024-03-14T03:35:45
SN139,M039,33.2464,°C,False,False,2024-01-06T12:57:25
SN012,M012,2563.6103,RPM,False,False,2024-09-15T11:51:19
SN109,M009,83.8933,%,False,False,2024-05-12T20:39:48
SN132,M032,1208.7664,RPM,False,False,2024-07-03T19:11:26
SN115,M015,3.234,mm/s,False,False,2024-05-23T13:37:52
SN142,M042,1366.3875,RPM,False,False,2024-08-02T15:54:36
SN080,M030,62.8516,%,False,False,2024-04-03T17:21:05
SN075,M025,47.5858,%,False,False,2024-03-25T02:50:27
SN057,M007,13.6345,A,False,False,2024-05-27T00:15:30
SN091,M041,79.0574,°C,False,False,2024-09-17T06:16:36
SN106,M006,5.4911,bar,False,False,2024-12-30T09:21:06
SN017,M017,8.5336,mm/s,False,False,2024-10-12T09:16:11
SN052,M002,4.9571,bar,False,False,2024-07-11T06:28:59
SN053,M003,80.0278,°C,False,False,2024-01-27T09:39:59
SN132,M032,2244.6829,RPM,False,False,2024-11-23T10:32:16
SN128,M028,1922.6648,RPM,False,False,2024-05-19T09:53:35
SN145,M045,6.611,mm/s,False,False,2024-05-07T01:48:28
SN106,M006,12.007,bar,True,True,2024-09-05T18:30:15
SN059,M009,21.2659,A,False,False,2024-05-02T05:55:54
SN040,M040,71.2127,°C,False,False,2024-10-13T03:07:59
SN070,M020,1816.6687,RPM,False,False,2024-02-04T06:47:21
SN003,M003,524.433,RPM,False,False,2024-12-10T14:15:05
SN033,M033,8.3488,mm/s,False,False,2024-05-11T11:09:20
SN091,M041,55.7133,°C,False,False,2024-05-23T00:29:20
SN051,M001,28.5452,%,False,False,2024-07-07T05:28:43
SN102,M002,12.9683,A,False,False,2024-04-20T13:58:15
SN037,M037,14.577,A,False,False,2024-01-23T07:10:16
SN048,M048,48.6657,°C,False,False,2024-07-30T16:55:01
SN020,M020,23.1178,A,False,False,2024-03-10T11:49:17
SN144,M044,20.9806,°C,False,False,2024-10-29T14:19:39
SN052,M002,7.4363,bar,False,False,2024-04-30T22:25:56
SN049,M049,7.8943,A,False,False,2024-09-04T18:13:51
SN095,M045,59.2374,A,True,True,2024-09-18T15:24:50
SN079,M029,2558.6443,RPM,False,False,2024-08-04T07:32:27
SN067,M017,12.0521,bar,True,True,2024-09-19T20:53:44
SN085,M035,0.6206,mm/s,False,False,2024-07-30T22:56:41
SN120,M020,2.4216,mm/s,False,False,2024-09-11T20:53:21
SN076,M026,44.4746,°C,False,False,2024-09-23T19:39:31
SN007,M007,46.407,A,False,False,2024-07-15T10:12:36
SN040,M040,44.2537,°C,False,False,2024-06-01T06:56:05
SN097,M047,32.6721,A,False,False,2024-03-27T05:00:47
SN111,M011,69.7895,°C,False,False,2024-09-21T02:07:38
SN145,M045,2.3981,mm/s,False,False,2024-06-07T15:15:36
SN130,M030,7.778,mm/s,False,False,2024-05-18T05:59:00
SN005,M005,15.931,A,False,False,2024-03-11T04:52:31
SN086,M036,47.9799,%,False,False,2024-08-09T16:50:20
SN123,M023,17.9077,A,False,False,2024-08-07T15:27:06
SN038,M038,43.3724,A,False,False,2024-02-25T10:33:30
SN084,M034,2321.6603,RPM,False,False,2024-07-08T11:00:48
SN063,M013,39.9231,%,False,False,2024-11-17T12:40:09
SN106,M006,7.9703,bar,False,False,2024-08-23T05:53:30
SN043,M043,0.6253,mm/s,False,False,2024-09-21T20:55:22
SN070,M020,548.4454,RPM,False,False,2024-09-17T23:15:07
SN062,M012,716.5058,RPM,False,False,2024-12-06T21:42:18
SN111,M011,26.4003,°C,False,False,2024-05-17T06:16:52
SN026,M026,14.1675,A,False,False,2024-10-10T01:32:20
SN099,M049,23.1569,%,False,False,2024-05-26T23:12:29
SN132,M032,1431.1375,RPM,False,False,2024-08-01T04:05:43
SN099,M049,68.8767,%,False,False,2024-09-27T01:34:09
SN134,M034,44.7757,A,False,False,2024-08-27T06:13:30
SN044,M044,714.1535,RPM,False,False,2024-12-13T05:55:41
SN066,M016,2148.6479,RPM,False,False,2024-09-21T03:44:41
SN093,M043,45.4611,A,False,False,2024-08-29T09:34:30
SN083,M033,0.9881,mm/s,False,False,2024-09-16T02:57:01
SN077,M027,40.3795,A,False,False,2024-07-28T19:19:49
SN059,M009,11.1784,A,False,False,2024-02-09T10:01:08
SN140,M040,21.6803,°C,False,False,2024-06-02T10:03:30
SN149,M049,36.2722,°C,False,False,2024-06-12T10:24:05
SN150,M050,1.5415,mm/s,False,False,2024-11-19T08:11:50
SN053,M003,50.0005,°C,False,False,2024-10-31T21:11:21
SN064,M014,6.9531,mm/s,False,False,2024-11-09T10:16:43
SN001,M001,60.912,°C,False,False,2024-03-02T06:21:32
SN041,M041,21.689,°C,False,False,2024-05-29T17:38:24
SN056,M006,7.4972,bar,False,False,2024-03-11T01:16:07
SN008,M008,3165.7699,RPM,True,True,2024-08-13T05:26:04
SN026,M026,10.2718,A,False,False,2024-12-26T11:16:14
SN050,M050,9.4161,mm/s,False,False,2024-09-04T10:45:32
SN056,M006,3.4743,bar,False,False,2024-01-02T21:23:53
SN142,M042,478.6904,RPM,False,False,2024-01-18T16:06:18
SN047,M047,6.2616,mm/s,False,False,2024-12-21T09:42:58
SN110,M010,0.3986,mm/s,False,False,2024-02-13T15:36:54
SN047,M047,6.8901,mm/s,False,False,2024-12-14T13:55:09
SN063,M013,70.6501,%,False,False,2024-07-07T17:27:19
SN082,M032,5.89,bar,False,False,2024-09-24T16:21:00
SN004,M004,86.8115,°C,True,True,2024-02-10T20:31:27
SN149,M049,65.6728,°C,False,False,2024-01-31T18:02:02
SN119,M019,3.9134,bar,False,False,2024-12-09T03:30:50
SN055,M005,2.4804,bar,False,False,2024-04-24T04:31:11
SN080,M030,36.8452,%,False,False,2024-03-25T22:36:15
SN131,M031,22.8456,A,False,False,2024-05-24T17:59:02
SN019,M019,34.1422,A,False,False,2024-04-28T05:37:57
SN112,M012,323.6647,RPM,False,False,2024-08-31T06:03:43
SN015,M015,6.8646,bar,False,False,2024-06-24T14:46:22
SN003,M003,400.8,RPM,False,False,2024-03-13T09:08:44
SN009,M009,151.702,RPM,False,False,2024-08-30T01:03:37
SN061,M011,67.9968,%,False,False,2024-07-20T19:43:05
SN003,M003,1554.1506,RPM,False,False,2024-10-09T08:58:19
SN052,M002,7.0639,bar,False,False,2024-09-06T03:19:49
SN030,M030,2.3358,mm/s,False,False,2024-02-13T23:37:19
SN098,M048,0.5994,A,False,False,2024-05-25T12:03:52
SN055,M005,6.9321,bar,False,False,2024-07-31T04:40:20
SN060,M010,8.3907,mm/s,False,False,2024-05-16T01:03:45
SN048,M048,43.3511,°C,False,False,2024-05-20T04:15:36
SN038,M038,2.0392,A,False,False,2024-03-04T16:49:52
SN023,M023,1.8392,bar,False,False,2024-06-30T11:45:39
SN145,M045,3.3075,mm/s,False,False,2024-07-24T11:52:08
SN056,M006,4.2834,bar,False,False,2024-09-20T22:38:27
SN007,M007,35.9792,A,False,False,2024-06-04T16:34:41
SN115,M015,1.2875,mm/s,False,False,2024-06-17T03:54:43
SN120,M020,8.4585,mm/s,False,False,2024-06-08T18:50:51
SN035,M035,0.3353,A,False,False,2024-05-04T05:17:54
SN025,M025,1445.5229,RPM,False,False,2024-12-05T16:32:31
SN066,M016,1232.0842,RPM,False,False,2024-03-31T19:45:02
SN005,M005,1.9378,A,False,False,2024-08-10T16:13:01
SN077,M027,32.574,A,False,False,2024-12-27T14:11:38
SN087,M037,2442.8206,RPM,False,False,2024-04-19T20:56:33
SN004,M004,31.9912,°C,False,False,2024-08-24T06:05:14
SN134,M034,3.5273,A,False,False,2024-09-15T03:51:26
SN088,M038,93.002,°C,True,True,2024-05-04T04:05:21
SN001,M001,50.4844,°C,False,False,2024-03-04T14:52:54
SN141,M041,44.1316,A,False,False,2024-06-22T10:26:11
SN016,M016,5.6609,mm/s,False,False,2024-04-07T06:51:37
SN112,M012,1402.5918,RPM,False,False,2024-10-11T23:51:08
SN002,M002,67.558,%,False,False,2024-01-10T04:52:01
SN116,M016,63.2221,%,False,False,2024-11-18T15:24:39
SN011,M011,5.8133,mm/s,False,False,2024-05-05T00:36:41
SN084,M034,22.1687,RPM,False,False,2024-07-12T05:30:28
SN042,M042,47.6147,°C,False,False,2024-08-19T01:16:13
SN114,M014,67.493,%,False,False,2024-08-01T00:22:15
SN048,M048,27.1566,°C,False,False,2024-09-24T19:34:56
SN141,M041,6.1957,A,False,False,2024-05-20T04:49:29
SN028,M028,30.3261,%,False,False,2024-11-16T22:45:54
SN050,M050,4.8698,mm/s,False,False,2024-03-16T21:41:50
SN099,M049,24.7812,%,False,False,2024-08-27T23:43:13
SN011,M011,2.038,mm/s,False,False,2024-01-17T02:24:39
SN103,M003,188.5083,RPM,False,False,2024-07-01T03:59:27
SN070,M020,1352.6632,RPM,False,False,2024-01-31T03:39:22
SN023,M023,6.6805,bar,False,False,2024-04-15T10:43:02
SN139,M039,69.3288,°C,False,False,2024-06-19T20:28:30
SN146,M046,53.4191,%,False,False,2024-06-06T11:53:49
SN050,M050,1.021,mm/s,False,False,2024-12-13T06:52:01
SN066,M016,1276.3183,RPM,False,False,2024-09-13T09:55:23
SN007,M007,14.1437,A,False,False,2024-09-22T22:14:21
SN021,M021,1545.8649,RPM,False,False,2024-09-12T09:41:15
SN134,M034,2.9659,A,False,False,2024-02-18T06:31:56
SN026,M026,45.0695,A,False,False,2024-04-16T13:21:28
SN086,M036,52.74,%,False,False,2024-09-26T23:45:28
SN103,M003,1185.8647,RPM,False,False,2024-01-28T15:52:50
SN150,M050,1.4734,mm/s,False,False,2024-08-07T05:28:07
SN103,M003,274.8349,RPM,False,False,2024-01-16T03:36:16
SN146,M046,26.1935,%,False,False,2024-06-12T22:52:06
SN079,M029,2656.1603,RPM,False,False,2024-07-06T15:28:47
SN120,M020,0.4574,mm/s,False,False,2024-12-09T10:22:01
SN040,M040,53.7235,°C,False,False,2024-04-07T16:55:09
SN090,M040,39.9994,%,False,False,2024-07-15T01:05:30
SN042,M042,59.92,°C,False,False,2024-05-05T06:48:22
SN049,M049,2.8176,A,False,False,2024-12-22T06:50:41
SN091,M041,59.1432,°C,False,False,2024-03-11T21:49:34
SN137,M037,26.7914,A,False,False,2024-07-03T04:48:32
SN061,M011,52.8831,%,False,False,2024-03-08T19:52:16
SN118,M018,7.0612,mm/s,False,False,2024-12-06T08:42:36
SN049,M049,34.4258,A,False,False,2024-09-29T01:56:49
SN121,M021,1786.9953,RPM,False,False,2024-03-04T11:04:58
SN066,M016,3622.7484,RPM,True,True,2024-04-04T05:55:38
SN148,M048,63.6216,%,False,False,2024-03-16T21:42:33
SN136,M036,45.1601,%,False,False,2024-07-26T06:35:19
SN074,M024,7.7216,mm/s,False,False,2024-04-06T11:49:59
SN150,M050,3.6377,mm/s,False,False,2024-10-21T16:29:20
SN101,M001,41.0683,°C,False,False,2024-10-02T18:43:48
SN062,M012,1576.26,RPM,False,False,2024-08-02T17:00:03
SN107,M007,1154.9943,RPM,False,False,2024-11-02T10:19:48
SN040,M040,40.2595,°C,False,False,2024-12-02T12:33:35
SN058,M008,8.2835,bar,False,False,2024-12-13T13:34:37
SN001,M001,58.3192,°C,False,False,2024-01-22T22:48:46
SN027,M027,9.2355,A,False,False,2024-04-14T22:09:50
SN016,M016,7.8792,mm/s,False,False,2024-02-21T17:26:40
SN024,M024,32.7614,A,False,False,2024-04-09T04:44:33
SN088,M038,73.0752,°C,False,False,2024-03-23T05:56:13
SN103,M003,2475.9156,RPM,False,False,2024-08-04T03:55:56
SN108,M008,2.4755,mm/s,False,False,2024-05-21T12:48:00
SN118,M018,13.0016,mm/s,True,True,2024-05-21T06:55:13
SN093,M043,5.5667,A,False,False,2024-12-18T12:56:15
SN079,M029,2483.099,RPM,False,False,2024-12-28T17:39:13
SN038,M038,4.9995,A,False,False,2024-05-11T20:41:09
SN068,M018,3.2523,bar,False,False,2024-08-08T10:41:11
SN086,M036,38.9176,%,False,False,2024-10-24T05:11:56
SN021,M021,1514.714,RPM,False,False,2024-04-26T05:30:58
SN046,M046,2189.5849,RPM,False,False,2024-05-27T00:29:07
SN061,M011,78.8997,%,False,False,2024-01-29T23:16:11
SN042,M042,27.4732,°C,False,False,2024-12-19T08:25:00
SN105,M005,5.1745,bar,False,False,2024-08-25T01:48:49
SN045,M045,6.6153,bar,False,False,2024-04-21T22:54:09
SN046,M046,2503.5603,RPM,False,False,2024-06-20T17:13:29
SN045,M045,7.1917,bar,False,False,2024-05-05T12:31:22
SN055,M005,6.2851,bar,False,False,2024-07-24T04:13:34
SN127,M027,7.3547,mm/s,False,False,2024-11-11T08:13:19
SN031,M031,40.5682,A,False,False,2024-01-24T18:00:31
SN119,M019,2.0134,bar,False,False,2024-05-23T03:27:04
SN020,M020,10.4615,A,False,False,2024-04-17T22:46:00
SN123,M023,8.4276,A,False,False,2024-09-23T22:41:53
SN061,M011,111.6277,%,True,True,2024-11-11T15:32:15
SN143,M043,15.4034,A,False,False,2024-03-17T08:09:50
SN020,M020,56.7865,A,True,True,2024-02-24T11:49:17
SN065,M015,14.2434,A,False,False,2024-04-02T16:01:28
SN123,M023,32.3263,A,False,False,2024-05-29T02:27:55
SN044,M044,2122.6149,RPM,False,False,2024-11-13T16:02:00
SN019,M019,30.0155,A,False,False,2024-01-06T03:27:51
SN109,M009,68.6957,%,False,False,2024-05-31T04:07:59
SN030,M030,4.3049,mm/s,False,False,2024-12-01T21:37:41
SN106,M006,4.7899,bar,False,False,2024-04-30T04:51:23
SN027,M027,6.9842,A,False,False,2024-11-29T07:56:34
SN017,M017,5.5984,mm/s,False,False,2024-09-28T20:58:18
SN010,M010,20.5865,%,False,False,2024-01-31T02:36:00
SN069,M019,3.975,bar,False,False,2024-01-04T11:46:51
SN027,M027,7.8228,A,False,False,2024-01-01T20:44:34
SN036,M036,9.073,A,False,False,2024-06-10T07:00:55
SN012,M012,3235.4804,RPM,True,True,2024-01-21T11:13:46
SN048,M048,49.1963,°C,False,False,2024-08-04T16:12:30
SN139,M039,80.4481,°C,False,False,2024-11-30T00:15:43
SN131,M031,30.3464,A,False,False,2024-02-13T19:33:33
SN045,M045,4.3244,bar,False,False,2024-02-01T01:10:21
SN068,M018,6.2453,bar,False,False,2024-04-24T16:55:29
SN037,M037,40.3972,A,False,False,2024-08-28T04:37:31
SN102,M002,29.3496,A,False,False,2024-11-12T06:53:18
SN116,M016,37.1131,%,False,False,2024-01-13T14:10:44
SN016,M016,3.2595,mm/s,False,False,2024-04-18T01:36:49
SN070,M020,1117.9313,RPM,False,False,2024-09-06T04:30:18
SN122,M022,23.196,A,False,False,2024-04-05T19:19:34
SN137,M037,3.2172,A,False,False,2024-05-17T11:11:28
SN149,M049,51.5183,°C,False,False,2024-12-25T20:36:09
SN083,M033,8.079,mm/s,False,False,2024-08-20T20:53:08
SN070,M020,922.4554,RPM,False,False,2024-07-01T17:43:54
SN112,M012,2147.5368,RPM,False,False,2024-07-09T05:03:31
SN129,M029,35.0402,%,False,False,2024-05-12T01:09:44
SN081,M031,57.6482,%,False,False,2024-09-13T08:22:02
SN137,M037,9.9263,A,False,False,2024-06-21T06:26:51
SN112,M012,3275.1992,RPM,True,True,2024-08-31T00:16:11
SN026,M026,57.7462,A,True,True,2024-08-23T01:17:05
SN070,M020,1526.1334,RPM,False,False,2024-05-02T21:36:42
SN002,M002,73.5337,%,False,False,2024-03-30T06:41:15
SN146,M046,35.483,%,False,False,2024-11-09T23:39:29
SN112,M012,2492.5321,RPM,False,False,2024-07-25T02:50:45
SN092,M042,61.4401,%,False,False,2024-08-28T09:14:21
SN099,M049,20.9876,%,False,False,2024-08-27T18:36:00
SN108,M008,3.5027,mm/s,False,False,2024-06-30T18:06:13
SN101,M001,96.2046,°C,True,True,2024-11-24T06:23:56
SN021,M021,248.1568,RPM,False,False,2024-02-04T09:50:11
SN129,M029,45.507,%,False,False,2024-09-14T14:16:12
SN036,M036,39.8269,A,False,False,2024-04-20T23:01:52
SN027,M027,41.6313,A,False,False,2024-02-20T17:47:59
SN072,M022,3.3447,mm/s,False,False,2024-07-13T20:16:10
SN090,M040,59.7286,%,False,False,2024-03-31T22:16:37
SN083,M033,2.7406,mm/s,False,False,2024-03-02T03:47:50
SN071,M021,1341.2941,RPM,False,False,2024-06-24T23:43:38
SN085,M035,13.4744,mm/s,True,True,2024-12-13T09:25:56
SN107,M007,2640.6282,RPM,False,False,2024-10-27T08:59:36
SN083,M033,2.548,mm/s,False,False,2024-12-06T00:05:50
SN065,M015,35.6005,A,False,False,2024-10-09T05:46:22
SN091,M041,65.5572,°C,False,False,2024-05-08T06:13:40
SN020,M020,44.8005,A,False,False,2024-12-30T08:45:48
SN142,M042,1195.0298,RPM,False,False,2024-11-04T00:18:55
SN014,M014,5.1801,bar,False,False,2024-05-06T01:41:06
SN044,M044,2427.9661,RPM,False,False,2024-08-16T17:46:14
SN045,M045,5.7822,bar,False,False,2024-10-22T11:01:59
SN110,M010,1.848,mm/s,False,False,2024-11-01T11:04:01
SN102,M002,32.2356,A,False,False,2024-08-15T02:44:17
SN145,M045,1.6212,mm/s,False,False,2024-11-14T10:19:34
SN058,M008,3.8851,bar,False,False,2024-01-15T18:37:40
SN113,M013,13.7863,mm/s,True,True,2024-10-22T00:03:39
SN023,M023,7.0732,bar,False,False,2024-12-31T13:58:11
SN033,M033,4.7293,mm/s,False,False,2024-10-14T07:23:44
SN082,M032,3.7214,bar,False,False,2024-11-21T02:51:53
SN140,M040,62.9603,°C,False,False,2024-03-19T08:07:57
SN124,M024,11.7637,A,False,False,2024-03-03T12:51:40
SN073,M023,14.8339,A,False,False,2024-10-07T18:59:56
SN112,M012,62.0318,RPM,False,False,2024-01-24T03:03:12
SN131,M031,1.065,A,False,False,2024-11-03T00:57:31
SN063,M013,77.9769,%,False,False,2024-01-30T14:30:40
SN018,M018,23.6636,A,False,False,2024-07-11T15:17:59
SN049,M049,24.7608,A,False,False,2024-09-09T17:01:43
SN098,M048,47.3385,A,False,False,2024-12-12T20:18:33
SN049,M049,32.8483,A,False,False,2024-01-16T22:46:14
SN074,M024,10.8807,mm/s,False,False,2024-01-26T14:45:40
SN124,M024,42.0048,A,False,False,2024-05-29T08:39:24
SN013,M013,2.7198,bar,False,False,2024-11-17T16:03:17
SN060,M010,9.2933,mm/s,False,False,2024-04-23T08:28:35
SN073,M023,30.88,A,False,False,2024-04-07T00:18:51
SN108,M008,9.8612,mm/s,False,False,2024-01-22T01:22:52
SN047,M047,7.1873,mm/s,False,False,2024-12-22T12:39:46
SN051,M001,50.8653,%,False,False,2024-08-02T21:21:51
SN139,M039,89.7957,°C,True,True,2024-12-18T19:52:46
SN018,M018,53.7634,A,True,True,2024-06-10T08:46:46
SN125,M025,63.9345,°C,False,False,2024-06-09T11:15:41
SN128,M028,2231.8989,RPM,False,False,2024-06-25T16:09:22
SN062,M012,974.894,RPM,False,False,2024-06-26T03:32:07
SN097,M047,16.5582,A,False,False,2024-05-08T11:30:17
SN015,M015,8.6459,bar,False,False,2024-07-14T20:05:00
SN029,M029,72.7879,%,False,False,2024-09-27T05:25:01
SN065,M015,36.6471,A,False,False,2024-10-07T08:45:08
SN029,M029,23.3092,%,False,False,2024-05-28T06:48:29
SN053,M003,42.5664,°C,False,False,2024-04-01T06:43:30
SN013,M013,7.2185,bar,False,False,2024-02-22T13:01:57
SN050,M050,2.15,mm/s,False,False,2024-12-07T06:48:22
SN022,M022,1934.3377,RPM,False,False,2024-01-28T02:53:27
SN080,M030,54.0614,%,False,False,2024-05-10T15:06:48
SN008,M008,408.2801,RPM,False,False,2024-04-07T05:53:18
SN005,M005,38.0133,A,False,False,2024-06-13T02:47:19
SN004,M004,37.0975,°C,False,False,2024-02-11T05:08:37
SN082,M032,2.048,bar,False,False,2024-11-16T08:36:52
SN077,M027,24.0846,A,False,False,2024-06-18T16:56:36
SN041,M041,76.8779,°C,False,False,2024-06-12T03:17:40
SN074,M024,2.7894,mm/s,False,False,2024-04-09T00:32:38
SN035,M035,41.7406,A,False,False,2024-12-12T05:10:26
SN149,M049,23.3128,°C,False,False,2024-08-14T11:11:13
SN073,M023,26.9223,A,False,False,2024-11-16T10:03:01
SN123,M023,16.3816,A,False,False,2024-09-15T22:03:35
SN009,M009,2110.5019,RPM,False,False,2024-10-27T23:22:03
SN093,M043,9.7966,A,False,False,2024-06-28T11:03:21
SN029,M029,55.776,%,False,False,2024-07-27T13:19:24
SN068,M018,7.5153,bar,False,False,2024-08-22T00:30:30
SN022,M022,2537.4647,RPM,False,False,2024-10-05T23:16:25
SN077,M027,17.0162,A,False,False,2024-02-02T01:25:23
SN099,M049,41.8648,%,False,False,2024-08-14T04:09:02
SN018,M018,33.2686,A,False,False,2024-04-17T07:17:19
SN081,M031,45.7797,%,False,False,2024-04-23T20:52:36
SN077,M027,36.4541,A,False,False,2024-02-26T01:42:56
SN061,M011,20.3868,%,False,False,2024-04-10T03:07:36
SN019,M019,8.0691,A,False,False,2024-12-05T01:09:30
SN040,M040,73.3906,°C,False,False,2024-10-13T09:11:44
SN135,M035,52.7045,°C,False,False,2024-05-08T06:00:05
SN066,M016,26.6061,RPM,False,False,2024-01-27T20:18:20
SN129,M029,69.9171,%,False,False,2024-08-20T16:10:07
SN089,M039,2.0619,bar,False,False,2024-09-22T23:19:03
SN078,M028,81.497,%,False,False,2024-10-17T17:33:12
SN059,M009,6.8045,A,False,False,2024-09-06T04:53:20
SN088,M038,65.1314,°C,False,False,2024-12-18T11:19:14
SN129,M029,23.7529,%,False,False,2024-09-25T10:22:44
SN080,M030,50.2234,%,False,False,2024-12-15T15:29:17
SN009,M009,1411.568,RPM,False,False,2024-04-14T19:10:53
SN109,M009,96.9375,%,True,True,2024-06-09T15:04:54
SN026,M026,14.1585,A,False,False,2024-10-16T22:08:15
SN125,M025,27.7458,°C,False,False,2024-09-23T02:49:08
SN023,M023,3.2797,bar,False,False,2024-07-05T23:15:59
SN083,M033,5.5609,mm/s,False,False,2024-04-22T01:46:20
SN046,M046,2028.1471,RPM,False,False,2024-09-15T21:31:59
SN052,M002,7.4624,bar,False,False,2024-10-19T23:55:11
SN103,M003,2562.4722,RPM,False,False,2024-05-11T10:35:07
SN024,M024,32.3026,A,False,False,2024-06-13T05:45:35
SN101,M001,50.8665,°C,False,False,2024-05-14T23:10:42
SN092,M042,27.1927,%,False,False,2024-05-06T06:09:46
SN094,M044,1930.4276,RPM,False,False,2024-02-01T10:30:59
SN108,M008,11.2377,mm/s,False,False,2024-12-12T05:15:24
SN078,M028,57.0516,%,False,False,2024-06-12T08:04:08
SN062,M012,1160.8967,RPM,False,False,2024-01-06T11:53:48
SN088,M038,42.5076,°C,False,False,2024-02-16T09:03:41
SN106,M006,8.7054,bar,False,False,2024-03-26T02:00:23
SN054,M004,4.5303,bar,False,False,2024-03-13T23:09:56
SN048,M048,75.0577,°C,False,False,2024-12-27T14:32:23
SN020,M020,17.7267,A,False,False,2024-08-23T17:34:14
SN104,M004,6.1113,A,False,False,2024-02-26T10:31:15
SN110,M010,5.142,mm/s,False,False,2024-10-14T00:41:05
SN080,M030,69.7676,%,False,False,2024-12-06T17:32:43
SN100,M050,6.3093,mm/s,False,False,2024-07-23T02:53:43
SN124,M024,39.2957,A,False,False,2024-08-31T16:28:21
SN105,M005,1.7248,bar,False,False,2024-06-13T23:57:30
SN058,M008,2.3773,bar,False,False,2024-08-31T11:49:32
SN014,M014,2.7414,bar,False,False,2024-08-09T15:20:32
SN047,M047,3.962,mm/s,False,False,2024-08-06T19:15:26
SN021,M021,379.4693,RPM,False,False,2024-01-02T16:18:22
SN031,M031,13.3745,A,False,False,2024-08-15T17:44:16
SN003,M003,1112.7913,RPM,False,False,2024-02-11T21:52:46
SN024,M024,23.8645,A,False,False,2024-06-14T03:35:31
SN063,M013,64.6824,%,False,False,2024-01-07T14:15:30
SN135,M035,41.0133,°C,False,False,2024-11-11T11:13:16
SN100,M050,14.4152,mm/s,True,True,2024-03-08T11:43:00
SN050,M050,12.7604,mm/s,True,True,2024-06-11T00:23:15
SN121,M021,2100.1862,RPM,False,False,2024-07-09T10:13:35
SN117,M017,7.0719,mm/s,False,False,2024-04-22T08:45:47
SN043,M043,5.9375,mm/s,False,False,2024-11-06T20:09:13
SN017,M017,13.0624,mm/s,True,True,2024-01-04T06:17:30
SN010,M010,68.7643,%,False,False,2024-07-01T01:17:15
SN053,M003,101.4094,°C,True,True,2024-04-29T19:46:56
SN135,M035,47.0027,°C,False,False,2024-12-01T21:12:14
SN098,M048,37.7056,A,False,False,2024-02-19T10:45:09
SN059,M009,39.855,A,False,False,2024-02-01T09:42:11
SN030,M030,7.8717,mm/s,False,False,2024-02-28T17:43:23
SN004,M004,70.7144,°C,False,False,2024-07-28T17:33:48
SN001,M001,46.078,°C,False,False,2024-11-16T02:49:39
SN150,M050,7.5946,mm/s,False,False,2024-06-09T10:10:24
SN036,M036,26.7036,A,False,False,2024-03-18T14:55:48
SN017,M017,1.0703,mm/s,False,False,2024-12-27T05:19:30
SN042,M042,24.7751,°C,False,False,2024-07-07T03:11:00
SN008,M008,595.9289,RPM,False,False,2024-05-31T23:14:43
SN109,M009,34.9691,%,False,False,2024-09-09T19:07:21
SN078,M028,53.2162,%,False,False,2024-09-09T10:50:57
SN064,M014,10.8489,mm/s,False,False,2024-05-06T17:58:54
SN149,M049,40.4295,°C,False,False,2024-03-15T18:10:49
SN052,M002,5.1764,bar,False,False,2024-01-20T03:01:40
SN045,M045,6.1103,bar,False,False,2024-01-12T23:41:37
SN058,M008,2.859,bar,False,False,2024-09-02T19:26:43
SN051,M001,27.0515,%,False,False,2024-03-19T00:14:04
SN040,M040,64.9331,°C,False,False,2024-02-18T23:45:03
SN115,M015,3.7623,mm/s,False,False,2024-06-24T09:28:38
SN026,M026,16.2594,A,False,False,2024-11-11T20:25:36
SN064,M014,4.592,mm/s,False,False,2024-06-25T14:48:30
SN143,M043,37.5101,A,False,False,2024-02-18T20:33:23
SN102,M002,13.4918,A,False,False,2024-11-27T18:48:20
SN075,M025,59.5379,%,False,False,2024-07-13T08:58:24
SN092,M042,67.3714,%,False,False,2024-07-15T06:01:59
SN061,M011,78.9147,%,False,False,2024-12-19T03:30:14
SN002,M002,24.8363,%,False,False,2024-02-16T21:58:27
SN071,M021,1258.8942,RPM,False,False,2024-06-09T15:33:09
SN069,M019,3.0918,bar,False,False,2024-10-08T21:42:52
SN022,M022,1003.339,RPM,False,False,2024-06-09T18:06:57
SN089,M039,8.6689,bar,False,False,2024-03-05T16:06:40
SN035,M035,38.2354,A,False,False,2024-05-30T04:34:33
SN028,M028,62.936,%,False,False,2024-09-11T23:28:45
SN069,M019,5.7902,bar,False,False,2024-11-12T08:40:05
SN007,M007,45.4571,A,False,False,2024-08-06T12:57:36
SN079,M029,751.0901,RPM,False,False,2024-10-29T09:58:24
SN076,M026,71.7868,°C,False,False,2024-11-12T06:44:20
SN066,M016,911.5436,RPM,False,False,2024-07-05T12:19:42
SN105,M005,1.653,bar,False,False,2024-12-08T07:20:32
SN061,M011,55.1117,%,False,False,2024-06-18T16:28:37
SN088,M038,20.9997,°C,False,False,2024-10-13T03:28:57
SN009,M009,1660.4686,RPM,False,False,2024-02-05T02:37:33
SN095,M045,34.2125,A,False,False,2024-10-16T06:10:20
SN114,M014,29.2779,%,False,False,2024-03-21T21:22:33
SN145,M045,11.0919,mm/s,False,False,2024-10-31T14:14:26
SN094,M044,2156.8593,RPM,False,False,2024-10-20T20:09:44
SN049,M049,0.7251,A,False,False,2024-02-15T10:43:37
SN149,M049,25.2828,°C,False,False,2024-09-04T10:22:03
SN118,M018,13.2967,mm/s,True,True,2024-08-06T05:28:51
SN084,M034,1167.8234,RPM,False,False,2024-09-30T23:29:13
SN136,M036,22.724,%,False,False,2024-12-29T12:39:30
SN113,M013,7.6259,mm/s,False,False,2024-01-12T06:55:52
SN058,M008,7.0516,bar,False,False,2024-08-01T19:46:58
SN141,M041,3.1678,A,False,False,2024-01-05T10:19:00
SN148,M048,45.9392,%,False,False,2024-07-04T03:29:57
SN110,M010,5.0488,mm/s,False,False,2024-01-07T18:39:54
SN052,M002,2.9001,bar,False,False,2024-10-27T17:24:59
SN065,M015,46.879,A,False,False,2024-05-25T18:22:41
SN093,M043,0.0457,A,False,False,2024-09-05T18:48:57
SN026,M026,33.0847,A,False,False,2024-05-14T22:59:55
SN104,M004,15.4839,A,False,False,2024-11-08T20:04:22
SN074,M024,9.6503,mm/s,False,False,2024-08-16T17:26:31
SN105,M005,1.2887,bar,False,False,2024-04-11T05:20:21
SN101,M001,32.2245,°C,False,False,2024-04-04T18:08:23
SN020,M020,34.4756,A,False,False,2024-01-03T04:32:46
SN088,M038,45.8617,°C,False,False,2024-08-01T12:03:15
SN137,M037,45.9287,A,False,False,2024-10-06T02:35:57
SN013,M013,5.3986,bar,False,False,2024-07-14T04:41:56
SN110,M010,0.6627,mm/s,False,False,2024-03-03T11:01:31
SN085,M035,1.0775,mm/s,False,False,2024-08-17T01:18:21
SN046,M046,2514.2634,RPM,False,False,2024-02-19T14:59:41
SN081,M031,52.4446,%,False,False,2024-07-16T10:32:54
SN013,M013,5.7902,bar,False,False,2024-07-19T06:29:29
SN014,M014,8.22,bar,False,False,2024-10-29T18:13:01
SN076,M026,70.543,°C,False,False,2024-08-24T06:39:56
SN120,M020,0.1482,mm/s,False,False,2024-01-10T22:22:47
SN019,M019,31.8973,A,False,False,2024-12-11T05:48:11
SN009,M009,1479.2999,RPM,False,False,2024-12-30T08:30:51
SN082,M032,4.7487,bar,False,False,2024-10-21T11:38:51
SN060,M010,8.3045,mm/s,False,False,2024-04-19T22:17:05
SN063,M013,69.3371,%,False,False,2024-03-31T02:11:00
SN147,M047,22.1243,%,False,False,2024-08-22T17:15:12
SN071,M021,305.8407,RPM,False,False,2024-07-25T06:28:59
SN082,M032,4.2127,bar,False,False,2024-01-27T06:51:23
SN135,M035,26.6345,°C,False,False,2024-01-06T03:42:25
SN090,M040,81.0797,%,False,False,2024-07-29T07:44:34
SN065,M015,33.712,A,False,False,2024-05-19T05:06:25
SN018,M018,45.9076,A,False,False,2024-08-14T09:15:03
SN011,M011,4.0284,mm/s,False,False,2024-04-26T14:21:41
SN004,M004,30.0877,°C,False,False,2024-08-12T05:52:35
SN073,M023,8.6185,A,False,False,2024-08-07T07:32:39
SN115,M015,8.417,mm/s,False,False,2024-08-16T23:43:27
SN010,M010,34.9516,%,False,False,2024-10-26T15:49:58
SN036,M036,25.7565,A,False,False,2024-06-22T20:28:38
SN108,M008,4.4368,mm/s,False,False,2024-06-16T01:48:36
SN010,M010,45.3644,%,False,False,2024-03-05T04:52:53
SN135,M035,39.451,°C,False,False,2024-11-21T06:20:58
SN019,M019,37.1022,A,False,False,2024-11-18T21:39:30
SN080,M030,96.1978,%,True,True,2024-08-25T15:15:57
SN121,M021,1521.1963,RPM,False,False,2024-04-21T08:53:28
SN075,M025,62.7372,%,False,False,2024-01-09T06:58:12
SN136,M036,32.8742,%,False,False,2024-04-02T17:56:51
SN042,M042,54.5348,°C,False,False,2024-03-20T10:20:39
SN115,M015,2.0561,mm/s,False,False,2024-10-19T02:10:42
SN098,M048,7.9251,A,False,False,2024-01-02T17:08:57
SN121,M021,2660.2038,RPM,False,False,2024-08-05T04:29:55
SN021,M021,334.0763,RPM,False,False,2024-03-27T16:57:41
SN027,M027,22.3204,A,False,False,2024-06-10T03:43:12
SN015,M015,8.0483,bar,False,False,2024-06-06T16:07:00
SN116,M016,58.836,%,False,False,2024-09-30T12:58:30
SN144,M044,28.1875,°C,False,False,2024-01-13T23:01:32
SN059,M009,7.4141,A,False,False,2024-06-21T09:33:01
SN082,M032,3.2934,bar,False,False,2024-05-18T20:20:37
SN129,M029,79.4836,%,False,False,2024-04-02T12:26:14
SN004,M004,20.7873,°C,False,False,2024-06-19T01:34:53
SN126,M026,315.678,RPM,False,False,2024-12-04T14:49:26
SN044,M044,1701.7317,RPM,False,False,2024-09-14T05:55:28
SN045,M045,3.9036,bar,False,False,2024-12-07T22:20:18
SN120,M020,10.5271,mm/s,False,False,2024-04-19T10:36:10
SN148,M048,51.2189,%,False,False,2024-04-10T11:51:06
SN094,M044,2123.5368,RPM,False,False,2024-05-02T20:38:32
SN059,M009,36.3621,A,False,False,2024-05-18T00:58:44
SN114,M014,83.7028,%,False,False,2024-04-25T09:50:05
SN133,M033,46.6972,A,False,False,2024-05-05T11:52:22
SN036,M036,31.098,A,False,False,2024-08-22T09:26:06
SN147,M047,66.3213,%,False,False,2024-11-13T01:08:18
SN134,M034,4.9509,A,False,False,2024-12-25T10:12:31
SN027,M027,14.947,A,False,False,2024-06-17T01:48:27
SN122,M022,37.399,A,False,False,2024-07-30T01:17:05
SN089,M039,4.9095,bar,False,False,2024-04-21T09:37:40
SN108,M008,0.4227,mm/s,False,False,2024-05-23T00:31:08
SN016,M016,8.5603,mm/s,False,False,2024-11-24T17:12:46
SN137,M037,57.998,A,True,True,2024-03-19T13:19:36
SN130,M030,11.3144,mm/s,False,False,2024-11-29T18:56:37
SN150,M050,4.9467,mm/s,False,False,2024-09-29T20:13:11
SN016,M016,5.5275,mm/s,False,False,2024-07-16T17:34:46
SN110,M010,10.5078,mm/s,False,False,2024-04-26T04:42:05
SN089,M039,6.8493,bar,False,False,2024-11-27T16:53:04
SN053,M003,55.1186,°C,False,False,2024-04-04T20:12:02
SN077,M027,42.0725,A,False,False,2024-02-23T18:02:38
SN072,M022,5.1536,mm/s,False,False,2024-05-11T15:43:32
SN020,M020,41.83,A,False,False,2024-05-10T23:20:09
SN121,M021,2674.9163,RPM,False,False,2024-09-04T18:17:32
SN035,M035,25.4322,A,False,False,2024-01-03T22:25:45
SN052,M002,9.1729,bar,False,False,2024-09-20T00:16:12
SN038,M038,17.933,A,False,False,2024-09-15T07:06:42
SN135,M035,43.6733,°C,False,False,2024-03-03T09:52:37
SN131,M031,17.9471,A,False,False,2024-12-29T07:43:28
SN119,M019,3.133,bar,False,False,2024-06-11T07:43:53
SN047,M047,11.3733,mm/s,False,False,2024-09-02T16:12:56
SN121,M021,3532.3256,RPM,True,True,2024-05-13T19:22:09
SN072,M022,8.6346,mm/s,False,False,2024-10-19T02:04:24
SN048,M048,25.831,°C,False,False,2024-12-03T00:36:54
SN049,M049,37.835,A,False,False,2024-03-01T04:51:47
SN046,M046,2711.5541,RPM,False,False,2024-02-05T01:26:13
SN045,M045,6.9644,bar,False,False,2024-02-24T04:12:53
SN131,M031,0.0464,A,False,False,2024-12-30T16:27:35
SN101,M001,34.6197,°C,False,False,2024-08-13T03:48:22
SN065,M015,4.5027,A,False,False,2024-07-13T21:06:58
SN093,M043,17.4827,A,False,False,2024-01-26T00:28:37
SN139,M039,39.3366,°C,False,False,2024-12-14T13:41:17
SN136,M036,80.0201,%,False,False,2024-02-03T05:16:25
SN067,M017,1.4349,bar,False,False,2024-03-31T04:39:22
SN089,M039,1.2379,bar,False,False,2024-12-17T07:17:12
SN041,M041,46.1889,°C,False,False,2024-03-15T02:14:09
SN084,M034,2482.5738,RPM,False,False,2024-01-04T12:33:11
SN079,M029,1651.7801,RPM,False,False,2024-10-20T05:11:37
SN140,M040,41.8876,°C,False,False,2024-02-08T22:30:25
SN110,M010,5.7427,mm/s,False,False,2024-10-04T05:01:24
SN112,M012,263.2788,RPM,False,False,2024-02-27T09:12:53
SN094,M044,1190.8049,RPM,False,False,2024-11-26T06:37:10
SN139,M039,52.577,°C,False,False,2024-05-29T21:10:18
SN075,M025,33.7764,%,False,False,2024-06-19T04:49:22
SN099,M049,64.5455,%,False,False,2024-11-16T00:17:17
SN138,M038,21.2323,°C,False,False,2024-03-07T00:30:02
SN093,M043,8.4119,A,False,False,2024-08-20T05:37:24
SN075,M025,81.1055,%,False,False,2024-09-15T00:28:02
SN055,M005,1.6633,bar,False,False,2024-03-19T14:06:27
SN063,M013,103.2701,%,True,True,2024-05-30T11:14:53
SN011,M011,1.7978,mm/s,False,False,2024-06-02T01:34:19
SN039,M039,20.8676,°C,False,False,2024-03-21T13:53:52
SN104,M004,2.3323,A,False,False,2024-11-16T13:01:07
SN073,M023,31.7058,A,False,False,2024-04-19T05:47:28
SN147,M047,25.915,%,False,False,2024-11-09T09:55:10
SN062,M012,1858.194,RPM,False,False,2024-03-27T10:29:58
SN009,M009,270.7993,RPM,False,False,2024-10-04T00:42:49
SN026,M026,11.1563,A,False,False,2024-05-25T18:28:23
SN111,M011,65.6681,°C,False,False,2024-02-25T19:10:10
SN135,M035,70.853,°C,False,False,2024-04-28T20:22:44
SN019,M019,0.1264,A,False,False,2024-09-03T20:47:22
SN085,M035,10.4172,mm/s,False,False,2024-11-27T11:32:14
SN097,M047,42.5156,A,False,False,2024-05-16T16:50:03
SN020,M020,4.9444,A,False,False,2024-01-01T17:04:59
SN131,M031,20.282,A,False,False,2024-01-15T03:08:01
SN098,M048,36.7715,A,False,False,2024-10-17T06:48:18
SN012,M012,2252.588,RPM,False,False,2024-03-11T22:28:42
SN100,M050,3.3766,mm/s,False,False,2024-08-17T13:48:13
SN005,M005,21.0044,A,False,False,2024-08-25T20:45:24
SN086,M036,74.3199,%,False,False,2024-08-30T10:31:15
SN028,M028,67.0981,%,False,False,2024-12-12T02:39:37
SN035,M035,13.1792,A,False,False,2024-01-10T06:48:58
SN107,M007,1401.0785,RPM,False,False,2024-07-30T09:41:10
SN074,M024,5.3653,mm/s,False,False,2024-12-27T03:19:40
SN057,M007,7.0063,A,False,False,2024-01-30T13:47:50
SN111,M011,73.1472,°C,False,False,2024-12-19T20:46:06
SN071,M021,602.6592,RPM,False,False,2024-07-22T19:47:14
SN147,M047,37.428,%,False,False,2024-04-08T17:43:28
SN004,M004,68.6154,°C,False,False,2024-09-06T10:06:08
SN004,M004,65.9239,°C,False,False,2024-08-27T10:36:55
SN133,M033,8.0242,A,False,False,2024-09-13T19:02:50
SN007,M007,30.338,A,False,False,2024-10-17T21:27:25
SN008,M008,1236.1052,RPM,False,False,2024-02-06T14:48:30
SN065,M015,11.1143,A,False,False,2024-03-27T08:41:17
SN051,M001,52.7248,%,False,False,2024-02-01T07:03:00
SN066,M016,2167.0158,RPM,False,False,2024-05-18T13:54:46
SN066,M016,188.065,RPM,False,False,2024-08-06T14:40:16
SN142,M042,834.2144,RPM,False,False,2024-10-21T13:08:37
SN149,M049,20.3515,°C,False,False,2024-10-31T02:06:53
SN047,M047,7.6548,mm/s,False,False,2024-08-01T03:52:43
SN019,M019,31.0448,A,False,False,2024-01-19T11:16:43
SN131,M031,47.4719,A,False,False,2024-05-17T13:31:27
SN036,M036,20.9232,A,False,False,2024-06-01T10:08:29
SN141,M041,62.1802,A,True,True,2024-03-02T07:56:46
SN107,M007,473.797,RPM,False,False,2024-01-18T15:58:10
SN084,M034,1360.0955,RPM,False,False,2024-03-29T12:51:46
SN035,M035,43.6068,A,False,False,2024-01-25T14:30:52
SN060,M010,3.3669,mm/s,False,False,2024-01-22T00:57:56
SN064,M014,7.8432,mm/s,False,False,2024-03-06T13:00:37
SN094,M044,3581.4097,RPM,True,True,2024-07-07T21:03:14
SN065,M015,38.669,A,False,False,2024-11-02T03:44:29
SN062,M012,1441.6107,RPM,False,False,2024-04-19T09:46:09
SN076,M026,104.5412,°C,True,True,2024-09-20T18:19:35
SN060,M010,4.48,mm/s,False,False,2024-04-09T18:23:41
SN054,M004,6.0309,bar,False,False,2024-02-29T22:44:16
SN144,M044,64.7957,°C,False,False,2024-01-08T10:33:45
SN049,M049,1.2493,A,False,False,2024-06-08T13:44:36
SN066,M016,819.3243,RPM,False,False,2024-06-08T19:07:44
SN063,M013,58.6963,%,False,False,2024-01-19T04:16:50
SN132,M032,58.0082,RPM,False,False,2024-01-23T05:23:10
SN070,M020,1456.799,RPM,False,False,2024-07-11T11:07:01
SN028,M028,21.8164,%,False,False,2024-05-02T07:34:31
SN031,M031,43.287,A,False,False,2024-06-30T05:15:18
SN125,M025,23.6057,°C,False,False,2024-01-21T04:32:33
SN124,M024,12.2149,A,False,False,2024-08-10T07:02:29
SN060,M010,7.8867,mm/s,False,False,2024-07-02T04:14:28
SN032,M032,35.274,°C,False,False,2024-10-04T09:21:12
SN003,M003,3549.9174,RPM,True,True,2024-05-18T11:14:17
SN101,M001,74.0471,°C,False,False,2024-09-24T02:48:55
SN071,M021,1510.3782,RPM,False,False,2024-05-07T23:39:54
SN125,M025,49.0909,°C,False,False,2024-10-30T04:57:33
SN072,M022,4.6154,mm/s,False,False,2024-01-02T21:47:01
SN114,M014,45.7912,%,False,False,2024-10-10T08:28:10
SN015,M015,8.2352,bar,False,False,2024-11-04T17:15:58
SN121,M021,421.7423,RPM,False,False,2024-08-04T20:00:09
SN028,M028,32.6389,%,False,False,2024-07-19T16:32:01
SN054,M004,2.3077,bar,False,False,2024-11-22T07:10:31
SN034,M034,6.7662,bar,False,False,2024-08-15T10:28:11
SN073,M023,53.4834,A,True,True,2024-04-05T22:49:40
SN094,M044,51.9115,RPM,False,False,2024-06-02T18:16:36
SN085,M035,5.0292,mm/s,False,False,2024-02-21T10:02:41
SN111,M011,37.5974,°C,False,False,2024-08-05T01:30:28
SN014,M014,7.2948,bar,False,False,2024-06-14T23:13:30
SN051,M001,54.2722,%,False,False,2024-06-27T14:53:19
SN081,M031,74.6419,%,False,False,2024-08-02T22:45:57
SN018,M018,11.595,A,False,False,2024-05-29T16:52:30
SN069,M019,8.0547,bar,False,False,2024-07-19T01:28:45
SN059,M009,10.4601,A,False,False,2024-03-22T05:49:07
SN092,M042,44.0185,%,False,False,2024-10-14T13:56:02
SN102,M002,58.5148,A,True,True,2024-05-14T06:23:56
SN049,M049,38.2752,A,False,False,2024-11-20T22:26:44
SN120,M020,3.3092,mm/s,False,False,2024-12-01T23:05:42
SN008,M008,723.7827,RPM,False,False,2024-11-10T10:45:52
SN126,M026,868.0541,RPM,False,False,2024-05-07T18:54:15
SN070,M020,574.8598,RPM,False,False,2024-12-03T15:39:32
SN116,M016,22.4196,%,False,False,2024-10-22T11:38:46
SN011,M011,4.7539,mm/s,False,False,2024-07-26T09:19:43
SN018,M018,17.3182,A,False,False,2024-11-03T12:38:20
SN100,M050,3.8349,mm/s,False,False,2024-07-05T03:09:53
SN116,M016,45.214,%,False,False,2024-10-29T20:13:05
SN009,M009,2203.9477,RPM,False,False,2024-04-07T09:47:37
SN006,M006,585.9428,RPM,False,False,2024-12-14T08:48:15
SN103,M003,2419.4172,RPM,False,False,2024-08-13T11:11:07
SN025,M025,1478.8331,RPM,False,False,2024-10-16T15:31:48
SN006,M006,312.0903,RPM,False,False,2024-09-18T22:07:39
SN128,M028,894.2485,RPM,False,False,2024-08-30T16:29:08
SN072,M022,0.3613,mm/s,False,False,2024-11-28T05:43:02
SN042,M042,74.5439,°C,False,False,2024-07-14T06:59:37
SN130,M030,5.1747,mm/s,False,False,2024-01-27T13:06:34
SN109,M009,57.7394,%,False,False,2024-02-09T04:09:16
SN100,M050,5.2736,mm/s,False,False,2024-03-30T22:39:40
SN106,M006,7.4872,bar,False,False,2024-02-16T02:30:05
SN009,M009,2448.1829,RPM,False,False,2024-06-19T17:52:10
SN143,M043,19.93,A,False,False,2024-12-28T08:36:21
SN029,M029,45.2198,%,False,False,2024-11-10T06:26:53
SN123,M023,26.0878,A,False,False,2024-01-26T21:27:50
SN142,M042,2396.8971,RPM,False,False,2024-08-15T21:48:22
SN031,M031,23.3008,A,False,False,2024-08-06T08:11:57
SN137,M037,43.3103,A,False,False,2024-03-04T22:13:43
SN067,M017,6.727,bar,False,False,2024-01-25T20:20:56
SN104,M004,57.093,A,True,True,2024-02-08T19:19:38
SN090,M040,56.697,%,False,False,2024-05-09T23:57:07
SN095,M045,33.88,A,False,False,2024-01-24T23:11:40
SN072,M022,10.2509,mm/s,False,False,2024-03-19T21:58:41
SN032,M032,42.3809,°C,False,False,2024-06-05T17:26:50
SN127,M027,14.5076,mm/s,True,True,2024-06-18T00:25:29
SN066,M016,2023.4612,RPM,False,False,2024-11-25T02:17:33
SN025,M025,870.4634,RPM,False,False,2024-01-02T20:32:01
SN016,M016,3.0977,mm/s,False,False,2024-10-31T14:36:52
SN114,M014,22.9564,%,False,False,2024-04-02T14:26:16
SN032,M032,45.6856,°C,False,False,2024-10-28T04:12:01
SN011,M011,11.3071,mm/s,False,False,2024-07-07T20:20:24
SN041,M041,51.8363,°C,False,False,2024-03-03T15:41:27
SN046,M046,1434.4123,RPM,False,False,2024-12-14T21:28:01
SN085,M035,3.4827,mm/s,False,False,2024-06-25T02:28:48
SN053,M003,35.7114,°C,False,False,2024-08-16T14:59:30
SN125,M025,65.0067,°C,False,False,2024-02-27T22:39:45
SN096,M046,71.8013,°C,False,False,2024-12-23T04:13:46
SN123,M023,38.5913,A,False,False,2024-06-07T09:34:53
SN083,M033,5.0771,mm/s,False,False,2024-12-30T22:09:32
SN094,M044,2382.0641,RPM,False,False,2024-11-20T19:01:24
SN144,M044,77.1062,°C,False,False,2024-10-09T08:29:30
SN063,M013,51.7226,%,False,False,2024-01-26T23:48:10
SN016,M016,3.6778,mm/s,False,False,2024-08-15T22:56:58
SN037,M037,33.9125,A,False,False,2024-01-22T09:58:25
SN111,M011,50.1056,°C,False,False,2024-02-16T17:57:00
SN143,M043,33.949,A,False,False,2024-01-01T18:51:03
SN028,M028,80.8093,%,False,False,2024-09-29T02:26:18
SN006,M006,2744.5863,RPM,False,False,2024-03-02T06:51:09
SN090,M040,71.959,%,False,False,2024-01-19T03:39:40
SN076,M026,74.6981,°C,False,False,2024-06-07T20:14:16
SN102,M002,22.0803,A,False,False,2024-02-27T08:17:09
SN123,M023,0.0284,A,False,False,2024-02-12T21:55:37
SN040,M040,54.9709,°C,False,False,2024-10-01T10:13:06
SN120,M020,4.9017,mm/s,False,False,2024-10-14T21:18:58
SN084,M034,3662.6087,RPM,True,True,2024-10-22T13:44:22
SN076,M026,62.3003,°C,False,False,2024-03-02T01:59:40
SN146,M046,80.0487,%,False,False,2024-09-24T00:28:08
SN076,M026,53.2763,°C,False,False,2024-02-09T02:30:55
SN125,M025,44.7375,°C,False,False,2024-06-03T10:16:00
SN035,M035,7.9776,A,False,False,2024-12-09T05:51:58
SN113,M013,14.2775,mm/s,True,True,2024-05-01T04:09:04
SN064,M014,4.5174,mm/s,False,False,2024-03-31T03:39:03
SN148,M048,53.423,%,False,False,2024-06-12T12:04:36
SN070,M020,359.4154,RPM,False,False,2024-06-11T13:05:29
SN014,M014,4.2636,bar,False,False,2024-06-30T12:25:11
SN132,M032,1862.1092,RPM,False,False,2024-09-21T21:11:52
SN053,M003,21.3026,°C,False,False,2024-09-26T09:47:47
SN028,M028,72.1078,%,False,False,2024-05-16T06:49:19
SN009,M009,526.6322,RPM,False,False,2024-12-19T12:29:01
SN017,M017,0.3364,mm/s,False,False,2024-08-30T06:32:31
SN121,M021,2465.6418,RPM,False,False,2024-03-01T02:10:41
SN015,M015,7.0538,bar,False,False,2024-05-29T02:00:07
SN113,M013,11.0596,mm/s,False,False,2024-04-21T06:15:08
SN002,M002,68.2004,%,False,False,2024-03-10T10:09:49
SN072,M022,11.0766,mm/s,False,False,2024-02-14T05:48:18
SN106,M006,3.3591,bar,False,False,2024-05-10T01:52:02
SN058,M008,9.0329,bar,False,False,2024-07-13T09:44:06
SN112,M012,1329.1312,RPM,False,False,2024-09-15T11:11:02
SN004,M004,74.0351,°C,False,False,2024-04-03T02:43:45
SN133,M033,54.8287,A,True,True,2024-03-28T03:06:22
SN048,M048,42.9735,°C,False,False,2024-11-09T04:42:32
SN114,M014,69.5971,%,False,False,2024-12-20T10:13:22
SN144,M044,41.6816,°C,False,False,2024-11-19T04:16:56
SN096,M046,26.6955,°C,False,False,2024-02-16T06:29:20
SN008,M008,2829.7744,RPM,False,False,2024-05-15T01:33:00
SN094,M044,23.9365,RPM,False,False,2024-03-01T18:07:19
SN096,M046,94.4902,°C,True,True,2024-07-10T08:24:30
SN069,M019,2.077,bar,False,False,2024-03-15T03:47:58
SN088,M038,55.6408,°C,False,False,2024-11-21T04:51:50
SN140,M040,59.8399,°C,False,False,2024-12-28T06:06:59
SN082,M032,6.072,bar,False,False,2024-12-05T12:39:24
SN103,M003,1228.0239,RPM,False,False,2024-01-14T14:08:50
SN099,M049,41.9246,%,False,False,2024-05-14T07:26:53
SN017,M017,5.5013,mm/s,False,False,2024-10-22T16:25:48
SN115,M015,4.1408,mm/s,False,False,2024-12-02T07:41:48
SN150,M050,10.0034,mm/s,False,False,2024-04-07T06:29:38
SN086,M036,74.6998,%,False,False,2024-03-08T01:17:29
SN117,M017,3.0451,mm/s,False,False,2024-12-03T05:09:37
SN065,M015,15.876,A,False,False,2024-09-08T00:33:54
SN006,M006,1779.5752,RPM,False,False,2024-07-10T06:33:15
SN109,M009,27.3359,%,False,False,2024-12-30T06:01:27
SN069,M019,1.758,bar,False,False,2024-04-17T15:59:10
SN097,M047,7.0631,A,False,False,2024-09-28T19:39:29
SN111,M011,35.0819,°C,False,False,2024-11-11T12:11:24
SN037,M037,32.0695,A,False,False,2024-04-11T15:18:49
SN116,M016,105.8037,%,True,True,2024-02-06T19:25:03
SN001,M001,52.0775,°C,False,False,2024-02-11T23:56:32
SN043,M043,5.0471,mm/s,False,False,2024-08-27T00:09:47
SN143,M043,2.0691,A,False,False,2024-11-22T06:01:48
SN143,M043,45.9533,A,False,False,2024-04-07T12:08:41
SN064,M014,9.0166,mm/s,False,False,2024-04-27T07:13:26
SN142,M042,2614.3454,RPM,False,False,2024-09-08T14:41:41
SN031,M031,42.4765,A,False,False,2024-07-19T03:11:25
SN029,M029,80.6499,%,False,False,2024-04-06T23:44:12
SN003,M003,1485.4076,RPM,False,False,2024-01-08T00:51:56
SN083,M033,9.1933,mm/s,False,False,2024-08-24T03:12:25
SN004,M004,59.7539,°C,False,False,2024-07-16T05:40:21
SN011,M011,3.0526,mm/s,False,False,2024-03-15T19:04:15
SN056,M006,8.1345,bar,False,False,2024-05-12T00:14:56
SN009,M009,2112.0639,RPM,False,False,2024-09-26T20:44:01
SN013,M013,9.3379,bar,False,False,2024-10-02T19:34:43
SN057,M007,30.4747,A,False,False,2024-10-06T21:01:15
SN111,M011,55.922,°C,False,False,2024-01-15T18:31:32
SN048,M048,67.257,°C,False,False,2024-01-27T14:20:49
SN025,M025,1182.2973,RPM,False,False,2024-04-27T20:27:31
SN108,M008,12.6184,mm/s,True,True,2024-09-04T03:24:37
SN020,M020,45.4105,A,False,False,2024-04-22T20:42:05
SN111,M011,70.3897,°C,False,False,2024-10-28T06:47:27
SN067,M017,1.9754,bar,False,False,2024-10-01T01:09:36
SN089,M039,8.3436,bar,False,False,2024-06-03T00:00:40
SN041,M041,69.7085,°C,False,False,2024-04-13T21:03:30
SN131,M031,37.2125,A,False,False,2024-04-12T07:37:24
SN150,M050,8.2579,mm/s,False,False,2024-08-20T13:23:27
SN020,M020,18.4677,A,False,False,2024-11-30T18:13:53
SN149,M049,34.865,°C,False,False,2024-01-31T16:39:32
SN067,M017,4.1403,bar,False,False,2024-09-23T17:53:30
SN091,M041,74.7665,°C,False,False,2024-02-16T14:19:29
SN108,M008,5.597,mm/s,False,False,2024-11-30T05:34:08
SN132,M032,601.5831,RPM,False,False,2024-04-20T20:12:34
SN148,M048,75.6334,%,False,False,2024-04-27T18:05:16
SN061,M011,57.3225,%,False,False,2024-10-19T17:56:24
SN102,M002,4.7703,A,False,False,2024-04-15T02:49:39
SN091,M041,94.2389,°C,True,True,2024-12-06T01:32:21
SN145,M045,2.1663,mm/s,False,False,2024-12-10T17:50:50
SN034,M034,8.1997,bar,False,False,2024-01-09T22:04:02
SN121,M021,2830.6701,RPM,False,False,2024-12-12T22:35:02
SN142,M042,1098.8122,RPM,False,False,2024-02-06T12:22:40
SN048,M048,74.2255,°C,False,False,2024-09-17T00:12:14
SN146,M046,75.0057,%,False,False,2024-10-29T15:24:49
SN093,M043,15.2283,A,False,False,2024-06-03T03:00:38
SN031,M031,0.6328,A,False,False,2024-05-05T09:45:29
SN130,M030,2.7976,mm/s,False,False,2024-12-09T12:15:07
SN010,M010,44.169,%,False,False,2024-09-03T00:32:52
SN072,M022,7.6987,mm/s,False,False,2024-07-03T00:22:45
SN132,M032,1609.1057,RPM,False,False,2024-12-26T08:25:52
SN131,M031,8.1693,A,False,False,2024-06-17T07:18:24
SN099,M049,60.1662,%,False,False,2024-03-10T01:01:44
SN095,M045,28.4004,A,False,False,2024-11-10T15:56:26
SN037,M037,20.6906,A,False,False,2024-03-04T09:26:16
SN036,M036,25.5964,A,False,False,2024-02-02T04:45:19
SN045,M045,2.9609,bar,False,False,2024-04-08T18:24:17
SN032,M032,57.2411,°C,False,False,2024-08-23T20:47:15
SN089,M039,6.3956,bar,False,False,2024-07-01T15:30:32
SN144,M044,67.3291,°C,False,False,2024-01-13T16:56:10
SN042,M042,67.593,°C,False,False,2024-11-15T04:41:11
SN035,M035,0.843,A,False,False,2024-11-30T08:06:38
SN117,M017,7.7286,mm/s,False,False,2024-01-11T09:11:43
SN108,M008,3.3767,mm/s,False,False,2024-12-02T22:07:24
SN005,M005,18.3623,A,False,False,2024-10-21T12:48:17
SN147,M047,49.7915,%,False,False,2024-10-28T17:39:08
SN094,M044,791.0829,RPM,False,False,2024-12-07T20:12:22
SN073,M023,29.511,A,False,False,2024-01-12T21:41:08
SN056,M006,3.0258,bar,False,False,2024-09-28T22:32:19
SN032,M032,46.1944,°C,False,False,2024-09-14T11:25:08
SN110,M010,9.7669,mm/s,False,False,2024-09-04T10:39:15
SN013,M013,4.5872,bar,False,False,2024-07-07T21:07:57
SN066,M016,1840.814,RPM,False,False,2024-02-22T17:13:11
SN014,M014,1.8295,bar,False,False,2024-09-14T01:03:07
SN016,M016,6.2849,mm/s,False,False,2024-07-16T18:59:27
SN065,M015,22.2431,A,False,False,2024-08-04T15:09:27
SN045,M045,7.735,bar,False,False,2024-09-06T11:42:14
SN140,M040,63.2279,°C,False,False,2024-11-01T04:38:06
SN089,M039,2.6013,bar,False,False,2024-12-28T10:00:25
SN073,M023,15.4139,A,False,False,2024-08-17T16:55:35
SN058,M008,2.1022,bar,False,False,2024-04-12T09:39:15
SN033,M033,8.7116,mm/s,False,False,2024-07-04T04:57:59
SN116,M016,49.8672,%,False,False,2024-04-07T23:10:43
SN093,M043,16.1062,A,False,False,2024-03-05T00:33:52
SN028,M028,54.1364,%,False,False,2024-12-06T16:41:37
SN089,M039,1.8484,bar,False,False,2024-12-25T10:56:54
SN073,M023,20.5189,A,False,False,2024-01-14T12:46:57
SN059,M009,9.0062,A,False,False,2024-03-30T10:29:08
SN150,M050,8.1111,mm/s,False,False,2024-07-26T11:23:13
SN126,M026,1440.6696,RPM,False,False,2024-04-25T15:04:04
SN046,M046,45.0714,RPM,False,False,2024-10-17T12:36:07
SN074,M024,10.2625,mm/s,False,False,2024-08-31T01:23:06
SN144,M044,60.3008,°C,False,False,2024-11-03T10:12:23
SN080,M030,51.0997,%,False,False,2024-12-07T22:28:55
SN099,M049,82.3678,%,False,False,2024-11-18T02:29:36
SN063,M013,31.6366,%,False,False,2024-05-12T04:08:01
SN062,M012,1821.0614,RPM,False,False,2024-02-28T08:05:26
SN082,M032,1.6903,bar,False,False,2024-06-11T23:45:40
SN122,M022,13.766,A,False,False,2024-10-16T18:26:22
SN114,M014,54.4097,%,False,False,2024-11-04T00:17:08
SN018,M018,36.1814,A,False,False,2024-07-19T16:44:40
SN112,M012,1180.6551,RPM,False,False,2024-12-23T02:26:10
SN021,M021,2478.7255,RPM,False,False,2024-05-06T10:30:54
SN075,M025,41.4859,%,False,False,2024-10-31T22:26:49
SN150,M050,11.0849,mm/s,False,False,2024-02-14T13:41:49
SN144,M044,46.6223,°C,False,False,2024-03-30T04:33:08
SN086,M036,23.3837,%,False,False,2024-08-28T07:22:48
SN072,M022,5.6354,mm/s,False,False,2024-08-09T17:36:52
SN109,M009,64.1918,%,False,False,2024-07-15T04:38:00
SN150,M050,9.4692,mm/s,False,False,2024-04-23T10:11:37
SN145,M045,10.0076,mm/s,False,False,2024-09-20T16:25:30
SN119,M019,7.018,bar,False,False,2024-08-03T03:14:14
SN040,M040,68.2536,°C,False,False,2024-01-08T21:26:43
SN012,M012,1837.6927,RPM,False,False,2024-01-10T00:37:29
SN008,M008,728.2393,RPM,False,False,2024-07-14T23:18:13
SN105,M005,6.0673,bar,False,False,2024-06-02T10:42:52
SN047,M047,3.6687,mm/s,False,False,2024-05-05T13:57:42
SN088,M038,72.6727,°C,False,False,2024-10-24T22:59:58
SN011,M011,4.5319,mm/s,False,False,2024-02-08T02:52:13
SN004,M004,20.4813,°C,False,False,2024-10-03T23:15:03
SN068,M018,4.0008,bar,False,False,2024-09-26T18:27:15
SN124,M024,12.9626,A,False,False,2024-09-12T21:56:02
SN045,M045,6.7238,bar,False,False,2024-09-05T23:34:55
SN076,M026,63.7823,°C,False,False,2024-08-16T18:56:51
SN101,M001,62.7541,°C,False,False,2024-02-19T21:47:14
SN077,M027,9.4228,A,False,False,2024-01-18T10:15:13
SN089,M039,2.0565,bar,False,False,2024-06-29T11:46:15
SN040,M040,23.8847,°C,False,False,2024-09-10T10:03:56
SN056,M006,3.1762,bar,False,False,2024-10-21T17:10:04
SN061,M011,81.8678,%,False,False,2024-06-28T22:13:46
SN096,M046,61.3006,°C,False,False,2024-07-12T06:57:33
SN114,M014,79.1596,%,False,False,2024-11-01T15:31:20
SN034,M034,8.0803,bar,False,False,2024-05-10T00:37:19
SN137,M037,15.3269,A,False,False,2024-03-21T07:40:27
SN018,M018,59.1519,A,True,True,2024-08-17T05:53:31
SN113,M013,2.9271,mm/s,False,False,2024-07-01T15:37:44
SN123,M023,42.5333,A,False,False,2024-08-31T19:04:06
SN047,M047,0.3402,mm/s,False,False,2024-11-02T05:14:26
SN106,M006,6.6131,bar,False,False,2024-08-11T20:38:05
SN010,M010,37.3051,%,False,False,2024-06-02T03:24:13
SN101,M001,79.4953,°C,False,False,2024-08-22T15:59:48
SN128,M028,777.9055,RPM,False,False,2024-02-28T20:39:01
SN024,M024,35.6582,A,False,False,2024-03-07T03:06:31
SN075,M025,44.1205,%,False,False,2024-06-13T08:28:01
SN129,M029,36.0462,%,False,False,2024-10-12T13:55:25
SN013,M013,3.9603,bar,False,False,2024-03-17T14:16:33
SN100,M050,9.6623,mm/s,False,False,2024-08-10T11:05:04
SN096,M046,73.6773,°C,False,False,2024-05-06T13:50:19
SN137,M037,34.9565,A,False,False,2024-05-27T11:36:12
SN126,M026,2078.491,RPM,False,False,2024-07-03T07:06:54
SN144,M044,65.3266,°C,False,False,2024-09-13T18:42:12
SN128,M028,1962.4328,RPM,False,False,2024-09-10T09:21:18
SN077,M027,39.954,A,False,False,2024-04-14T02:12:56
SN107,M007,2750.6355,RPM,False,False,2024-01-28T22:52:06
SN047,M047,1.0051,mm/s,False,False,2024-08-24T15:57:22
SN053,M003,60.7134,°C,False,False,2024-04-01T20:40:03
SN028,M028,45.8633,%,False,False,2024-11-30T05:40:58
SN113,M013,7.9576,mm/s,False,False,2024-04-09T06:59:06
SN058,M008,7.4775,bar,False,False,2024-08-14T10:35:33
SN082,M032,6.1438,bar,False,False,2024-05-10T20:05:04
SN101,M001,44.3546,°C,False,False,2024-01-07T09:52:59
SN016,M016,2.2897,mm/s,False,False,2024-02-26T08:21:57
SN031,M031,2.5563,A,False,False,2024-09-20T15:05:10
SN020,M020,2.6831,A,False,False,2024-07-17T05:26:13
SN119,M019,9.203,bar,False,False,2024-11-10T12:01:29
SN015,M015,8.1338,bar,False,False,2024-07-13T17:39:42
SN028,M028,68.5287,%,False,False,2024-05-21T08:13:11
SN051,M001,65.0526,%,False,False,2024-07-04T00:32:56
SN064,M014,4.1598,mm/s,False,False,2024-03-03T04:09:41
SN124,M024,42.1248,A,False,False,2024-10-24T06:14:49
SN082,M032,5.6251,bar,False,False,2024-06-20T03:18:42
SN118,M018,0.6976,mm/s,False,False,2024-05-20T00:29:43
SN077,M027,27.7766,A,False,False,2024-10-26T03:42:16
SN010,M010,84.5628,%,False,False,2024-09-26T06:54:37
SN099,M049,59.3865,%,False,False,2024-02-07T07:42:30
SN084,M034,1564.915,RPM,False,False,2024-11-15T06:27:22
SN123,M023,58.5539,A,True,True,2024-08-10T20:57:15
SN064,M014,7.9277,mm/s,False,False,2024-02-10T17:27:07
SN055,M005,4.3243,bar,False,False,2024-08-10T02:45:34
SN050,M050,2.9847,mm/s,False,False,2024-01-08T15:43:26
SN041,M041,46.3994,°C,False,False,2024-07-30T15:58:52
SN138,M038,41.8521,°C,False,False,2024-07-06T04:50:29
SN022,M022,2114.2714,RPM,False,False,2024-01-27T04:11:55
SN135,M035,62.5484,°C,False,False,2024-09-07T22:31:51
SN096,M046,55.869,°C,False,False,2024-11-05T07:53:25
SN106,M006,5.0198,bar,False,False,2024-09-15T19:36:33
SN094,M044,1710.0979,RPM,False,False,2024-03-01T05:59:45
SN057,M007,17.1727,A,False,False,2024-02-20T08:23:20
SN140,M040,49.7825,°C,False,False,2024-01-11T00:46:18
SN112,M012,2233.9294,RPM,False,False,2024-02-28T18:47:24
SN038,M038,41.314,A,False,False,2024-03-09T20:53:23
SN058,M008,4.0329,bar,False,False,2024-02-25T19:33:49
SN140,M040,52.0247,°C,False,False,2024-07-12T08:19:34
SN027,M027,42.4542,A,False,False,2024-05-16T05:13:29
SN105,M005,9.0174,bar,False,False,2024-06-08T10:29:46
SN135,M035,71.6674,°C,False,False,2024-07-12T17:29:46
SN069,M019,6.745,bar,False,False,2024-05-04T15:33:11
SN009,M009,430.0381,RPM,False,False,2024-07-20T22:00:47
SN063,M013,20.6424,%,False,False,2024-02-17T17:32:46
SN141,M041,34.4838,A,False,False,2024-01-20T03:19:31
SN135,M035,76.7788,°C,False,False,2024-07-05T11:37:50
SN081,M031,40.3377,%,False,False,2024-12-29T07:57:44
SN090,M040,68.9399,%,False,False,2024-05-11T10:17:17
SN139,M039,20.7276,°C,False,False,2024-07-24T17:54:29
SN003,M003,1601.7342,RPM,False,False,2024-09-06T05:32:38
SN143,M043,39.1257,A,False,False,2024-07-07T22:20:21
SN126,M026,740.9851,RPM,False,False,2024-07-13T00:07:38
SN112,M012,604.6145,RPM,False,False,2024-07-25T08:55:08
SN141,M041,17.9041,A,False,False,2024-11-18T08:52:12
SN099,M049,39.3669,%,False,False,2024-10-23T05:45:14
SN085,M035,2.4995,mm/s,False,False,2024-04-26T15:27:07
SN114,M014,68.7158,%,False,False,2024-06-07T14:47:10
SN059,M009,22.7768,A,False,False,2024-12-13T06:13:07
SN038,M038,41.1022,A,False,False,2024-09-25T21:35:07
SN111,M011,30.3438,°C,False,False,2024-02-14T10:41:21
SN020,M020,8.6126,A,False,False,2024-07-07T07:48:45
SN075,M025,78.0375,%,False,False,2024-07-12T16:33:45
SN063,M013,40.5161,%,False,False,2024-05-05T11:48:41
SN043,M043,3.3036,mm/s,False,False,2024-05-04T01:52:21
SN001,M001,27.9318,°C,False,False,2024-06-10T20:00:25
SN007,M007,41.0542,A,False,False,2024-09-06T04:06:20
SN145,M045,6.785,mm/s,False,False,2024-04-14T17:36:41
SN091,M041,49.5738,°C,False,False,2024-04-01T17:56:34
SN105,M005,5.8632,bar,False,False,2024-10-18T16:31:23
SN082,M032,6.1552,bar,False,False,2024-02-06T04:04:13
SN113,M013,5.5255,mm/s,False,False,2024-10-06T21:22:32
SN060,M010,4.1592,mm/s,False,False,2024-08-26T10:52:21
SN113,M013,6.0095,mm/s,False,False,2024-07-22T11:46:46
SN116,M016,53.1407,%,False,False,2024-08-19T07:21:51
SN089,M039,8.4128,bar,False,False,2024-06-24T19:18:51
SN030,M030,9.1176,mm/s,False,False,2024-08-25T16:56:38
SN138,M038,35.9435,°C,False,False,2024-11-03T19:59:43
SN100,M050,4.9606,mm/s,False,False,2024-11-23T21:01:36
SN145,M045,3.864,mm/s,False,False,2024-04-07T11:15:02
SN123,M023,13.1892,A,False,False,2024-06-19T07:56:19
SN041,M041,33.5023,°C,False,False,2024-04-16T11:24:09
SN132,M032,1052.1933,RPM,False,False,2024-12-16T11:34:51
SN019,M019,43.5791,A,False,False,2024-02-01T14:32:55
SN141,M041,39.5488,A,False,False,2024-07-01T04:05:43
SN086,M036,58.8171,%,False,False,2024-09-16T17:47:42
SN138,M038,33.4222,°C,False,False,2024-10-10T16:29:12
SN048,M048,22.4598,°C,False,False,2024-10-29T12:32:39
SN008,M008,922.5089,RPM,False,False,2024-01-05T18:36:01
SN082,M032,7.2852,bar,False,False,2024-06-19T03:51:19
SN059,M009,26.1501,A,False,False,2024-04-20T10:38:12
SN009,M009,1616.7339,RPM,False,False,2024-08-10T00:11:18
SN058,M008,8.8672,bar,False,False,2024-04-22T19:11:20
SN105,M005,6.5905,bar,False,False,2024-12-03T18:27:55
SN121,M021,383.9836,RPM,False,False,2024-08-24T22:14:35
SN060,M010,10.0701,mm/s,False,False,2024-01-22T11:39:46
SN105,M005,2.7185,bar,False,False,2024-12-06T16:51:36
SN050,M050,4.2001,mm/s,False,False,2024-07-02T10:11:55
SN081,M031,73.7859,%,False,False,2024-09-17T09:56:34
SN139,M039,94.4409,°C,True,True,2024-11-10T18:53:47
SN041,M041,64.3618,°C,False,False,2024-02-16T14:50:14
SN104,M004,24.954,A,False,False,2024-08-05T12:53:07
SN126,M026,926.8671,RPM,False,False,2024-07-01T19:08:36
SN130,M030,6.2931,mm/s,False,False,2024-10-29T05:58:44
SN122,M022,22.0908,A,False,False,2024-12-30T20:18:05
SN109,M009,58.5133,%,False,False,2024-07-01T02:07:05
SN117,M017,7.31,mm/s,False,False,2024-07-19T04:32:31
SN064,M014,9.6392,mm/s,False,False,2024-06-08T23:19:34
SN007,M007,31.224,A,False,False,2024-07-12T15:11:54
SN129,M029,80.9106,%,False,False,2024-01-05T07:47:14
SN015,M015,3.4849,bar,False,False,2024-05-21T06:51:36
SN012,M012,400.4143,RPM,False,False,2024-06-04T05:45:08
SN041,M041,74.354,°C,False,False,2024-10-10T05:52:59
SN007,M007,0.8178,A,False,False,2024-06-20T10:32:56
SN060,M010,7.863,mm/s,False,False,2024-02-27T07:24:25
SN104,M004,21.3104,A,False,False,2024-03-02T11:49:22
SN089,M039,3.0196,bar,False,False,2024-05-09T03:44:34
SN078,M028,68.3283,%,False,False,2024-06-14T04:35:46
SN128,M028,1307.6165,RPM,False,False,2024-05-04T01:50:30
SN053,M003,71.0401,°C,False,False,2024-10-08T14:19:51
SN114,M014,72.5013,%,False,False,2024-05-02T14:49:49
SN142,M042,2505.9213,RPM,False,False,2024-11-01T10:56:15
SN142,M042,97.7521,RPM,False,False,2024-07-15T12:27:17
SN129,M029,52.4123,%,False,False,2024-10-03T10:49:47
SN081,M031,65.2397,%,False,False,2024-11-09T04:19:20
SN001,M001,65.0555,°C,False,False,2024-05-11T13:12:28
SN123,M023,24.7748,A,False,False,2024-12-04T00:58:29
SN095,M045,56.2145,A,True,True,2024-09-28T03:49:55
SN007,M007,37.8815,A,False,False,2024-11-26T21:43:56
SN012,M012,1183.9124,RPM,False,False,2024-03-11T13:18:42
SN017,M017,6.0959,mm/s,False,False,2024-05-03T07:59:10
SN100,M050,6.3018,mm/s,False,False,2024-10-30T11:03:33
SN008,M008,522.0096,RPM,False,False,2024-12-01T22:52:27
SN134,M034,10.6587,A,False,False,2024-08-09T00:58:39
SN143,M043,5.3029,A,False,False,2024-10-08T13:54:45
SN147,M047,25.5329,%,False,False,2024-07-02T17:55:36
SN027,M027,0.1198,A,False,False,2024-12-10T05:31:16
SN110,M010,6.4565,mm/s,False,False,2024-11-17T21:41:38
SN136,M036,34.1317,%,False,False,2024-06-07T10:48:29
SN144,M044,75.9707,°C,False,False,2024-03-20T07:10:32
SN109,M009,69.9738,%,False,False,2024-12-26T17:38:50
SN032,M032,29.8344,°C,False,False,2024-07-27T01:22:02
SN102,M002,31.6687,A,False,False,2024-01-18T20:04:44
SN103,M003,1058.4713,RPM,False,False,2024-12-28T17:49:46
SN090,M040,49.4031,%,False,False,2024-04-04T13:42:44
SN084,M034,2311.019,RPM,False,False,2024-05-03T16:10:56
SN114,M014,63.1606,%,False,False,2024-05-17T09:34:35
SN004,M004,30.8643,°C,False,False,2024-09-24T08:46:46
SN137,M037,35.0259,A,False,False,2024-07-31T20:52:21
SN017,M017,13.732,mm/s,True,True,2024-05-04T08:04:38
SN084,M034,431.0587,RPM,False,False,2024-05-13T01:22:39
SN125,M025,65.9314,°C,False,False,2024-10-31T13:09:00
SN121,M021,132.4254,RPM,False,False,2024-01-09T06:20:43
SN040,M040,26.9341,°C,False,False,2024-11-03T23:01:29
SN074,M024,0.6756,mm/s,False,False,2024-06-30T07:57:50
SN078,M028,27.6597,%,False,False,2024-05-27T04:18:14
SN004,M004,27.2221,°C,False,False,2024-10-24T16:32:49
SN030,M030,7.2414,mm/s,False,False,2024-09-01T13:06:09
SN098,M048,4.2433,A,False,False,2024-09-08T14:54:02
SN073,M023,54.1682,A,True,True,2024-09-14T16:52:28
SN092,M042,92.6576,%,True,True,2024-11-18T01:15:42
SN080,M030,39.7069,%,False,False,2024-09-05T19:57:24
SN142,M042,370.8508,RPM,False,False,2024-07-04T11:09:37
SN006,M006,2541.7329,RPM,False,False,2024-08-29T22:30:22
SN010,M010,45.18,%,False,False,2024-08-23T17:28:58
SN079,M029,946.2956,RPM,False,False,2024-09-09T02:16:39
SN090,M040,75.8256,%,False,False,2024-09-09T05:33:38
SN130,M030,10.4916,mm/s,False,False,2024-03-28T11:36:55
SN101,M001,33.2152,°C,False,False,2024-04-23T17:51:05
SN125,M025,30.0081,°C,False,False,2024-05-20T21:43:37
SN084,M034,2611.4676,RPM,False,False,2024-02-07T18:42:11
SN125,M025,100.9627,°C,True,True,2024-04-01T12:59:58
SN090,M040,69.9881,%,False,False,2024-04-25T06:15:17
SN048,M048,59.2994,°C,False,False,2024-12-04T15:19:42
SN105,M005,3.1062,bar,False,False,2024-08-23T22:01:02
SN010,M010,67.7908,%,False,False,2024-04-10T21:58:35
SN092,M042,79.4204,%,False,False,2024-10-02T18:11:35
SN141,M041,59.067,A,True,True,2024-12-05T00:47:45
SN141,M041,25.8273,A,False,False,2024-10-13T02:00:34
SN107,M007,472.2928,RPM,False,False,2024-05-02T18:59:20
SN027,M027,32.6527,A,False,False,2024-05-26T05:02:41
SN029,M029,23.3359,%,False,False,2024-08-13T01:47:37
SN129,M029,33.8046,%,False,False,2024-07-12T07:59:06
SN004,M004,50.4409,°C,False,False,2024-02-14T22:27:37
SN102,M002,45.5642,A,False,False,2024-12-19T19:25:10
SN144,M044,74.2691,°C,False,False,2024-03-30T06:06:11
SN140,M040,56.6163,°C,False,False,2024-09-20T20:07:43
SN047,M047,4.1591,mm/s,False,False,2024-02-09T06:46:00
SN098,M048,12.4027,A,False,False,2024-06-07T18:47:37
SN099,M049,44.2149,%,False,False,2024-03-30T22:59:12
SN029,M029,42.8714,%,False,False,2024-06-12T18:33:49
SN028,M028,46.3595,%,False,False,2024-07-13T09:43:50
SN116,M016,70.4531,%,False,False,2024-03-03T20:05:18
SN150,M050,5.6792,mm/s,False,False,2024-10-16T13:33:14
SN150,M050,5.5664,mm/s,False,False,2024-05-21T07:25:14
SN010,M010,61.322,%,False,False,2024-09-08T11:43:10
SN130,M030,5.1454,mm/s,False,False,2024-06-30T01:44:23
SN060,M010,1.0209,mm/s,False,False,2024-05-10T19:41:01
SN127,M027,4.837,mm/s,False,False,2024-12-13T02:52:41
SN072,M022,10.6912,mm/s,False,False,2024-11-17T03:59:59
SN022,M022,2588.4586,RPM,False,False,2024-04-08T01:13:37
SN115,M015,4.7583,mm/s,False,False,2024-01-15T07:51:25
SN068,M018,1.8907,bar,False,False,2024-03-12T23:38:07
SN111,M011,78.8392,°C,False,False,2024-09-21T22:26:42
SN129,M029,29.395,%,False,False,2024-12-16T15:52:50
SN107,M007,814.5484,RPM,False,False,2024-05-23T08:21:34
SN066,M016,1918.5265,RPM,False,False,2024-08-10T16:04:23
SN030,M030,10.6251,mm/s,False,False,2024-11-13T14:27:33
SN119,M019,3.1615,bar,False,False,2024-07-15T12:05:20
SN125,M025,28.2035,°C,False,False,2024-08-22T03:48:42
SN049,M049,38.3788,A,False,False,2024-06-21T12:39:09
SN064,M014,10.6123,mm/s,False,False,2024-10-12T19:28:59
SN043,M043,1.9793,mm/s,False,False,2024-07-03T13:23:40
SN107,M007,3613.1369,RPM,True,True,2024-04-19T06:04:23
SN031,M031,12.4227,A,False,False,2024-10-23T06:44:20
SN070,M020,3177.5463,RPM,True,True,2024-09-26T10:36:06
SN032,M032,31.6204,°C,False,False,2024-03-01T03:58:55
SN084,M034,1098.354,RPM,False,False,2024-08-04T07:29:28
SN051,M001,81.8751,%,False,False,2024-10-06T13:41:51
SN040,M040,32.6252,°C,False,False,2024-04-09T08:31:09
SN032,M032,41.8752,°C,False,False,2024-01-29T02:45:43
SN003,M003,1001.981,RPM,False,False,2024-12-27T01:44:28
SN034,M034,6.3417,bar,False,False,2024-10-27T02:22:52
SN037,M037,16.1153,A,False,False,2024-05-22T20:03:39
SN103,M003,1434.4559,RPM,False,False,2024-01-24T23:38:04
SN131,M031,30.7435,A,False,False,2024-07-23T02:52:09
SN045,M045,4.7281,bar,False,False,2024-07-01T20:17:44
SN019,M019,8.937,A,False,False,2024-04-29T04:04:39
SN009,M009,525.3428,RPM,False,False,2024-08-28T03:00:13
SN055,M005,8.9585,bar,False,False,2024-10-11T18:52:50
SN064,M014,5.3564,mm/s,False,False,2024-06-24T06:26:22
SN064,M014,10.0138,mm/s,False,False,2024-02-18T16:34:20
SN115,M015,8.2194,mm/s,False,False,2024-06-19T11:27:43
SN075,M025,60.2436,%,False,False,2024-12-19T23:59:25
SN130,M030,9.8031,mm/s,False,False,2024-08-13T11:54:07
SN075,M025,55.2016,%,False,False,2024-06-22T08:16:30
SN118,M018,6.6527,mm/s,False,False,2024-02-28T15:52:29
SN148,M048,59.7649,%,False,False,2024-03-16T07:06:56
SN019,M019,23.2267,A,False,False,2024-09-04T11:11:33
SN127,M027,9.8762,mm/s,False,False,2024-10-09T14:30:27
SN104,M004,12.3801,A,False,False,2024-11-12T12:11:44
SN002,M002,41.6369,%,False,False,2024-06-06T00:42:01
SN109,M009,62.3239,%,False,False,2024-03-22T06:14:00
SN048,M048,88.1788,°C,True,True,2024-02-17T22:33:57
SN053,M003,49.3826,°C,False,False,2024-08-19T19:15:33
SN004,M004,38.3712,°C,False,False,2024-12-21T09:42:49
SN054,M004,5.5391,bar,False,False,2024-03-14T13:26:38
SN052,M002,3.7106,bar,False,False,2024-09-15T03:53:23
SN025,M025,300.3905,RPM,False,False,2024-06-05T10:30:23
SN072,M022,0.1292,mm/s,False,False,2024-04-06T21:47:45
SN109,M009,23.82,%,False,False,2024-02-16T07:20:29
SN057,M007,39.7361,A,False,False,2024-10-13T10:57:30
SN094,M044,205.0937,RPM,False,False,2024-05-17T07:53:50
SN071,M021,1904.2288,RPM,False,False,2024-04-03T13:59:58
SN145,M045,10.3636,mm/s,False,False,2024-05-19T14:35:29
SN125,M025,69.154,°C,False,False,2024-11-30T02:09:32
SN082,M032,1.7179,bar,False,False,2024-09-18T15:48:19
SN097,M047,0.5848,A,False,False,2024-06-12T04:54:42
SN047,M047,4.3326,mm/s,False,False,2024-01-24T03:33:19
SN075,M025,82.2626,%,False,False,2024-06-08T09:11:10
SN045,M045,3.643,bar,False,False,2024-07-11T00:40:19
SN142,M042,375.7083,RPM,False,False,2024-12-28T09:07:24
SN087,M037,2228.1883,RPM,False,False,2024-09-27T10:05:09
SN038,M038,42.4535,A,False,False,2024-09-06T00:38:23
SN026,M026,36.8766,A,False,False,2024-05-11T00:20:14
SN012,M012,357.3119,RPM,False,False,2024-01-24T10:27:38
SN136,M036,25.0688,%,False,False,2024-12-02T11:52:47
SN123,M023,42.2754,A,False,False,2024-07-11T18:57:50
SN005,M005,33.6821,A,False,False,2024-12-09T10:02:20
SN135,M035,54.2831,°C,False,False,2024-08-25T14:15:56
SN123,M023,8.7369,A,False,False,2024-06-13T03:24:01
SN136,M036,81.097,%,False,False,2024-01-20T06:28:09
SN137,M037,26.2364,A,False,False,2024-10-23T05:48:48
SN101,M001,69.1786,°C,False,False,2024-12-28T06:50:39
SN042,M042,22.5498,°C,False,False,2024-03-28T18:48:10
SN121,M021,153.6631,RPM,False,False,2024-09-23T09:05:06
SN117,M017,3.1985,mm/s,False,False,2024-03-17T18:32:26
SN149,M049,98.8038,°C,True,True,2024-08-22T02:14:28
SN040,M040,87.7176,°C,True,True,2024-11-24T08:48:30
SN101,M001,68.3626,°C,False,False,2024-07-06T08:04:06
SN002,M002,84.5141,%,False,False,2024-12-29T09:48:00
SN073,M023,24.3991,A,False,False,2024-05-06T17:57:15
SN115,M015,8.1654,mm/s,False,False,2024-11-23T10:24:59
SN136,M036,24.1338,%,False,False,2024-03-06T08:05:38
SN119,M019,1.9962,bar,False,False,2024-05-08T05:27:00
SN045,M045,7.6697,bar,False,False,2024-03-21T11:21:57
SN045,M045,4.8549,bar,False,False,2024-09-20T16:45:10
SN045,M045,3.7878,bar,False,False,2024-01-15T10:28:27
SN029,M029,63.9352,%,False,False,2024-09-19T12:30:54
SN064,M014,10.8383,mm/s,False,False,2024-12-12T18:36:00
SN076,M026,73.6626,°C,False,False,2024-04-23T06:17:30
SN061,M011,53.1338,%,False,False,2024-06-05T01:13:07
SN080,M030,37.5714,%,False,False,2024-07-31T01:49:03
SN014,M014,7.9189,bar,False,False,2024-11-18T18:55:48
SN147,M047,84.3429,%,False,False,2024-10-19T15:19:34
SN110,M010,4.6864,mm/s,False,False,2024-08-20T11:51:04
SN134,M034,40.0079,A,False,False,2024-05-19T14:33:26
SN094,M044,798.4068,RPM,False,False,2024-12-22T13:26:27
SN087,M037,1538.0381,RPM,False,False,2024-05-20T03:33:15
SN010,M010,107.1529,%,True,True,2024-10-17T08:51:17
SN119,M019,6.2451,bar,False,False,2024-01-22T01:17:20
SN049,M049,37.5033,A,False,False,2024-02-06T21:22:09
SN020,M020,36.3795,A,False,False,2024-08-16T04:27:29
SN129,M029,95.794,%,True,True,2024-04-01T20:07:21
SN029,M029,44.5468,%,False,False,2024-06-12T08:25:24
SN149,M049,21.117,°C,False,False,2024-01-19T22:29:04
SN022,M022,88.3336,RPM,False,False,2024-12-10T08:13:50
SN052,M002,8.8081,bar,False,False,2024-05-06T22:42:12
SN048,M048,104.9977,°C,True,True,2024-03-05T14:47:03
SN045,M045,4.2573,bar,False,False,2024-09-23T15:20:53
SN146,M046,84.8248,%,False,False,2024-10-15T15:30:34
SN071,M021,1101.0384,RPM,False,False,2024-11-21T09:36:04
SN059,M009,18.0092,A,False,False,2024-04-23T17:25:11
SN014,M014,9.1042,bar,False,False,2024-03-14T21:44:15
SN027,M027,56.4666,A,True,True,2024-09-25T09:29:53
SN115,M015,9.051,mm/s,False,False,2024-04-24T14:33:41
SN082,M032,7.277,bar,False,False,2024-01-18T22:37:34
SN086,M036,59.5439,%,False,False,2024-09-04T07:46:32
SN147,M047,56.2922,%,False,False,2024-08-20T05:55:12
SN003,M003,3632.7316,RPM,True,True,2024-11-12T01:52:26
SN086,M036,48.8839,%,False,False,2024-11-10T00:38:36
SN060,M010,1.7932,mm/s,False,False,2024-06-11T00:32:46
SN058,M008,4.1372,bar,False,False,2024-07-02T05:53:30
SN111,M011,31.0637,°C,False,False,2024-02-12T11:56:13
SN062,M012,80.1727,RPM,False,False,2024-09-30T14:39:48
SN048,M048,79.088,°C,False,False,2024-10-31T05:39:27
SN097,M047,4.6462,A,False,False,2024-06-03T02:55:57
SN107,M007,1206.7794,RPM,False,False,2024-03-06T10:49:40
SN076,M026,78.7369,°C,False,False,2024-05-22T06:27:57
SN115,M015,3.2781,mm/s,False,False,2024-09-14T23:39:21
SN078,M028,44.0521,%,False,False,2024-02-03T04:27:09
SN128,M028,430.8026,RPM,False,False,2024-10-04T00:56:42
SN127,M027,7.1141,mm/s,False,False,2024-08-28T01:27:19
SN127,M027,7.7257,mm/s,False,False,2024-05-15T02:26:13
SN042,M042,27.4129,°C,False,False,2024-07-23T15:16:56
SN119,M019,5.4424,bar,False,False,2024-09-30T01:44:45
SN135,M035,63.3878,°C,False,False,2024-06-04T18:00:10
SN142,M042,281.1062,RPM,False,False,2024-02-11T02:57:52
SN082,M032,1.9633,bar,False,False,2024-01-26T21:36:28
SN067,M017,3.2363,bar,False,False,2024-03-02T01:20:27
SN075,M025,52.7992,%,False,False,2024-05-21T11:09:27
SN079,M029,1252.8612,RPM,False,False,2024-01-29T21:06:49
SN053,M003,76.0777,°C,False,False,2024-07-01T12:22:20
SN068,M018,8.5765,bar,False,False,2024-01-01T05:05:27
SN105,M005,3.73,bar,False,False,2024-12-17T08:22:52
SN082,M032,5.6134,bar,False,False,2024-07-03T16:46:57
SN002,M002,20.4873,%,False,False,2024-02-17T11:24:55
SN024,M024,19.1576,A,False,False,2024-12-17T23:51:13
SN023,M023,4.2891,bar,False,False,2024-03-21T02:49:19
SN010,M010,64.0228,%,False,False,2024-06-24T12:20:16
SN055,M005,8.2852,bar,False,False,2024-09-15T03:08:28
SN134,M034,30.8739,A,False,False,2024-06-25T17:37:32
SN042,M042,91.4778,°C,True,True,2024-05-03T11:03:06
SN121,M021,1019.3198,RPM,False,False,2024-11-21T16:09:00
SN109,M009,22.0078,%,False,False,2024-08-09T06:19:40
SN017,M017,9.7138,mm/s,False,False,2024-12-27T03:09:58
SN082,M032,2.104,bar,False,False,2024-06-03T21:11:13
SN015,M015,8.4218,bar,False,False,2024-08-02T17:55:02
SN039,M039,24.5636,°C,False,False,2024-06-12T13:21:47
SN072,M022,8.6902,mm/s,False,False,2024-03-08T00:04:36
SN078,M028,66.3323,%,False,False,2024-11-23T03:34:44
SN018,M018,12.0402,A,False,False,2024-07-02T16:55:38
SN082,M032,6.6005,bar,False,False,2024-06-18T12:27:25
SN037,M037,35.7625,A,False,False,2024-02-26T15:28:13
SN033,M033,9.6097,mm/s,False,False,2024-09-07T04:34:22
SN109,M009,77.7911,%,False,False,2024-02-19T01:09:49
SN019,M019,20.0796,A,False,False,2024-07-17T12:51:12
SN067,M017,2.9067,bar,False,False,2024-11-09T06:55:56
SN090,M040,65.9609,%,False,False,2024-08-26T05:07:51
SN039,M039,75.8505,°C,False,False,2024-06-13T02:37:58
SN101,M001,23.9262,°C,False,False,2024-10-19T15:44:07
SN127,M027,2.9312,mm/s,False,False,2024-03-14T03:18:54
SN060,M010,4.938,mm/s,False,False,2024-12-02T09:31:18
SN070,M020,896.2489,RPM,False,False,2024-06-16T01:16:16
SN009,M009,1839.8866,RPM,False,False,2024-04-21T20:17:09
SN027,M027,41.8784,A,False,False,2024-07-03T18:49:28
SN027,M027,30.4884,A,False,False,2024-04-22T20:35:42
SN109,M009,71.729,%,False,False,2024-09-02T17:31:52
SN027,M027,0.5644,A,False,False,2024-07-11T18:28:10
SN140,M040,61.5494,°C,False,False,2024-09-05T03:40:24
SN124,M024,27.3886,A,False,False,2024-09-22T20:00:27
SN083,M033,4.2834,mm/s,False,False,2024-02-13T07:01:49
SN143,M043,25.0272,A,False,False,2024-01-06T07:36:26
SN071,M021,1919.9875,RPM,False,False,2024-09-03T05:17:39
SN072,M022,5.5684,mm/s,False,False,2024-11-21T08:59:23
SN128,M028,762.2744,RPM,False,False,2024-03-27T13:32:45
SN096,M046,70.4092,°C,False,False,2024-11-28T15:38:38
SN121,M021,2163.3109,RPM,False,False,2024-07-04T13:33:48
SN009,M009,1215.7281,RPM,False,False,2024-10-26T17:22:19
SN093,M043,45.1804,A,False,False,2024-11-20T22:27:05
SN062,M012,2304.6543,RPM,False,False,2024-09-29T18:43:24
SN124,M024,15.1891,A,False,False,2024-04-08T16:30:20
SN002,M002,34.0345,%,False,False,2024-01-08T04:49:00
SN022,M022,329.3898,RPM,False,False,2024-05-07T04:16:41
SN102,M002,33.0852,A,False,False,2024-04-14T08:08:42
SN005,M005,17.0273,A,False,False,2024-08-07T07:00:24
SN006,M006,2245.3506,RPM,False,False,2024-12-30T07:34:35
SN091,M041,93.5445,°C,True,True,2024-12-23T22:52:23
SN147,M047,24.4161,%,False,False,2024-04-13T15:42:01
SN115,M015,4.4525,mm/s,False,False,2024-07-15T05:59:02
SN013,M013,2.7467,bar,False,False,2024-12-07T06:40:21
SN045,M045,4.6212,bar,False,False,2024-09-03T18:48:04
SN025,M025,987.0386,RPM,False,False,2024-04-14T15:04:08
SN010,M010,67.2294,%,False,False,2024-12-24T03:59:56
SN098,M048,23.1785,A,False,False,2024-09-07T21:54:34
SN007,M007,25.3052,A,False,False,2024-10-12T17:17:18
SN014,M014,7.792,bar,False,False,2024-02-04T13:49:08
SN032,M032,60.5653,°C,False,False,2024-02-15T17:30:32
SN118,M018,3.7875,mm/s,False,False,2024-02-24T04:38:50
SN142,M042,2354.0954,RPM,False,False,2024-03-03T05:05:02
SN054,M004,1.6911,bar,False,False,2024-05-07T21:31:09
SN100,M050,1.5618,mm/s,False,False,2024-01-01T21:31:22
SN055,M005,3.9243,bar,False,False,2024-10-20T20:39:41
SN110,M010,1.9934,mm/s,False,False,2024-06-27T20:06:42
SN030,M030,2.9777,mm/s,False,False,2024-03-14T14:04:38
SN072,M022,5.6636,mm/s,False,False,2024-10-02T02:41:38
SN127,M027,2.2977,mm/s,False,False,2024-09-09T15:38:27
SN126,M026,1396.713,RPM,False,False,2024-04-08T18:59:45
SN047,M047,1.154,mm/s,False,False,2024-12-13T22:18:43
SN080,M030,20.7772,%,False,False,2024-04-08T02:41:19
SN048,M048,98.3111,°C,True,True,2024-12-14T02:53:44
SN124,M024,17.5568,A,False,False,2024-07-16T08:37:37
SN117,M017,8.0816,mm/s,False,False,2024-04-21T15:35:10
SN037,M037,46.4329,A,False,False,2024-09-14T07:03:09
SN085,M035,1.5497,mm/s,False,False,2024-11-24T21:49:16
SN085,M035,9.9169,mm/s,False,False,2024-09-05T22:31:12
SN001,M001,54.9117,°C,False,False,2024-05-19T09:08:03
SN141,M041,28.8703,A,False,False,2024-10-01T05:38:22
SN058,M008,6.707,bar,False,False,2024-03-11T17:37:15
SN126,M026,1667.1678,RPM,False,False,2024-06-25T06:00:59
SN039,M039,63.8409,°C,False,False,2024-02-08T15:49:35
SN109,M009,71.4093,%,False,False,2024-01-28T17:53:35
SN033,M033,0.9698,mm/s,False,False,2024-05-04T12:23:26
SN027,M027,42.1869,A,False,False,2024-01-29T14:29:17
SN062,M012,144.5659,RPM,False,False,2024-01-12T09:51:04
SN122,M022,17.7154,A,False,False,2024-10-24T01:47:13
SN012,M012,741.3815,RPM,False,False,2024-08-11T23:54:23
SN072,M022,9.4881,mm/s,False,False,2024-11-11T13:05:56
SN074,M024,9.9962,mm/s,False,False,2024-03-07T05:27:38
SN055,M005,7.1989,bar,False,False,2024-03-11T10:23:47
SN059,M009,43.0516,A,False,False,2024-08-04T14:17:20
SN124,M024,24.8768,A,False,False,2024-05-04T22:57:57
SN122,M022,36.4865,A,False,False,2024-10-23T18:12:14
SN148,M048,58.3022,%,False,False,2024-11-19T19:14:41
SN027,M027,0.567,A,False,False,2024-07-23T14:03:13
SN091,M041,46.7061,°C,False,False,2024-07-20T15:06:11
SN053,M003,30.2945,°C,False,False,2024-03-28T10:56:00
SN029,M029,81.9843,%,False,False,2024-08-03T02:39:29
SN048,M048,59.4573,°C,False,False,2024-07-19T08:12:16
SN002,M002,73.0359,%,False,False,2024-03-22T05:19:41
SN115,M015,1.2165,mm/s,False,False,2024-03-31T01:19:33
SN020,M020,40.0164,A,False,False,2024-04-27T03:04:46
SN070,M020,1551.724,RPM,False,False,2024-11-01T12:56:17
SN064,M014,2.2497,mm/s,False,False,2024-09-04T18:07:09
SN072,M022,4.9894,mm/s,False,False,2024-10-14T13:18:08
SN060,M010,1.0912,mm/s,False,False,2024-11-03T23:01:23
SN054,M004,6.7047,bar,False,False,2024-08-11T06:06:38
SN069,M019,3.6027,bar,False,False,2024-05-22T05:39:15
SN081,M031,48.7952,%,False,False,2024-07-08T15:04:39
SN004,M004,104.5642,°C,True,True,2024-12-22T14:24:42
SN092,M042,81.7878,%,False,False,2024-07-20T11:25:16
SN034,M034,8.7964,bar,False,False,2024-08-02T06:51:58
SN026,M026,37.0051,A,False,False,2024-01-11T15:41:57
SN143,M043,26.8209,A,False,False,2024-10-16T17:31:12
SN060,M010,3.6709,mm/s,False,False,2024-11-09T00:12:15
SN035,M035,25.4098,A,False,False,2024-07-10T03:12:52
SN124,M024,26.2833,A,False,False,2024-03-05T10:57:14
SN088,M038,64.7315,°C,False,False,2024-03-26T02:55:21
SN119,M019,4.1543,bar,False,False,2024-10-26T02:16:01
SN076,M026,73.7183,°C,False,False,2024-11-09T08:29:07
SN061,M011,22.1825,%,False,False,2024-10-26T17:45:03
SN005,M005,19.7644,A,False,False,2024-12-12T07:15:45
SN127,M027,10.1479,mm/s,False,False,2024-09-28T02:48:27
SN103,M003,2580.4511,RPM,False,False,2024-02-05T04:33:10
SN026,M026,46.8785,A,False,False,2024-10-06T02:09:03
SN111,M011,80.6832,°C,False,False,2024-08-17T05:49:58
SN086,M036,34.4243,%,False,False,2024-08-19T01:31:23
SN063,M013,67.579,%,False,False,2024-11-22T14:54:26
SN049,M049,2.7109,A,False,False,2024-07-08T09:22:37
SN127,M027,11.0868,mm/s,False,False,2024-01-04T06:29:31
SN056,M006,6.3637,bar,False,False,2024-03-23T00:35:46
SN008,M008,2310.6386,RPM,False,False,2024-08-13T12:36:29
SN036,M036,42.5674,A,False,False,2024-04-21T09:07:47
SN095,M045,2.1415,A,False,False,2024-02-25T21:03:46
SN025,M025,2360.1576,RPM,False,False,2024-06-23T06:48:04
SN077,M027,20.501,A,False,False,2024-04-14T20:44:05
SN123,M023,17.1088,A,False,False,2024-11-02T13:11:08
SN083,M033,4.8404,mm/s,False,False,2024-05-07T13:36:36
SN035,M035,28.7805,A,False,False,2024-05-10T05:06:59
SN057,M007,43.4717,A,False,False,2024-06-20T07:53:02
SN031,M031,38.6861,A,False,False,2024-03-02T17:07:07
SN009,M009,1358.5549,RPM,False,False,2024-11-11T14:57:01
SN006,M006,894.2627,RPM,False,False,2024-09-29T12:28:44
SN083,M033,14.9407,mm/s,True,True,2024-02-08T08:06:01
SN146,M046,72.5459,%,False,False,2024-11-26T01:01:26
SN107,M007,2282.087,RPM,False,False,2024-12-28T18:21:17
SN068,M018,4.7012,bar,False,False,2024-09-30T10:09:52
SN115,M015,8.4829,mm/s,False,False,2024-10-06T08:08:30
SN138,M038,70.0806,°C,False,False,2024-06-22T16:47:25
SN068,M018,2.5763,bar,False,False,2024-05-02T04:13:50
SN067,M017,9.1409,bar,False,False,2024-05-20T10:00:38
SN022,M022,2625.47,RPM,False,False,2024-12-24T13:13:39
SN084,M034,2273.0588,RPM,False,False,2024-04-18T23:27:27
SN003,M003,496.7247,RPM,False,False,2024-02-15T10:55:20
SN101,M001,68.5327,°C,False,False,2024-08-21T13:37:29
SN063,M013,112.106,%,True,True,2024-01-28T18:56:04
SN058,M008,8.3448,bar,False,False,2024-01-31T11:05:52
SN078,M028,42.867,%,False,False,2024-09-01T08:04:15
SN138,M038,58.2773,°C,False,False,2024-01-08T10:04:12
SN147,M047,36.6922,%,False,False,2024-10-31T22:34:03
SN070,M020,1024.149,RPM,False,False,2024-07-20T14:48:09
SN066,M016,3093.8264,RPM,True,True,2024-01-16T14:41:37
SN076,M026,92.426,°C,True,True,2024-06-09T03:19:23
SN066,M016,717.9701,RPM,False,False,2024-06-28T09:47:52
SN099,M049,33.8242,%,False,False,2024-10-11T04:50:26
SN138,M038,41.3237,°C,False,False,2024-05-20T07:23:17
SN105,M005,12.4851,bar,True,True,2024-08-02T05:15:13
SN149,M049,72.2254,°C,False,False,2024-06-02T21:55:38
SN109,M009,49.0481,%,False,False,2024-01-24T12:04:34
SN022,M022,1511.4812,RPM,False,False,2024-09-27T13:31:54
SN121,M021,2104.6654,RPM,False,False,2024-02-04T15:11:20
SN130,M030,7.6105,mm/s,False,False,2024-02-11T11:08:33
SN099,M049,64.6228,%,False,False,2024-05-24T19:21:34
SN016,M016,1.3395,mm/s,False,False,2024-08-07T20:50:45
SN085,M035,3.5143,mm/s,False,False,2024-02-12T06:33:02
SN087,M037,1251.6985,RPM,False,False,2024-11-21T12:24:50
SN019,M019,12.1943,A,False,False,2024-09-02T10:14:02
SN111,M011,49.2224,°C,False,False,2024-11-08T05:23:12
SN124,M024,46.1052,A,False,False,2024-09-13T19:47:59
SN100,M050,9.3316,mm/s,False,False,2024-11-19T13:32:16
SN026,M026,32.8121,A,False,False,2024-12-12T16:41:35
SN059,M009,7.4247,A,False,False,2024-04-06T02:54:44
SN032,M032,44.4215,°C,False,False,2024-01-23T11:46:02
SN042,M042,78.5271,°C,False,False,2024-02-08T16:42:50
SN106,M006,8.8254,bar,False,False,2024-04-17T23:44:28
SN098,M048,13.4357,A,False,False,2024-10-22T13:46:47
SN130,M030,8.6538,mm/s,False,False,2024-04-07T14:14:28
SN079,M029,1893.1891,RPM,False,False,2024-03-29T12:27:51
SN048,M048,66.9382,°C,False,False,2024-12-02T15:15:58
SN023,M023,7.7589,bar,False,False,2024-12-01T12:33:57
SN114,M014,37.8066,%,False,False,2024-10-16T16:06:25
SN072,M022,10.6423,mm/s,False,False,2024-08-19T08:17:45
SN041,M041,47.7967,°C,False,False,2024-10-05T11:17:39
SN084,M034,263.1031,RPM,False,False,2024-11-29T16:17:10
SN069,M019,3.5444,bar,False,False,2024-07-24T22:29:55
SN148,M048,21.311,%,False,False,2024-01-02T22:17:18
SN148,M048,45.184,%,False,False,2024-11-26T09:25:51
SN140,M040,44.6145,°C,False,False,2024-12-08T12:32:59
SN149,M049,65.4881,°C,False,False,2024-08-05T14:50:22
SN129,M029,21.1976,%,False,False,2024-07-04T02:08:54
SN063,M013,63.6282,%,False,False,2024-09-18T14:09:30
SN123,M023,12.0956,A,False,False,2024-08-10T05:00:09
SN121,M021,1290.3784,RPM,False,False,2024-01-18T14:06:06
SN083,M033,9.7637,mm/s,False,False,2024-05-16T03:55:53
SN029,M029,76.0027,%,False,False,2024-06-25T12:58:42
SN032,M032,71.4358,°C,False,False,2024-08-10T00:09:44
SN115,M015,4.9615,mm/s,False,False,2024-06-26T18:21:42
SN111,M011,77.7366,°C,False,False,2024-10-19T15:35:26
SN015,M015,1.6937,bar,False,False,2024-02-16T19:03:39
SN049,M049,7.7749,A,False,False,2024-11-21T16:21:12
SN065,M015,27.4011,A,False,False,2024-09-08T21:47:36
SN054,M004,4.6994,bar,False,False,2024-08-13T00:07:36
SN128,M028,2413.471,RPM,False,False,2024-07-25T04:47:15
SN091,M041,72.0841,°C,False,False,2024-05-03T17:11:02
SN148,M048,61.157,%,False,False,2024-11-24T10:38:10
SN112,M012,605.7877,RPM,False,False,2024-12-12T01:08:31
SN107,M007,1885.4857,RPM,False,False,2024-11-28T07:54:00
SN072,M022,5.4431,mm/s,False,False,2024-07-05T22:12:44
SN029,M029,43.2812,%,False,False,2024-06-23T20:55:37
SN120,M020,0.6316,mm/s,False,False,2024-05-21T19:48:52
SN005,M005,17.0988,A,False,False,2024-04-19T13:21:05
SN066,M016,101.9761,RPM,False,False,2024-11-18T14:54:24
SN138,M038,69.3437,°C,False,False,2024-02-21T08:03:27
SN095,M045,29.9217,A,False,False,2024-07-09T12:49:49
SN067,M017,3.2705,bar,False,False,2024-10-16T20:10:11
SN141,M041,15.99,A,False,False,2024-05-10T19:28:19
SN122,M022,39.5887,A,False,False,2024-10-19T08:56:23
SN105,M005,8.0386,bar,False,False,2024-09-24T21:51:04
SN070,M020,9.1886,RPM,False,False,2024-12-17T08:14:57
SN086,M036,103.5016,%,True,True,2024-05-12T14:38:59
SN056,M006,6.8295,bar,False,False,2024-03-03T08:25:15
SN121,M021,1339.9251,RPM,False,False,2024-07-24T01:03:28
SN037,M037,27.1598,A,False,False,2024-09-18T01:50:14
SN130,M030,5.677,mm/s,False,False,2024-10-05T14:32:47
SN143,M043,12.9534,A,False,False,2024-12-30T10:24:20
SN041,M041,59.1907,°C,False,False,2024-06-14T14:08:24
SN104,M004,55.7121,A,True,True,2024-06-13T12:52:56
SN139,M039,99.1381,°C,True,True,2024-10-29T02:15:23
SN119,M019,8.4387,bar,False,False,2024-04-12T14:32:57
SN139,M039,74.9465,°C,False,False,2024-08-21T01:01:19
SN074,M024,4.1081,mm/s,False,False,2024-01-22T23:51:25
SN124,M024,18.9099,A,False,False,2024-02-09T20:23:56
SN111,M011,49.0506,°C,False,False,2024-12-04T03:13:55
SN120,M020,2.919,mm/s,False,False,2024-04-18T00:57:04
SN126,M026,2832.1885,RPM,False,False,2024-08-07T03:12:11
SN017,M017,4.4413,mm/s,False,False,2024-09-21T05:21:27
SN110,M010,0.2475,mm/s,False,False,2024-11-20T19:23:26
SN121,M021,977.8558,RPM,False,False,2024-03-09T07:48:16
SN089,M039,11.0929,bar,True,True,2024-01-29T17:20:11
SN090,M040,51.2063,%,False,False,2024-01-25T01:40:50
SN123,M023,6.7414,A,False,False,2024-01-21T18:23:02
SN123,M023,1.0039,A,False,False,2024-01-25T14:06:44
SN051,M001,75.6729,%,False,False,2024-04-29T13:35:33
SN149,M049,90.7762,°C,True,True,2024-10-26T08:15:31
SN123,M023,8.4479,A,False,False,2024-06-16T20:21:32
SN147,M047,31.5012,%,False,False,2024-10-29T22:29:13
SN072,M022,1.1134,mm/s,False,False,2024-01-02T11:14:23
SN024,M024,31.9552,A,False,False,2024-09-05T01:11:40
SN091,M041,57.2502,°C,False,False,2024-02-15T19:41:13
SN045,M045,3.5545,bar,False,False,2024-12-15T22:58:14
SN068,M018,10.3568,bar,True,True,2024-02-11T13:06:52
SN139,M039,48.0755,°C,False,False,2024-08-20T20:14:18
SN025,M025,2607.3021,RPM,False,False,2024-08-17T04:20:58
SN090,M040,25.3781,%,False,False,2024-02-26T08:17:31
SN008,M008,2355.2391,RPM,False,False,2024-08-06T14:26:40
SN016,M016,6.8712,mm/s,False,False,2024-05-29T10:19:58
SN111,M011,59.2629,°C,False,False,2024-04-08T13:39:43
SN040,M040,77.5573,°C,False,False,2024-04-22T15:45:05
SN049,M049,9.8709,A,False,False,2024-07-06T01:30:02
SN092,M042,64.2738,%,False,False,2024-12-09T18:05:47
SN074,M024,6.0409,mm/s,False,False,2024-04-26T11:21:37
SN099,M049,67.1277,%,False,False,2024-04-03T17:16:38
SN079,M029,1795.2642,RPM,False,False,2024-05-06T00:35:34
SN014,M014,1.0827,bar,False,False,2024-10-10T21:41:39
SN046,M046,1353.4597,RPM,False,False,2024-02-23T01:35:36
SN021,M021,1640.0464,RPM,False,False,2024-11-12T03:13:38
SN020,M020,16.9931,A,False,False,2024-11-22T18:44:25
SN085,M035,1.8005,mm/s,False,False,2024-06-21T05:51:09
SN038,M038,39.9903,A,False,False,2024-09-03T02:23:46
SN079,M029,2003.4167,RPM,False,False,2024-04-05T13:38:36
SN120,M020,10.8775,mm/s,False,False,2024-10-06T02:44:03
SN119,M019,5.143,bar,False,False,2024-12-09T17:17:30
SN062,M012,2507.1076,RPM,False,False,2024-07-23T11:19:42
SN146,M046,76.3703,%,False,False,2024-01-31T18:44:22
SN044,M044,2757.4405,RPM,False,False,2024-06-20T19:52:15
SN043,M043,5.4734,mm/s,False,False,2024-07-12T08:25:24
SN138,M038,57.457,°C,False,False,2024-01-21T04:45:39
SN076,M026,94.1173,°C,True,True,2024-12-04T15:30:13
SN043,M043,9.8747,mm/s,False,False,2024-11-04T12:08:04
SN098,M048,39.6554,A,False,False,2024-04-19T09:37:14
SN026,M026,23.0887,A,False,False,2024-01-29T20:36:23
SN132,M032,52.0113,RPM,False,False,2024-01-08T20:09:47
SN068,M018,8.6144,bar,False,False,2024-06-27T17:18:09
SN027,M027,6.3959,A,False,False,2024-10-28T05:02:20
SN072,M022,7.8486,mm/s,False,False,2024-06-26T05:52:16
SN015,M015,2.5303,bar,False,False,2024-05-21T12:34:30
SN113,M013,1.1365,mm/s,False,False,2024-08-28T21:50:14
SN102,M002,16.9862,A,False,False,2024-01-12T15:17:11
SN021,M021,1054.5899,RPM,False,False,2024-12-16T13:12:38
SN017,M017,0.346,mm/s,False,False,2024-02-14T04:42:56
SN083,M033,4.2109,mm/s,False,False,2024-06-21T00:19:00
SN058,M008,1.7788,bar,False,False,2024-03-26T00:17:14
SN123,M023,2.2003,A,False,False,2024-09-27T19:48:09
SN017,M017,7.9008,mm/s,False,False,2024-04-16T21:20:52
SN146,M046,79.29,%,False,False,2024-06-24T03:43:52
SN093,M043,1.319,A,False,False,2024-07-13T01:14:59
SN060,M010,14.8447,mm/s,True,True,2024-10-01T01:04:18
SN114,M014,33.9564,%,False,False,2024-11-19T19:44:47
SN124,M024,31.3008,A,False,False,2024-02-02T09:35:58
SN002,M002,77.7144,%,False,False,2024-04-22T09:37:57
SN145,M045,1.7839,mm/s,False,False,2024-11-17T05:00:03
SN142,M042,450.4802,RPM,False,False,2024-12-01T23:06:10
SN041,M041,61.144,°C,False,False,2024-04-11T09:24:53
SN004,M004,45.2677,°C,False,False,2024-03-22T01:22:29
SN135,M035,36.3979,°C,False,False,2024-09-25T22:12:29
SN110,M010,0.6042,mm/s,False,False,2024-12-21T13:32:34
SN081,M031,83.9181,%,False,False,2024-04-15T04:27:45
SN064,M014,8.2293,mm/s,False,False,2024-11-20T02:28:18
SN071,M021,237.8622,RPM,False,False,2024-11-18T08:37:46
SN143,M043,1.4696,A,False,False,2024-11-01T07:41:35
SN009,M009,966.0411,RPM,False,False,2024-02-02T04:44:08
SN081,M031,80.4384,%,False,False,2024-10-01T20:32:13
SN029,M029,41.4826,%,False,False,2024-12-19T22:02:44
SN105,M005,9.1951,bar,False,False,2024-07-06T03:48:39
SN104,M004,9.0507,A,False,False,2024-12-11T03:08:05
SN071,M021,2796.33,RPM,False,False,2024-07-11T00:05:32
SN125,M025,45.3412,°C,False,False,2024-11-25T01:50:26
SN084,M034,1431.9114,RPM,False,False,2024-12-12T00:16:04
SN086,M036,40.752,%,False,False,2024-05-15T21:39:15
SN003,M003,482.0518,RPM,False,False,2024-04-30T05:49:25
SN103,M003,2157.7971,RPM,False,False,2024-05-30T05:08:39
SN068,M018,6.8841,bar,False,False,2024-06-10T04:22:13
SN029,M029,69.7853,%,False,False,2024-05-11T01:49:02
SN067,M017,7.2792,bar,False,False,2024-03-02T21:20:40
SN128,M028,311.7051,RPM,False,False,2024-02-14T23:25:02
SN077,M027,39.2985,A,False,False,2024-02-07T17:23:07
SN098,M048,45.8142,A,False,False,2024-01-09T04:18:18
SN020,M020,31.8803,A,False,False,2024-12-01T01:57:54
SN085,M035,5.5872,mm/s,False,False,2024-08-04T04:25:37
SN044,M044,2103.3481,RPM,False,False,2024-05-28T03:03:31
SN084,M034,748.5616,RPM,False,False,2024-10-12T02:30:41
SN075,M025,39.5844,%,False,False,2024-04-18T08:24:15
SN036,M036,43.9071,A,False,False,2024-10-24T09:20:19
SN038,M038,23.45,A,False,False,2024-09-01T08:09:31
SN005,M005,2.8778,A,False,False,2024-05-14T14:04:00
SN012,M012,2334.5473,RPM,False,False,2024-03-29T06:52:30
SN113,M013,7.5004,mm/s,False,False,2024-10-26T09:23:10
SN046,M046,718.3894,RPM,False,False,2024-08-27T18:48:26
SN114,M014,94.7597,%,True,True,2024-01-25T09:02:39
SN106,M006,6.6549,bar,False,False,2024-02-15T04:54:26
SN076,M026,75.0701,°C,False,False,2024-01-03T03:59:25
SN114,M014,63.195,%,False,False,2024-01-31T12:34:09
SN113,M013,0.5026,mm/s,False,False,2024-07-26T17:23:38
SN020,M020,10.4483,A,False,False,2024-05-19T18:57:06
SN148,M048,63.9959,%,False,False,2024-03-28T15:02:09
SN120,M020,8.4041,mm/s,False,False,2024-09-22T07:36:36
SN013,M013,2.0327,bar,False,False,2024-06-27T06:05:46
SN022,M022,83.4939,RPM,False,False,2024-07-10T23:20:25
SN111,M011,100.1467,°C,True,True,2024-12-04T03:36:18
SN118,M018,10.9615,mm/s,False,False,2024-10-02T21:01:25
SN138,M038,20.3307,°C,False,False,2024-06-23T06:54:39
SN122,M022,8.5034,A,False,False,2024-04-20T06:35:27
SN095,M045,20.748,A,False,False,2024-07-24T15:03:23
SN110,M010,5.4973,mm/s,False,False,2024-01-18T18:20:05
SN111,M011,27.972,°C,False,False,2024-02-05T20:40:05
SN041,M041,30.7453,°C,False,False,2024-10-22T01:08:02
SN060,M010,9.8511,mm/s,False,False,2024-04-10T13:32:27
SN053,M003,99.116,°C,True,True,2024-11-04T23:04:08
SN039,M039,29.6252,°C,False,False,2024-03-09T15:00:58
SN094,M044,1523.9982,RPM,False,False,2024-03-17T05:27:11
SN109,M009,50.3833,%,False,False,2024-04-18T21:24:25
SN014,M014,6.7619,bar,False,False,2024-02-09T17:06:52
SN044,M044,128.0757,RPM,False,False,2024-08-18T07:14:26
SN150,M050,9.2127,mm/s,False,False,2024-09-24T05:18:44
SN120,M020,8.8151,mm/s,False,False,2024-08-17T11:33:48
SN137,M037,25.6262,A,False,False,2024-02-05T04:29:30
SN046,M046,470.7402,RPM,False,False,2024-10-20T08:17:51
SN104,M004,2.8893,A,False,False,2024-03-24T22:55:47
SN107,M007,41.4888,RPM,False,False,2024-08-05T05:32:37
SN139,M039,93.6926,°C,True,True,2024-11-15T22:23:45
SN010,M010,75.6686,%,False,False,2024-12-05T19:32:27
SN044,M044,2095.3895,RPM,False,False,2024-06-03T15:39:09
SN062,M012,645.4819,RPM,False,False,2024-05-24T08:08:13
SN087,M037,2522.2452,RPM,False,False,2024-08-29T20:25:59
SN028,M028,45.6383,%,False,False,2024-12-15T03:23:15
SN097,M047,20.6907,A,False,False,2024-06-09T12:42:10
SN039,M039,44.6566,°C,False,False,2024-11-08T16:59:22
SN089,M039,4.3708,bar,False,False,2024-12-05T05:21:01
SN050,M050,11.2504,mm/s,False,False,2024-02-21T13:21:15
SN093,M043,40.932,A,False,False,2024-07-18T09:32:09
SN125,M025,28.7658,°C,False,False,2024-01-24T12:57:22
SN038,M038,41.4719,A,False,False,2024-05-19T15:35:31
SN012,M012,2833.3846,RPM,False,False,2024-12-20T20:22:28
SN006,M006,764.461,RPM,False,False,2024-08-25T21:12:40
SN113,M013,10.6185,mm/s,False,False,2024-11-14T05:10:49
SN053,M003,75.0402,°C,False,False,2024-11-30T19:17:33
SN144,M044,25.8867,°C,False,False,2024-11-22T06:42:16
SN138,M038,58.637,°C,False,False,2024-04-21T15:46:03
SN031,M031,46.6565,A,False,False,2024-09-05T10:38:24
SN002,M002,41.1312,%,False,False,2024-04-23T17:46:30
SN132,M032,2736.4156,RPM,False,False,2024-04-03T12:51:26
SN145,M045,0.3115,mm/s,False,False,2024-01-03T06:12:26
SN071,M021,641.6636,RPM,False,False,2024-11-11T07:43:25
SN081,M031,66.8042,%,False,False,2024-01-01T12:13:38
SN137,M037,40.498,A,False,False,2024-09-01T04:03:27
SN128,M028,1093.8672,RPM,False,False,2024-08-07T12:20:53
SN063,M013,60.8601,%,False,False,2024-01-03T01:32:14
SN073,M023,41.9699,A,False,False,2024-01-20T18:47:05
SN081,M031,73.804,%,False,False,2024-01-23T09:39:50
SN068,M018,2.0752,bar,False,False,2024-09-11T07:40:43
SN136,M036,30.4673,%,False,False,2024-06-25T21:03:21
SN109,M009,27.4396,%,False,False,2024-03-14T00:57:55
SN002,M002,70.3002,%,False,False,2024-05-04T12:35:48
SN013,M013,2.0053,bar,False,False,2024-08-30T00:29:44
SN140,M040,39.9122,°C,False,False,2024-07-09T15:54:46
SN085,M035,2.3912,mm/s,False,False,2024-07-29T12:53:11
SN131,M031,25.7421,A,False,False,2024-03-10T21:15:07
SN125,M025,43.2556,°C,False,False,2024-07-17T06:24:09
SN043,M043,8.9383,mm/s,False,False,2024-06-21T14:13:20
SN042,M042,33.5895,°C,False,False,2024-01-06T02:32:42
SN095,M045,45.6977,A,False,False,2024-05-20T02:13:57
SN019,M019,17.5652,A,False,False,2024-01-22T18:45:34
SN030,M030,1.7898,mm/s,False,False,2024-06-30T19:08:54
SN021,M021,1247.4849,RPM,False,False,2024-07-17T02:53:37
SN122,M022,46.564,A,False,False,2024-05-14T04:32:24
SN004,M004,27.4167,°C,False,False,2024-12-02T02:36:31
SN031,M031,30.1674,A,False,False,2024-02-04T02:17:32
SN132,M032,3576.5737,RPM,True,True,2024-11-15T02:58:07
SN075,M025,21.4453,%,False,False,2024-10-03T23:21:54
SN001,M001,58.391,°C,False,False,2024-01-17T04:48:31
SN071,M021,1064.9931,RPM,False,False,2024-05-08T15:11:57
SN110,M010,10.4219,mm/s,False,False,2024-03-23T15:49:18
SN056,M006,2.3092,bar,False,False,2024-06-07T03:03:38
SN038,M038,18.177,A,False,False,2024-08-10T01:02:56
SN150,M050,2.5778,mm/s,False,False,2024-06-29T18:28:30
SN052,M002,12.352,bar,True,True,2024-09-18T21:43:32
SN095,M045,9.6736,A,False,False,2024-01-19T19:27:57
SN097,M047,17.431,A,False,False,2024-03-18T03:58:12
SN106,M006,4.731,bar,False,False,2024-02-27T18:05:44
SN078,M028,75.5215,%,False,False,2024-03-20T01:33:20
SN123,M023,40.1526,A,False,False,2024-08-27T02:16:25
SN023,M023,3.66,bar,False,False,2024-11-12T03:58:33
SN018,M018,42.4454,A,False,False,2024-05-31T05:12:09
SN149,M049,31.5239,°C,False,False,2024-04-25T12:43:04
SN054,M004,3.9745,bar,False,False,2024-09-26T06:24:50
SN050,M050,3.4911,mm/s,False,False,2024-10-14T02:11:23
SN081,M031,59.0498,%,False,False,2024-11-03T15:49:00
SN072,M022,4.7961,mm/s,False,False,2024-10-22T09:34:55
SN031,M031,35.822,A,False,False,2024-08-14T16:05:57
SN082,M032,8.7872,bar,False,False,2024-05-28T03:35:50
SN060,M010,10.5916,mm/s,False,False,2024-02-11T20:39:59
SN137,M037,26.1531,A,False,False,2024-07-04T23:53:12
SN106,M006,3.0388,bar,False,False,2024-09-18T16:09:50
SN012,M012,22.3292,RPM,False,False,2024-03-01T10:48:19
SN054,M004,2.8872,bar,False,False,2024-07-20T05:28:28
SN135,M035,34.5385,°C,False,False,2024-09-13T20:49:53
SN146,M046,70.3378,%,False,False,2024-05-05T23:35:18
SN007,M007,33.9011,A,False,False,2024-02-29T15:16:52
SN127,M027,12.2559,mm/s,True,True,2024-10-29T05:27:46
SN080,M030,74.6952,%,False,False,2024-12-22T02:11:28
SN112,M012,1221.9129,RPM,False,False,2024-04-27T18:08:42
SN120,M020,13.619,mm/s,True,True,2024-02-29T08:29:48
SN100,M050,12.6821,mm/s,True,True,2024-05-02T03:08:56
SN123,M023,28.7838,A,False,False,2024-06-14T16:23:29
SN052,M002,1.246,bar,False,False,2024-03-20T16:13:07
SN125,M025,23.5164,°C,False,False,2024-08-03T10:40:35
SN135,M035,28.9445,°C,False,False,2024-03-14T18:03:50
SN012,M012,84.1963,RPM,False,False,2024-08-24T09:32:57
SN149,M049,37.8972,°C,False,False,2024-07-13T04:11:58
SN013,M013,4.9671,bar,False,False,2024-02-08T13:18:56
SN135,M035,44.0675,°C,False,False,2024-02-10T12:15:50
SN001,M001,60.1089,°C,False,False,2024-12-06T07:21:49
SN106,M006,4.432,bar,False,False,2024-07-23T19:44:24
SN045,M045,6.5265,bar,False,False,2024-12-07T12:13:26
SN109,M009,57.5957,%,False,False,2024-01-05T09:04:29
SN004,M004,73.7161,°C,False,False,2024-06-03T22:27:34
SN130,M030,5.9688,mm/s,False,False,2024-12-05T21:51:43
SN041,M041,22.8522,°C,False,False,2024-10-09T07:18:44
SN042,M042,53.0661,°C,False,False,2024-04-13T09:42:58
SN097,M047,44.1227,A,False,False,2024-06-13T00:01:32
SN140,M040,61.1651,°C,False,False,2024-08-19T18:25:07
SN035,M035,13.5605,A,False,False,2024-09-15T13:57:04
SN117,M017,5.0487,mm/s,False,False,2024-03-25T06:03:44
SN032,M032,87.9177,°C,True,True,2024-03-23T09:10:30
SN068,M018,1.0373,bar,False,False,2024-07-31T01:43:34
SN089,M039,3.1971,bar,False,False,2024-12-18T18:14:11
SN136,M036,56.0892,%,False,False,2024-01-18T07:00:46
SN070,M020,1521.8549,RPM,False,False,2024-03-15T17:16:29
SN066,M016,2268.3603,RPM,False,False,2024-07-28T09:34:44
SN097,M047,21.7488,A,False,False,2024-10-12T22:09:24
SN035,M035,8.6829,A,False,False,2024-03-25T02:24:18
SN018,M018,23.9568,A,False,False,2024-01-12T11:26:54
SN109,M009,68.974,%,False,False,2024-06-10T04:17:07
SN077,M027,43.7903,A,False,False,2024-08-23T06:50:34
SN148,M048,64.7857,%,False,False,2024-03-27T10:30:25
SN007,M007,34.428,A,False,False,2024-01-04T08:17:25
SN055,M005,2.4703,bar,False,False,2024-09-06T11:44:34
SN086,M036,75.0825,%,False,False,2024-06-19T10:03:13
SN028,M028,68.1394,%,False,False,2024-12-05T14:51:29
SN135,M035,21.4048,°C,False,False,2024-12-13T17:07:06
SN021,M021,2720.8431,RPM,False,False,2024-07-07T23:32:42
SN139,M039,25.9797,°C,False,False,2024-09-02T08:14:39
SN113,M013,0.8872,mm/s,False,False,2024-11-13T21:25:41
SN043,M043,1.3616,mm/s,False,False,2024-07-04T15:28:20
SN087,M037,391.9474,RPM,False,False,2024-07-05T14:20:24
SN071,M021,718.2889,RPM,False,False,2024-03-17T06:31:05
SN029,M029,55.6724,%,False,False,2024-06-23T14:25:02
SN058,M008,1.3317,bar,False,False,2024-09-09T03:43:43
SN123,M023,6.406,A,False,False,2024-07-24T00:10:11
SN080,M030,80.364,%,False,False,2024-06-20T02:02:52
SN134,M034,43.4861,A,False,False,2024-04-08T06:45:06
SN004,M004,40.1722,°C,False,False,2024-06-23T09:10:37
SN076,M026,43.4613,°C,False,False,2024-02-15T09:04:00
SN125,M025,39.2341,°C,False,False,2024-06-14T23:58:43
SN088,M038,39.2028,°C,False,False,2024-05-13T10:36:39
SN077,M027,15.8698,A,False,False,2024-11-02T03:00:26
SN109,M009,31.4313,%,False,False,2024-03-10T09:11:26
SN147,M047,85.1054,%,False,False,2024-03-03T22:06:35
SN035,M035,19.9511,A,False,False,2024-08-27T04:31:37
SN070,M020,3519.683,RPM,True,True,2024-02-08T09:45:03
SN081,M031,37.0159,%,False,False,2024-03-29T09:59:16
SN133,M033,34.0703,A,False,False,2024-12-26T07:52:34
SN060,M010,7.6485,mm/s,False,False,2024-07-23T03:04:50
SN056,M006,6.2373,bar,False,False,2024-11-08T01:01:16
SN052,M002,6.6645,bar,False,False,2024-08-23T06:40:45
SN135,M035,29.4245,°C,False,False,2024-09-08T05:32:10
SN065,M015,23.7972,A,False,False,2024-06-12T14:30:02
SN048,M048,74.2765,°C,False,False,2024-02-03T17:44:55
SN016,M016,4.5765,mm/s,False,False,2024-07-12T02:35:25
SN069,M019,1.4403,bar,False,False,2024-12-20T22:18:41
SN080,M030,62.6944,%,False,False,2024-01-31T18:13:02
SN079,M029,1651.9239,RPM,False,False,2024-06-08T09:22:42
SN038,M038,29.7776,A,False,False,2024-01-02T13:54:29
SN103,M003,3563.5242,RPM,True,True,2024-02-27T17:28:50
SN110,M010,3.2532,mm/s,False,False,2024-05-31T14:25:43
SN010,M010,48.423,%,False,False,2024-04-20T13:59:52
SN010,M010,76.1431,%,False,False,2024-01-03T11:13:53
SN013,M013,4.6524,bar,False,False,2024-05-18T02:35:58
SN083,M033,10.7475,mm/s,False,False,2024-12-29T07:25:02
SN064,M014,12.5052,mm/s,True,True,2024-12-09T17:35:39
SN133,M033,40.575,A,False,False,2024-02-20T14:25:09
SN126,M026,2457.2573,RPM,False,False,2024-09-09T18:02:43
SN041,M041,20.2581,°C,False,False,2024-09-08T03:46:22
SN081,M031,66.7725,%,False,False,2024-05-11T23:51:46
SN141,M041,44.3619,A,False,False,2024-06-26T18:31:54
SN051,M001,70.6793,%,False,False,2024-03-18T00:14:38
SN041,M041,80.2552,°C,False,False,2024-05-25T01:25:29
SN103,M003,302.0646,RPM,False,False,2024-10-18T01:41:44
SN115,M015,6.0672,mm/s,False,False,2024-09-16T08:40:27
SN104,M004,3.1219,A,False,False,2024-02-15T19:19:33
SN127,M027,7.626,mm/s,False,False,2024-04-08T04:31:22
SN001,M001,41.7242,°C,False,False,2024-01-09T17:13:15
SN105,M005,2.2554,bar,False,False,2024-06-27T00:25:56
SN108,M008,2.9325,mm/s,False,False,2024-04-30T10:26:54
SN148,M048,69.9625,%,False,False,2024-06-09T17:48:12
SN087,M037,1228.509,RPM,False,False,2024-09-23T08:15:29
SN092,M042,40.9522,%,False,False,2024-03-15T17:53:30
SN073,M023,23.2914,A,False,False,2024-11-26T00:27:15
SN068,M018,9.4657,bar,False,False,2024-01-06T18:38:02
SN041,M041,62.593,°C,False,False,2024-12-06T16:15:04
SN091,M041,70.938,°C,False,False,2024-12-16T18:36:27
SN141,M041,23.6803,A,False,False,2024-05-19T11:31:22
SN144,M044,39.223,°C,False,False,2024-12-27T22:48:32
SN048,M048,63.961,°C,False,False,2024-09-18T09:47:59
SN089,M039,2.391,bar,False,False,2024-11-02T13:24:13
SN136,M036,75.0544,%,False,False,2024-03-04T23:00:52
SN059,M009,60.9157,A,True,True,2024-06-04T02:21:47
SN071,M021,58.3411,RPM,False,False,2024-09-12T21:05:53
SN064,M014,11.3576,mm/s,False,False,2024-08-22T05:15:24
SN127,M027,3.1835,mm/s,False,False,2024-09-06T20:37:16
SN074,M024,8.843,mm/s,False,False,2024-02-26T11:58:11
SN080,M030,49.904,%,False,False,2024-06-15T10:43:19
SN128,M028,2084.6645,RPM,False,False,2024-12-07T00:59:48
SN014,M014,8.2825,bar,False,False,2024-07-02T11:32:00
SN117,M017,7.2537,mm/s,False,False,2024-10-23T21:49:23
SN101,M001,75.4958,°C,False,False,2024-07-05T17:37:42
SN039,M039,67.9447,°C,False,False,2024-11-08T19:31:45
SN131,M031,36.7438,A,False,False,2024-02-09T21:55:39
SN145,M045,4.6748,mm/s,False,False,2024-08-31T19:41:51
SN020,M020,57.859,A,True,True,2024-06-20T18:27:55
SN144,M044,79.7958,°C,False,False,2024-08-26T07:14:52
SN131,M031,27.0711,A,False,False,2024-01-26T15:25:31
SN098,M048,6.2289,A,False,False,2024-02-19T23:21:13
SN129,M029,43.285,%,False,False,2024-05-15T09:41:13
SN121,M021,143.3911,RPM,False,False,2024-12-23T04:59:02
SN047,M047,6.7504,mm/s,False,False,2024-01-01T16:27:00
SN088,M038,48.5265,°C,False,False,2024-08-10T12:31:33
SN146,M046,70.2397,%,False,False,2024-11-17T23:16:12
